dateImaged,cellline,location,mag,Area,Round,passage,construct,well,trial,ch1,ch2_uncorrected,ch2,ch3,D/A_before,Efret_before,Ef_GS_calculated,Norm_Ef_IDR/Ef_GS,FPorder
11/16/2020,U2-OS,nucleus,40X,10.246,1,23.0,p53,E1,Trial01,3290.217,3750.835,1370.98815,3347.536,2.399887263795825,0.2941273996489942,0.3110143949028502,0.9457034930517254,O
11/16/2020,U2-OS,nucleus,40X,10.246,1,23.0,p53,E1,Trial01,3381.979,3705.485,1276.4361900000004,3350.526,2.649548035769809,0.2740065318222527,0.3110143949028502,0.881009163282756,O
11/16/2020,U2-OS,nucleus,40X,10.246,1,23.0,p53,E1,Trial01,4154.268,4735.309,1749.8537700000002,4124.701,2.3740658055101367,0.2963783333350864,0.3110143949028502,0.9529408869569025,O
11/16/2020,U2-OS,nucleus,40X,10.246,1,23.0,p53,E1,Trial01,4527.248,5015.01,1782.86525,4382.649,2.53931024792816,0.2825409274548282,0.3110143949028502,0.908449679774738,O
11/16/2020,U2-OS,nucleus,40X,10.246,1,23.0,p53,E1,Trial01,2917.691,3269.856,1081.22885,3380.268,2.698495327793001,0.2703802253000895,0.3110143949028502,0.8693495533688934,O
11/16/2020,U2-OS,nucleus,40X,10.246,1,23.0,p53,E1,Trial01,3484.546,4116.887,1582.7752300000002,3617.381,2.201541908133096,0.3123494955538866,0.3110143949028502,1.0042927294457011,O
11/16/2020,U2-OS,nucleus,40X,10.246,1,23.0,p53,E10,Trial01,5858.258,6514.876,2350.58282,5575.876,2.492257643574541,0.2863477160225894,0.3110143949028502,0.9206895909497508,O
11/16/2020,U2-OS,nucleus,40X,10.246,1,23.0,p53,E10,Trial01,3576.701,3874.67,1321.90841,3458.474,2.7057101482545223,0.2698538093895508,0.3110143949028502,0.8676569760503963,O
11/16/2020,U2-OS,nucleus,40X,10.246,1,23.0,p53,E10,Trial01,6525.227,7130.66,2232.6302399999995,7577.155,2.9226635396643204,0.2549288232060745,0.3110143949028502,0.8196688879487561,O
11/16/2020,U2-OS,nucleus,40X,10.246,1,23.0,p53,E11,Trial01,3429.722,3758.371,1182.84552,3988.278,2.899551921201004,0.2564397192824181,0.3110143949028502,0.8245268498344609,O
11/16/2020,U2-OS,nucleus,40X,10.246,1,23.0,p53,E11,Trial01,7526.093,8151.216,2718.9861600000004,7596.845,2.7679776788565924,0.2653943534780848,0.3110143949028502,0.8533185531846027,O
11/16/2020,U2-OS,nucleus,40X,10.246,1,23.0,p53,E11,Trial01,7899.505,8938.124,3084.92181,8770.866,2.5606824051077006,0.2808450421092113,0.3110143949028502,0.9029969246180302,O
11/16/2020,U2-OS,nucleus,40X,10.246,1,23.0,p53,E11,Trial01,6280.052,6916.67,2175.19287,7437.103,2.8871242116566886,0.2572595948956828,0.3110143949028502,0.8271629838099342,O
11/16/2020,U2-OS,nucleus,40X,10.246,1,23.0,p53,E12,Trial01,2448.0,2830.639,1068.12992,2447.732,2.291856031895445,0.303779992293345,0.3110143949028502,0.9767393319149585,O
11/16/2020,U2-OS,nucleus,40X,10.246,1,23.0,p53,E12,Trial01,4585.124,5165.423,1731.2317599999994,5284.608,2.6484749794562465,0.2740871201339678,0.3110143949028502,0.8812682776936509,O
11/16/2020,U2-OS,nucleus,40X,10.246,1,23.0,p53,E12,Trial01,5259.948,5721.752,1865.1414,5625.464,2.8201336370529333,0.2617709470424329,0.3110143949028502,0.8416682678761567,O
11/16/2020,U2-OS,nucleus,40X,10.246,1,23.0,p53,E12,Trial01,5621.33,6381.855,2208.2336599999994,6285.876,2.545622821454502,0.2820378958385018,0.3110143949028502,0.9068322896327689,O
11/16/2020,U2-OS,nucleus,40X,10.246,1,23.0,p53,E2,Trial01,4281.845,5135.67,1970.48129,4714.794,2.17299449719718,0.315159701941915,0.3110143949028502,1.0133283446264911,O
11/16/2020,U2-OS,nucleus,40X,10.246,1,23.0,p53,E5,Trial01,6656.505,7414.825,2696.14146,6267.031,2.4689005004952524,0.2882757807141573,0.3110143949028502,0.9268888689354857,O
11/16/2020,U2-OS,nucleus,40X,10.246,1,23.0,p53,E5,Trial01,7252.083,8671.0,3293.2869900000005,8074.258,2.2020804813005377,0.31229696000453,0.3110143949028502,1.0041238126681578,O
11/16/2020,U2-OS,nucleus,40X,10.246,1,23.0,p53,E6,Trial01,5014.814,5725.052,1992.89745,5654.227,2.516343226792729,0.2843863455593622,0.3110143949028502,0.9143832254072817,O
11/16/2020,U2-OS,nucleus,40X,10.246,1,23.0,p53,E7,Trial01,8436.093,9395.773,3293.2056699999985,8586.516,2.56166600126132,0.2807674834321529,0.3110143949028502,0.9027475513467942,O
11/16/2020,U2-OS,nucleus,40X,10.246,1,23.0,p53,E8,Trial01,8015.67,9639.268,3845.95738,8131.608,2.084180662449255,0.3242352214237233,0.3110143949028502,1.0425087286554784,O
11/16/2020,U2-OS,nucleus,40X,10.246,1,23.0,E1A,F1,Trial01,4412.381,9679.072,5889.564240000001,7636.557,0.7491863268987792,0.5716943841957366,0.35270815175530545,1.6208709136735657,O
11/16/2020,U2-OS,nucleus,40X,10.246,1,23.0,E1A,F10,Trial01,2668.691,4363.99,2172.3545699999995,4090.68,1.2284785535724034,0.4487366496738017,0.35270815175530545,1.2722605004749563,O
11/16/2020,U2-OS,nucleus,40X,10.246,1,23.0,E1A,F10,Trial01,2582.062,5055.835,2856.99502,4370.248,0.9037684636916168,0.5252739600806758,0.35270815175530545,1.4892594839857558,O
11/16/2020,U2-OS,nucleus,40X,10.246,1,23.0,E1A,F2,Trial01,3390.175,5857.855,3049.269119999999,5325.227,1.1117992104284982,0.4735298673575568,0.35270815175530545,1.3425543611650703,O
11/16/2020,U2-OS,nucleus,40X,10.246,1,23.0,E1A,F2,Trial01,1694.783,2456.928,1153.75798,2131.237,1.4689241846023895,0.4050347135957299,0.35270815175530545,1.1483565423141298,O
11/16/2020,U2-OS,nucleus,40X,10.246,1,23.0,E1A,F3,Trial01,4240.546,8970.814,5307.90879,7449.557,0.7989108644800207,0.5558919120148025,0.35270815175530545,1.5760676617433487,O
11/16/2020,U2-OS,nucleus,40X,10.246,1,23.0,E1A,F4,Trial01,3736.165,7295.278,4028.94184,6769.309,0.9273315794501517,0.5188520805980308,0.35270815175530545,1.4710521376267742,O
11/16/2020,U2-OS,nucleus,40X,10.246,1,23.0,E1A,F4,Trial01,1724.588,2612.959,1274.9531899999995,2231.443,1.352667700686329,0.4250494023054238,0.35270815175530545,1.2051022926181354,O
11/16/2020,U2-OS,nucleus,40X,10.246,1,23.0,E1A,F4,Trial01,2158.371,3647.485,1875.72757,3304.32,1.150684691380849,0.4649682047803805,0.35270815175530545,1.3182802905642976,O
11/16/2020,U2-OS,nucleus,40X,10.246,1,23.0,E1A,F4,Trial01,1278.247,1765.309,808.6477199999997,1469.423,1.580721701657677,0.3874885073263301,0.35270815175530545,1.0986094463593625,O
11/16/2020,U2-OS,nucleus,40X,10.246,1,23.0,E1A,F5,Trial01,3958.443,8106.289,4694.368259999999,6915.505,0.8432323117317603,0.5425252116270013,0.35270815175530545,1.5381703227641395,O
11/16/2020,U2-OS,nucleus,40X,10.246,1,23.0,E1A,F5,Trial01,2816.103,5225.351,2820.3404599999994,4802.505,0.9984975360031536,0.5003758983861074,0.35270815175530545,1.4186683690068151,O
11/16/2020,U2-OS,nucleus,40X,10.246,1,23.0,E1A,F5,Trial01,2685.959,4766.845,2487.7382,4502.887,1.0796791237920451,0.480843409235469,0.35270815175530545,1.3632897534193045,O
11/16/2020,U2-OS,nucleus,40X,10.246,1,23.0,E1A,F6,Trial01,3122.732,5793.175,3067.626,5634.216,1.0179637283032543,0.4955490457902435,0.35270815175530545,1.4049832512349623,O
11/16/2020,U2-OS,nucleus,40X,10.246,1,23.0,E1A,F6,Trial01,2964.134,5875.031,3282.32961,5377.423,0.9030579960554296,0.5254700603306645,0.35270815175530545,1.4898154684420626,O
11/16/2020,U2-OS,nucleus,40X,10.246,1,23.0,E1A,F8,Trial01,4838.526,9573.021,5285.3159000000005,9069.928,0.9154658097163122,0.5220662227054337,0.35270815175530545,1.480164890171356,O
11/16/2020,U2-OS,nucleus,40X,10.246,1,23.0,E1A,F9,Trial01,2459.526,4862.351,2751.28265,4250.103,0.8939561335146718,0.5279953333154922,0.35270815175530545,1.4969751356407375,O
11/16/2020,U2-OS,nucleus,40X,10.246,1,23.0,Ash1,G1,Trial01,9691.453,10176.206,3373.3241900000003,8770.588,2.872968162600464,0.258199901991593,0.2673352210574209,0.9658282248418522,O
11/16/2020,U2-OS,nucleus,40X,10.246,1,23.0,Ash1,G1,Trial01,6969.113,7231.021,2053.4635599999992,7810.145,3.3938332950013503,0.2275917024748415,0.2673352210574209,0.8513345214095718,O
11/16/2020,U2-OS,nucleus,40X,10.246,1,23.0,Ash1,G1,Trial01,3869.144,3851.144,1037.94731,4013.423,3.727688258087012,0.2115198687835299,0.2673352210574209,0.7912158672803445,O
11/16/2020,U2-OS,nucleus,40X,10.246,1,23.0,Ash1,G1,Trial01,5258.134,5194.186,1425.9465099999998,5165.413,3.687469314679974,0.2133347298654845,0.2673352210574209,0.7980045765075688,O
11/16/2020,U2-OS,nucleus,40X,10.246,1,23.0,Ash1,G10,Trial01,9184.804,9865.175,3174.0378999999984,9595.742,2.8937285216411577,0.2568232465211808,0.2673352210574209,0.9606786771505045,O
11/16/2020,U2-OS,nucleus,40X,10.246,1,23.0,Ash1,G12,Trial01,4888.113,4564.196,1206.9891799999996,4034.247,4.049839949683726,0.1980260780468162,0.2673352210574209,0.7407406972547108,O
11/16/2020,U2-OS,nucleus,40X,10.246,1,23.0,Ash1,G12,Trial01,6349.567,6064.66,1497.0419399999994,6328.145,4.241408894663301,0.1907883968026574,0.2673352210574209,0.7136672678145839,O
11/16/2020,U2-OS,nucleus,40X,10.246,1,23.0,Ash1,G12,Trial01,3353.763,3221.021,850.4074100000001,3121.68,3.94371328443622,0.2022771027495054,0.2673352210574209,0.7566421736328499,O
11/16/2020,U2-OS,nucleus,40X,10.246,1,23.0,Ash1,G12,Trial01,7998.773,8349.989,2639.44784,7743.113,3.0304720854040443,0.2481098935336634,0.2673352210574209,0.928085317573519,O
11/16/2020,U2-OS,nucleus,40X,10.246,1,23.0,Ash1,G12,Trial01,6730.299,7064.732,2358.8312,5993.907,2.853234686738076,0.2595222147879453,0.2673352210574209,0.9707744971329555,O
11/16/2020,U2-OS,nucleus,40X,10.246,1,23.0,Ash1,G12,Trial01,3571.515,3585.897,1106.96356,3084.371,3.2264070192157,0.2366075949271851,0.2673352210574209,0.8850595667540724,O
11/16/2020,U2-OS,nucleus,40X,10.246,1,23.0,Ash1,G12,Trial01,3822.629,3869.443,1167.6295100000002,3556.948,3.273837263671076,0.2339817682110421,0.2673352210574209,0.875237341662456,O
11/16/2020,U2-OS,nucleus,40X,10.246,1,23.0,Ash1,G3,Trial01,6185.083,6345.227,1907.45338,6103.577,3.2425867205205297,0.2357052585780281,0.2673352210574209,0.8816842675862788,O
11/16/2020,U2-OS,nucleus,40X,10.246,1,23.0,Ash1,G3,Trial01,4547.299,4427.34,1150.34865,4562.752,3.952974604699193,0.2018988748804078,0.2673352210574209,0.7552273661577947,O
11/16/2020,U2-OS,nucleus,40X,10.246,1,23.0,Ash1,G3,Trial01,6752.0,6246.536,1458.2499899999996,6366.979,4.630207472176977,0.177613348165541,0.2673352210574209,0.6643843914879867,O
11/16/2020,U2-OS,nucleus,40X,10.246,1,23.0,Ash1,G4,Trial01,9140.989,9660.804,3077.68376,9149.453,2.970087154113586,0.2518836391195732,0.2673352210574209,0.9422014732038286,O
11/16/2020,U2-OS,nucleus,40X,10.246,1,23.0,Ash1,G4,Trial01,10157.649,10340.783,3205.8757199999995,9217.649,3.1684475279659314,0.2398974662127911,0.2673352210574209,0.8973657315481955,O
11/16/2020,U2-OS,nucleus,40X,10.246,1,23.0,Ash1,G4,Trial01,10157.649,10340.783,3205.8757199999995,9217.649,3.1684475279659314,0.2398974662127911,0.2673352210574209,0.8973657315481955,O
11/16/2020,U2-OS,nucleus,40X,10.246,1,23.0,Ash1,G5,Trial01,5447.742,5546.752,1589.7428500000003,5630.031,3.4268070461836007,0.2258964507753079,0.2673352210574209,0.8449932256654936,O
11/16/2020,U2-OS,nucleus,40X,10.246,1,23.0,Ash1,G5,Trial01,6482.062,6670.825,1936.06122,6838.268,3.348066648429641,0.2299872750021351,0.2673352210574209,0.8602954526247634,O
11/16/2020,U2-OS,nucleus,40X,10.246,1,23.0,Ash1,G5,Trial01,8852.124,9232.31,2703.97974,9666.866,3.2737390258700683,0.2339871466055219,0.2673352210574209,0.8752574602029854,O
11/16/2020,U2-OS,nucleus,40X,10.246,1,23.0,Ash1,G5,Trial01,6036.165,6005.443,1518.6356700000003,6777.052,3.9747288432912935,0.2010159812727395,0.2673352210574209,0.7519247949358805,O
11/16/2020,U2-OS,nucleus,40X,10.246,1,23.0,Ash1,G5,Trial01,8393.423,8471.382,2387.813879999999,8605.547,3.515107718529555,0.2214786583930431,0.2673352210574209,0.8284679344420229,O
11/16/2020,U2-OS,nucleus,40X,10.246,1,23.0,Ash1,G5,Trial01,4341.196,4462.093,1375.8990599999995,4133.474,3.1551704090850974,0.2406640165259032,0.2673352210574209,0.9002331064869712,O
11/16/2020,U2-OS,nucleus,40X,10.246,1,23.0,Ash1,G5,Trial01,2531.588,2470.794,653.8781299999997,2500.917,3.8716511286285127,0.2052692143990869,0.2673352210574209,0.7678345321920644,O
11/16/2020,U2-OS,nucleus,40X,10.246,1,23.0,Ash1,G6,Trial01,10122.959,9969.124,2746.6821699999987,9775.124,3.6855225226149866,0.2134233685087273,0.2673352210574209,0.7983361401634621,O
11/16/2020,U2-OS,nucleus,40X,10.246,1,23.0,Ash1,G6,Trial01,9251.536,9498.124,2843.21759,9218.907,3.2538965827093103,0.2350785874919176,0.2673352210574209,0.8793401279565219,O
11/16/2020,U2-OS,nucleus,40X,10.246,1,23.0,Ash1,G7,Trial01,3685.979,3664.804,1031.22912,3578.979,3.574355037607937,0.2186100536094218,0.2673352210574209,0.8177375683784912,O
11/16/2020,U2-OS,nucleus,40X,10.246,1,23.0,Ash1,G8,Trial01,6680.186,7291.855,2521.2044599999995,6474.484,2.6496010561555177,0.274002551131821,0.2673352210574209,1.0249399613265624,O
11/16/2020,U2-OS,nucleus,40X,10.246,1,23.0,Ash1,G9,Trial01,6570.495,6574.701,1650.6205499999996,7587.99,3.980621106407528,0.200778171765266,0.2673352210574209,0.7510352394686552,O
11/16/2020,U2-OS,nucleus,40X,10.246,1,23.0,Ash1,G9,Trial01,4786.701,4585.402,1164.40593,4652.866,4.110852475648248,0.1956620749209088,0.2673352210574209,0.7318978552357774,O
3/7/2021,U2-OS,nucleus,40X,10.246,1,12.0,FUS,A1,Trial1,4420.021,4211.443,1061.8959800000005,4247.031,4.162386037095646,0.1937088766346112,0.10850186161949626,1.7853046366515468,O
3/7/2021,U2-OS,nucleus,40X,10.246,1,12.0,FUS,A1,Trial1,1727.32,1685.619,525.8698899999999,1285.629,3.284690819624604,0.233389068686084,0.10850186161949626,2.151014417656289,O
3/7/2021,U2-OS,nucleus,40X,10.246,1,12.0,FUS,A1,Trial1,3047.32,2841.402,769.7896399999997,2402.804,3.958639921420612,0.2016682025408104,0.10850186161949626,1.8586612204686213,O
3/7/2021,U2-OS,nucleus,40X,10.246,1,12.0,FUS,A1,Trial1,4533.742,4227.134,1087.09387,3879.773,4.170515651974011,0.1934043076763954,0.10850186161949626,1.7824975976416184,O
3/7/2021,U2-OS,nucleus,40X,10.246,1,12.0,FUS,A1,Trial1,7256.433,7098.598,2037.95771,6393.32,3.5606396366291624,0.2192674887023336,0.10850186161949626,2.0208638398415673,O
3/7/2021,U2-OS,nucleus,40X,10.246,1,12.0,FUS,A1,Trial1,7256.433,7098.598,2037.95771,6393.32,3.5606396366291624,0.2192674887023336,0.10850186161949626,2.0208638398415673,O
3/7/2021,U2-OS,nucleus,40X,10.246,1,12.0,FUS,A1,Trial1,2515.948,2666.804,903.60291,2261.835,2.7843513695634288,0.2642460761024318,0.10850186161949626,2.4354059198459916,O
3/7/2021,U2-OS,nucleus,40X,10.246,1,12.0,FUS,A1,Trial1,1882.402,1793.32,544.2024599999999,1323.392,3.459010457247842,0.2242650044416385,0.10850186161949626,2.066923102463536,O
3/7/2021,U2-OS,nucleus,40X,10.246,1,12.0,FUS,A1,Trial1,2659.062,2467.649,749.6157099999998,1624.897,3.5472335551772263,0.2199139296158333,0.10850186161949626,2.0268217183871604,O
3/7/2021,U2-OS,nucleus,40X,10.246,1,12.0,FUS,A1,Trial1,1674.825,1667.598,595.5330199999999,970.567,2.8123125733649506,0.2623079773118779,0.10850186161949626,2.417543564660321,O
3/7/2021,U2-OS,nucleus,40X,10.246,1,12.0,FUS,B2,Trial1,5526.052,5509.0,1560.3410299999998,5367.639,3.5415668073536466,0.2201883276011293,0.10850186161949626,2.0293506886849997,O
3/7/2021,U2-OS,nucleus,40X,10.246,1,12.0,FUS,B2,Trial1,4234.639,4248.134,1351.09588,3435.155,3.134225381547312,0.2418832810768849,0.10850186161949626,2.229300746241038,O
3/7/2021,U2-OS,nucleus,40X,10.246,1,12.0,FUS,C1,Trial1,10222.577,10388.412,3124.1612800000003,9717.289,3.272102840990334,0.2340767620116995,0.10850186161949626,2.157352496241771,O
3/7/2021,U2-OS,nucleus,40X,10.246,1,12.0,FUS,C1,Trial1,5041.392,4756.258,1243.5683399999994,4425.01,4.053972618826886,0.1978641507227075,0.10850186161949626,1.823601436596495,O
3/7/2021,U2-OS,nucleus,40X,10.246,1,12.0,FUS,C1,Trial1,3114.732,2955.134,806.6806999999999,2619.186,3.8611708449204256,0.205711757908062,0.10850186161949626,1.8959283724501412,O
3/7/2021,U2-OS,nucleus,40X,10.246,1,12.0,FUS,D1,Trial1,1722.454,1866.948,736.4837000000001,1145.072,2.338753729376495,0.2995129563469624,0.10850186161949626,2.7604407138867386,O
3/7/2021,U2-OS,nucleus,40X,10.246,1,12.0,FUS,D1,Trial1,8916.577,8894.021,2423.91777,9180.618,3.6785806475604974,0.2137400368467345,0.10850186161949626,1.9699204571834592,O
3/7/2021,U2-OS,nucleus,40X,10.246,1,12.0,FUS,D2,Trial1,8783.34,8467.402,2158.7890999999995,8702.33,4.06864199935047,0.1972915033510251,0.10850186161949626,1.8183236711910442,O
3/7/2021,U2-OS,nucleus,40X,10.246,1,12.0,FUS,D2,Trial1,3583.567,3509.278,968.9255899999996,3374.01,3.698495567652415,0.2128340839320289,0.10850186161949626,1.9615708039961004,O
3/7/2021,U2-OS,nucleus,40X,10.246,1,12.0,FUS,D2,Trial1,2611.99,2488.289,704.3720900000003,2102.959,3.708253119455654,0.2123929989803979,0.10850186161949626,1.9575055746530514,O
3/7/2021,U2-OS,nucleus,40X,10.246,1,12.0,FUS,D2,Trial1,1654.34,2138.701,961.45798,1581.278,1.720657620419355,0.3675581934656896,0.10850186161949626,3.3875749962214887,O
3/7/2021,U2-OS,nucleus,40X,10.246,1,12.0,FUS,E1,Trial1,2463.134,2400.876,704.0149800000003,2060.0,3.498695439690785,0.2222866636352547,0.10850186161949626,2.048689859486364,O
3/7/2021,U2-OS,nucleus,40X,10.246,1,12.0,FUS,E2,Trial1,5606.99,5847.083,1671.3659699999994,6336.907,3.354735049439832,0.2296350957398968,0.10850186161949626,2.1164161822881993,O
3/7/2021,U2-OS,nucleus,40X,10.246,1,12.0,FUS,E2,Trial1,2816.567,3120.0,1033.60857,3124.268,2.724984178488381,0.2684575160815328,0.10850186161949626,2.4742203688908386,O
3/7/2021,U2-OS,nucleus,40X,10.246,1,12.0,FUS,E2,Trial1,3443.99,3728.866,1160.8627700000002,3908.887,2.966750324846751,0.2520955235665439,0.10850186161949626,2.3234211819389268,O
3/7/2021,U2-OS,nucleus,40X,10.246,1,12.0,FUS,F1,Trial1,4034.629,4292.423,1334.4977899999994,4313.536,3.023331346243744,0.2485502470318827,0.10850186161949626,2.2907463827995898,O
3/7/2021,U2-OS,nucleus,40X,10.246,1,12.0,FUS,G1,Trial1,4599.103,4672.34,1420.3598900000002,4286.608,3.237984282983378,0.2359612337438963,0.10850186161949626,2.1747206013053084,O
3/7/2021,U2-OS,nucleus,40X,10.246,1,12.0,FUS,G2,Trial1,3497.258,3066.804,982.67364,1213.598,3.558921149039878,0.2193501416910013,0.10850186161949626,2.021625605468756,O
3/7/2021,U2-OS,nucleus,40X,10.246,1,12.0,FUS,H1,Trial1,6392.546,6619.021,2140.20119,5740.897,2.986890218484554,0.2508220555870001,0.10850186161949626,2.3116843512473975,O
3/7/2021,U2-OS,nucleus,40X,10.246,1,12.0,FUS,H2,Trial1,9951.557,9506.268,2391.939659999999,9684.227,4.160454866992759,0.1937813672969389,0.10850186161949626,1.785972741891823,O
3/8/2021,U2-OS,nucleus,40X,10.246,1,12.0,FUS,A3,Trial1,6122.897,6336.361,1787.9823399999996,6859.175,3.424472861404213,0.2260156252111411,0.10850186161949626,2.083057579267647,O
3/8/2021,U2-OS,nucleus,40X,10.246,1,12.0,FUS,B3,Trial1,2200.515,2161.979,679.1973999999998,1665.835,3.239875476555123,0.2358559833961196,0.10850186161949626,2.173750568660654,O
3/8/2021,U2-OS,nucleus,40X,10.246,1,12.0,FUS,D3,Trial1,6952.227,6912.474,2025.93216,6325.587,3.431618855391486,0.2256511745777516,0.10850186161949626,2.079698644886709,O
3/8/2021,U2-OS,nucleus,40X,10.246,1,12.0,FUS,D3,Trial1,6632.423,7202.113,2485.3688100000004,6324.0,2.668587041614962,0.2725845096917167,0.10850186161949626,2.512256523741866,O
3/8/2021,U2-OS,nucleus,40X,10.246,1,12.0,FUS,D4,Trial1,3083.753,2936.093,771.8370399999997,2788.773,3.995342073762101,0.2001864907815768,0.10850186161949626,1.845005125198756,O
3/8/2021,U2-OS,nucleus,40X,10.246,1,12.0,FUS,D4,Trial1,3245.876,3109.423,854.2174899999994,2815.217,3.7998238598462817,0.2083409785858321,0.10850186161949626,1.9201604053252126,O
3/8/2021,U2-OS,nucleus,40X,10.246,1,12.0,FUS,D4,Trial1,3006.649,2864.289,785.5833100000002,2553.588,3.8272821758395033,0.2071559033787147,0.10850186161949626,1.9092382405860184,O
3/8/2021,U2-OS,nucleus,40X,10.246,1,12.0,FUS,D4,Trial1,2283.299,2183.887,622.8476700000001,1846.794,3.6659027720212864,0.2143207968233757,0.10850186161949626,1.975272991858651,O
3/8/2021,U2-OS,nucleus,40X,10.246,1,12.0,FUS,E3,Trial1,443.619,577.021,262.33397,418.784,1.6910467218561138,0.37160261539802,0.10850186161949626,3.4248501348408955,O
3/8/2021,U2-OS,nucleus,40X,10.246,1,12.0,FUS,E4,Trial1,2979.041,2853.196,832.9243899999997,2323.052,3.57660435420795,0.2185026108015109,0.10850186161949626,2.013814394888217,O
3/8/2021,U2-OS,nucleus,40X,10.246,1,12.0,FUS,F3,Trial1,5213.649,5329.855,1652.1510299999993,4813.0,3.1556733648012814,0.2406348892745132,0.10850186161949626,2.21779502842442,O
3/8/2021,U2-OS,nucleus,40X,10.246,1,12.0,FUS,G3,Trial1,2808.247,2434.649,606.4718299999997,1788.454,4.6304656887361135,0.1776052027100573,0.10850186161949626,1.6368862253525072,O
3/8/2021,U2-OS,nucleus,40X,10.246,1,12.0,FUS,G4,Trial1,1598.237,1602.969,491.2725299999999,1392.794,3.2532594484776105,0.2351138020413814,0.10850186161949626,2.1669103048747576,O
3/8/2021,U2-OS,nucleus,40X,10.246,1,12.0,FUS,G4,Trial1,1245.443,1232.639,398.3261099999999,916.99,3.1266918455333004,0.2423248542491469,0.10850186161949626,2.233370475236201,O
3/31/2021,U2-OS,nucleus,40X,10.246,1,15.0,FUS,A1,Trial2,9412.866,10333.588,3555.69767,9416.165,2.647262752235063,0.2741782174555958,0.10850186161949626,2.5269448225423794,O
3/31/2021,U2-OS,nucleus,40X,10.246,1,15.0,FUS,A1,Trial2,8236.516,9650.289,3444.985400000001,9683.948,2.3908710904841564,0.2949094711404135,0.10850186161949626,2.7180130067687465,O
3/31/2021,U2-OS,nucleus,40X,10.246,1,15.0,FUS,A1,Trial2,4236.113,4799.979,1770.4700899999998,4128.258,2.392648723029261,0.2947549486075618,0.10850186161949626,2.7165888603942485,O
3/31/2021,U2-OS,nucleus,40X,10.246,1,15.0,FUS,A1,Trial2,1137.113,1261.371,455.7320900000001,1068.258,2.4951348060655545,0.2861119972438751,0.10850186161949626,2.6369316892205727,O
3/31/2021,U2-OS,nucleus,40X,10.246,1,15.0,FUS,A1,Trial2,1254.763,1386.031,491.8137899999999,1206.278,2.5512969044645946,0.2815872699190054,0.10850186161949626,2.5952298487421355,O
3/31/2021,U2-OS,nucleus,40X,10.246,1,15.0,FUS,A2,Trial2,4162.691,4503.031,1546.9355699999996,3946.68,2.6909271987326537,0.2709346313694207,0.10850186161949626,2.4970505328245682,O
3/31/2021,U2-OS,nucleus,40X,10.246,1,15.0,FUS,A2,Trial2,1287.701,1405.856,499.75226,1176.959,2.5766786927586884,0.2795889946795028,0.10850186161949626,2.5768128814230833,O
3/31/2021,U2-OS,nucleus,40X,10.246,1,15.0,FUS,B1,Trial2,3739.907,3859.01,1179.64745,3669.536,3.1703599240603624,0.2397874567685697,0.10850186161949626,2.2099847245891238,O
3/31/2021,U2-OS,nucleus,40X,10.246,1,15.0,FUS,B2,Trial2,3275.113,3282.113,979.6271599999998,2982.505,3.343223966963105,0.2302437101117826,0.10850186161949626,2.1220254350954937,O
3/31/2021,U2-OS,nucleus,40X,10.246,1,15.0,FUS,B2,Trial2,1681.299,1774.371,580.40106,1594.113,2.89678830014542,0.2566215875680703,0.10850186161949626,2.3651353418065133,O
3/31/2021,U2-OS,nucleus,40X,10.246,1,15.0,FUS,B3,Trial2,2080.423,2220.928,730.6314199999999,2040.381,2.847431609223704,0.2599136519029041,0.10850186161949626,2.395476427993391,O
3/31/2021,U2-OS,nucleus,40X,10.246,1,15.0,FUS,B3,Trial2,2351.083,2678.629,888.5458699999998,2863.206,2.6459894524072243,0.2742739695365166,0.10850186161949626,2.5278273150590205,O
3/31/2021,U2-OS,nucleus,40X,10.246,1,15.0,FUS,B3,Trial2,7920.66,8381.299,2694.9655800000005,7833.598,2.939057945222439,0.2538678064416059,0.10850186161949626,2.339755306060015,O
3/31/2021,U2-OS,nucleus,40X,10.246,1,15.0,FUS,B3,Trial2,10004.217,10604.887,3423.3013800000003,9891.319,2.922388621243742,0.2549466910504426,0.10850186161949626,2.3496987723999774,O
3/31/2021,U2-OS,nucleus,40X,10.246,1,15.0,FUS,C1,Trial2,8790.783,9742.217,3279.2695600000006,9493.855,2.6807137501681924,0.2716864358045513,0.10850186161949626,2.5039794870739165,O
3/31/2021,U2-OS,nucleus,40X,10.246,1,15.0,FUS,C1,Trial2,7798.381,8542.165,2816.1727,8383.423,2.7691416083963887,0.2653123983912767,0.10850186161949626,2.4452336064214015,O
3/31/2021,U2-OS,nucleus,40X,10.246,1,15.0,FUS,C1,Trial2,8439.072,8796.402,2690.71224,8594.64,3.1363710598796697,0.2417578078764265,0.10850186161949626,2.2281443310552933,O
3/31/2021,U2-OS,nucleus,40X,10.246,1,15.0,FUS,C1,Trial2,4238.103,4513.351,1487.7214999999997,4102.289,2.848720677895696,0.2598265978986956,0.10850186161949626,2.394674100706936,O
3/31/2021,U2-OS,nucleus,40X,10.246,1,15.0,FUS,C2,Trial2,1341.247,1428.948,470.81881,1301.412,2.8487540674086493,0.2598243437968734,0.10850186161949626,2.394653325931383,O
3/31/2021,U2-OS,nucleus,40X,10.246,1,15.0,FUS,C2,Trial2,4532.083,4500.546,1238.8214600000006,4524.845,3.658382701894749,0.214666776860832,0.10850186161949626,1.9784616932531909,O
3/31/2021,U2-OS,nucleus,40X,10.246,1,15.0,FUS,C2,Trial2,3032.083,2976.165,800.5713799999997,2992.577,3.787398695166946,0.2088817045903314,0.10850186161949626,1.9251439696293495,O
3/31/2021,U2-OS,nucleus,40X,10.246,1,15.0,FUS,D1,Trial2,7033.381,6392.917,1490.00059,6185.392,4.720388063738955,0.1748133149110833,0.10850186161949626,1.611154982060435,O
3/31/2021,U2-OS,nucleus,40X,10.246,1,15.0,FUS,D3,Trial2,9944.433,10153.072,3192.79361,8893.31,3.114649493425916,0.2430340668379472,0.10850186161949626,2.2399068846416674,O
3/31/2021,U2-OS,nucleus,40X,10.246,1,15.0,FUS,E2,Trial2,5383.711,5292.145,1433.77621,5289.484,3.754917233561854,0.2103086028378482,0.10850186161949626,1.9382948799106934,O
3/31/2021,U2-OS,nucleus,40X,10.246,1,15.0,FUS,E2,Trial2,5071.206,5064.598,1492.98072,4651.99,3.396698920532611,0.2274433655964009,0.10850186161949626,2.096216251054005,O
3/31/2021,U2-OS,nucleus,40X,10.246,1,15.0,FUS,E2,Trial2,6675.948,7034.33,2158.94572,7037.536,3.0922259592520005,0.2443657828178152,0.10850186161949626,2.25218055405149,O
3/31/2021,U2-OS,nucleus,40X,10.246,1,15.0,FUS,E2,Trial2,3337.113,3360.557,981.78134,3211.083,3.399038934677655,0.2273223799218945,0.10850186161949626,2.0951011948448253,O
3/31/2021,U2-OS,nucleus,40X,10.246,1,15.0,FUS,E3,Trial2,4335.206,4506.052,1395.0478499999997,4280.763,3.107567959048861,0.2434530627294984,0.10850186161949626,2.2437685316705505,O
3/31/2021,U2-OS,nucleus,40X,10.246,1,15.0,FUS,F1,Trial2,2994.165,3082.113,985.9272699999996,2680.412,3.0369025090461297,0.2477146767253212,0.10850186161949626,2.2830454061150443,O
3/31/2021,U2-OS,nucleus,40X,10.246,1,15.0,FUS,F1,Trial2,9104.402,8152.804,2024.0337,6860.196,4.498147436972023,0.181879444206161,0.10850186161949626,1.6762794802912377,O
3/31/2021,U2-OS,nucleus,40X,10.246,1,15.0,FUS,F3,Trial2,3446.876,3426.66,941.8869499999996,3462.783,3.659543218005093,0.2146133114799466,0.10850186161949626,1.977968933220438,O
3/31/2021,U2-OS,nucleus,40X,10.246,1,15.0,FUS,F3,Trial2,2892.361,2898.887,816.64377,2891.01,3.5417658301611725,0.2201786788211653,0.10850186161949626,2.029261761363201,O
3/31/2021,U2-OS,nucleus,40X,10.246,1,15.0,FUS,G2,Trial2,2877.783,3094.907,1087.4443400000002,2538.093,2.6463726869919606,0.2742451432809903,0.10850186161949626,2.527561639842982,O
3/31/2021,U2-OS,nucleus,40X,10.246,1,15.0,FUS,G2,Trial2,4260.505,4365.495,1351.94422,3976.227,3.1513911128670684,0.2408831094956436,0.10850186161949626,2.2200827331460298,O
3/31/2021,U2-OS,nucleus,40X,10.246,1,15.0,FUS,G2,Trial2,8068.299,6961.381,1486.73891,6307.598,5.426843237727598,0.1555973847517681,0.10850186161949626,1.4340526736530153,O
3/31/2021,U2-OS,nucleus,40X,10.246,1,15.0,FUS,G3,Trial2,3351.722,3318.144,949.0645299999996,3119.299,3.531606012080129,0.2206723173493569,0.10850186161949626,2.033811347156694,O
3/31/2021,U2-OS,nucleus,40X,10.246,1,15.0,FUS,H3,Trial2,5641.66,5831.917,1651.5772600000005,6264.526,3.4159225466691145,0.2264532471825824,0.10850186161949626,2.087090892290201,O
11/16/2020,U2-OS,cytoplasm,40X,10.246,1,23.0,p53,E1,Trial01,2237.423,2663.402,1037.04198,2318.557,2.157504752121992,0.3167057782978641,0.3110143949028502,1.0182994211467018,O
11/16/2020,U2-OS,cytoplasm,40X,10.246,1,23.0,p53,E1,Trial01,1218.381,1417.021,543.7510299999999,1197.516,2.240696445209493,0.3085756462868448,0.3110143949028502,0.9921587275188108,O
11/16/2020,U2-OS,cytoplasm,40X,10.246,1,23.0,p53,E1,Trial01,3483.948,4062.783,1530.0477999999998,3611.804,2.2770190578359712,0.3051553812629839,0.3110143949028502,0.9811615997976671,O
11/16/2020,U2-OS,cytoplasm,40X,10.246,1,23.0,p53,E1,Trial01,1726.526,2073.072,812.02322,1821.0,2.1262027457786243,0.3198768862161357,0.3110143949028502,1.0284954376984827,O
11/16/2020,U2-OS,cytoplasm,40X,10.246,1,23.0,p53,E1,Trial01,1393.206,1644.33,606.37321,1576.619,2.29760480348398,0.3032504073694585,0.3110143949028502,0.9750365653145512,O
11/16/2020,U2-OS,cytoplasm,40X,10.246,1,23.0,p53,E1,Trial01,1452.516,1757.68,704.5977499999999,1490.783,2.0614825976949263,0.3266391260080744,0.3110143949028502,1.0502379676352434,O
11/16/2020,U2-OS,cytoplasm,40X,10.246,1,23.0,p53,E10,Trial01,3643.619,4219.505,1607.2468099999996,3584.948,2.266994077903941,0.3060917700351592,0.3110143949028502,0.9841723568157394,O
11/16/2020,U2-OS,cytoplasm,40X,10.246,1,23.0,p53,E10,Trial01,2825.711,3172.423,1147.3424899999998,2776.072,2.462831303319029,0.2887810327466796,0.3110143949028502,0.9285133983489237,O
11/16/2020,U2-OS,cytoplasm,40X,10.246,1,23.0,p53,E10,Trial01,2762.33,3077.835,1013.01611,3162.021,2.726837187219066,0.2683240371834411,0.3110143949028502,0.8627383220228632,O
11/16/2020,U2-OS,cytoplasm,40X,10.246,1,23.0,p53,E11,Trial01,2650.711,3005.773,998.25341,3171.804,2.6553488056704952,0.2735717035946646,0.3110143949028502,0.8796110664913713,O
11/16/2020,U2-OS,cytoplasm,40X,10.246,1,23.0,p53,E11,Trial01,2566.433,2973.887,1083.1739500000003,2792.124,2.36936366499582,0.2967919463217813,0.3110143949028502,0.9542707706969271,O
11/16/2020,U2-OS,cytoplasm,40X,10.246,1,23.0,p53,E11,Trial01,4311.804,5103.381,1916.2967200000005,4746.464,2.2500711685192467,0.3076855699918739,0.3110143949028502,0.9892968783261106,O
11/16/2020,U2-OS,cytoplasm,40X,10.246,1,23.0,p53,E11,Trial01,3339.412,3761.247,1231.92674,3997.01,2.710722879511488,0.2694892700075864,0.3110143949028502,0.866484877948383,O
11/16/2020,U2-OS,cytoplasm,40X,10.246,1,23.0,p53,E12,Trial01,1469.134,1769.113,707.97523,1486.825,2.075120622511045,0.3251904958392924,0.3110143949028502,1.0455802084044061,O
11/16/2020,U2-OS,cytoplasm,40X,10.246,1,23.0,p53,E12,Trial01,1745.206,2002.247,714.11555,1911.433,2.4438706032938224,0.2903709561687856,0.3110143949028502,0.9336254556947022,O
11/16/2020,U2-OS,cytoplasm,40X,10.246,1,23.0,p53,E12,Trial01,3305.227,3733.052,1295.38948,3609.959,2.551531451374763,0.2815686735965437,0.3110143949028502,0.9053236062739015,O
11/16/2020,U2-OS,cytoplasm,40X,10.246,1,23.0,p53,E12,Trial01,2750.732,3009.186,1046.1585300000002,2658.629,2.6293644042648103,0.2755303377155833,0.3110143949028502,0.8859086339127458,O
11/16/2020,U2-OS,cytoplasm,40X,10.246,1,23.0,p53,E2,Trial01,3979.959,4735.299,1778.19355,4461.722,2.238203484654412,0.3088132060690194,0.3110143949028502,0.9929225499851273,O
11/16/2020,U2-OS,cytoplasm,40X,10.246,1,23.0,p53,E5,Trial01,3702.01,4135.021,1547.5560699999996,3291.577,2.39216534493642,0.2947969507125376,0.3110143949028502,0.9478562907180602,O
11/16/2020,U2-OS,cytoplasm,40X,10.246,1,23.0,p53,E5,Trial01,4926.103,6144.268,2465.9547,5618.309,1.997645374426384,0.3335951639013856,0.3110143949028502,1.0726036137510253,O
11/16/2020,U2-OS,cytoplasm,40X,10.246,1,23.0,p53,E6,Trial01,3166.557,3584.351,1275.1445,3320.691,2.48329267781024,0.2870846904052422,0.3110143949028502,0.9230591738202896,O
11/16/2020,U2-OS,cytoplasm,40X,10.246,1,23.0,p53,E7,Trial01,3969.072,4527.773,1642.92987,4111.763,2.4158499230402333,0.2927529085089203,0.3110143949028502,0.9412841119471844,O
11/16/2020,U2-OS,cytoplasm,40X,10.246,1,23.0,p53,E8,Trial01,5208.216,6384.392,2648.2092999999995,5135.938,1.966693493599619,0.3370756035827133,0.3110143949028502,1.0837942201614292,O
11/16/2020,U2-OS,cytoplasm,40X,10.246,1,23.0,E1A,F1,Trial01,2280.237,5088.402,3106.18461,4072.062,0.7340957754600427,0.5766694170826335,0.35270815175530545,1.6349761529830003,O
11/16/2020,U2-OS,cytoplasm,40X,10.246,1,23.0,E1A,F10,Trial01,1275.608,2203.887,1170.7498500000002,1879.289,1.0895649484815222,0.4785685176843609,0.35270815175530545,1.3568399689734765,O
11/16/2020,U2-OS,cytoplasm,40X,10.246,1,23.0,E1A,F10,Trial01,1451.268,2762.567,1522.85312,2476.536,0.9529927613767504,0.5120346679088846,0.35270815175530545,1.45172337344818,O
11/16/2020,U2-OS,cytoplasm,40X,10.246,1,23.0,E1A,F2,Trial01,1578.825,3069.876,1701.90568,2795.753,0.927680669119102,0.5187581200661068,0.35270815175530545,1.4707857402343227,O
11/16/2020,U2-OS,cytoplasm,40X,10.246,1,23.0,E1A,F2,Trial01,1219.814,2020.484,1019.6874899999998,1864.711,1.1962625921791,0.4553189602923639,0.35270815175530545,1.2909227020311276,O
11/16/2020,U2-OS,cytoplasm,40X,10.246,1,23.0,E1A,F3,Trial01,3248.247,7369.278,4525.075559999999,5908.587,0.7178326542684296,0.5821288805491175,0.35270815175530545,1.650454852410031,O
11/16/2020,U2-OS,cytoplasm,40X,10.246,1,23.0,E1A,F4,Trial01,1726.32,3451.093,1933.83561,3170.041,0.8926922180319143,0.5283479217977839,0.35270815175530545,1.4979747963532473,O
11/16/2020,U2-OS,cytoplasm,40X,10.246,1,23.0,E1A,F4,Trial01,968.907,1602.804,829.8413300000001,1365.484,1.1675810362446035,0.4613437667514054,0.35270815175530545,1.308004264872979,O
11/16/2020,U2-OS,cytoplasm,40X,10.246,1,23.0,E1A,F4,Trial01,997.701,1749.227,932.64639,1514.732,1.0697527065965482,0.4831495070946789,0.35270815175530545,1.3698280141533796,O
11/16/2020,U2-OS,cytoplasm,40X,10.246,1,23.0,E1A,F4,Trial01,622.351,889.289,428.35475,689.938,1.4528868887294937,0.4076828836236976,0.35270815175530545,1.155864647853479,O
11/16/2020,U2-OS,cytoplasm,40X,10.246,1,23.0,E1A,F5,Trial01,2233.67,4922.711,2953.55486,4133.216,0.7562649437295368,0.56939017291801,0.35270815175530545,1.6143380017851974,O
11/16/2020,U2-OS,cytoplasm,40X,10.246,1,23.0,E1A,F5,Trial01,1616.052,3165.763,1762.62943,2876.979,0.9168416074841096,0.5216915138400604,0.35270815175530545,1.4791025136328255,O
11/16/2020,U2-OS,cytoplasm,40X,10.246,1,23.0,E1A,F5,Trial01,1253.577,2350.505,1307.3373500000002,1993.536,0.9588779820296572,0.5104963194102919,0.35270815175530545,1.4473618397242305,O
11/16/2020,U2-OS,cytoplasm,40X,10.246,1,23.0,E1A,F6,Trial01,1860.186,3544.783,1924.53902,3338.66,0.966561852302688,0.5085016770914575,0.35270815175530545,1.4417066193702133,O
11/16/2020,U2-OS,cytoplasm,40X,10.246,1,23.0,E1A,F6,Trial01,1250.65,2386.794,1316.0058199999996,2147.072,0.9503377424273096,0.5127317070506164,0.35270815175530545,1.4536996224752095,O
11/16/2020,U2-OS,cytoplasm,40X,10.246,1,23.0,E1A,F8,Trial01,1987.402,4176.124,2373.3704499999994,3944.371,0.8373753873947494,0.5442545964534333,0.35270815175530545,1.543073483685784,O
11/16/2020,U2-OS,cytoplasm,40X,10.246,1,23.0,E1A,F9,Trial01,1453.722,2874.052,1639.6384800000003,2441.794,0.886611297387946,0.5300508914499354,0.35270815175530545,1.5028030648343595,O
11/16/2020,U2-OS,cytoplasm,40X,10.246,1,23.0,Ash1,G1,Trial01,5267.557,5159.083,1535.2345399999997,4379.175,3.4311089691872105,0.2256771401817789,0.2673352210574209,0.8441728676421044,O
11/16/2020,U2-OS,cytoplasm,40X,10.246,1,23.0,Ash1,G1,Trial01,2554.103,2700.948,808.7721799999997,2834.217,3.15800056327358,0.240500207920295,0.2673352210574209,0.8996203604187193,O
11/16/2020,U2-OS,cytoplasm,40X,10.246,1,23.0,Ash1,G1,Trial01,2486.536,2551.804,737.36998,2613.526,3.372168744922325,0.2287194429907041,0.2673352210574209,0.8555529723544264,O
11/16/2020,U2-OS,cytoplasm,40X,10.246,1,23.0,Ash1,G1,Trial01,2497.701,2530.217,759.0246100000002,2354.794,3.2906719585811577,0.2330637274658211,0.2673352210574209,0.8718032982857928,O
11/16/2020,U2-OS,cytoplasm,40X,10.246,1,23.0,Ash1,G10,Trial01,4166.804,4447.969,1425.1328199999998,4286.474,2.923800463735023,0.2548549573920257,0.2673352210574209,0.9533160515998205,O
11/16/2020,U2-OS,cytoplasm,40X,10.246,1,23.0,Ash1,G12,Trial01,2435.959,2412.99,687.9874999999997,2283.917,3.540702411017643,0.2202302440198639,0.2673352210574209,0.823798088215846,O
11/16/2020,U2-OS,cytoplasm,40X,10.246,1,23.0,Ash1,G12,Trial01,2418.866,2466.938,718.2304300000001,2456.361,3.3678133074924155,0.2289475143739843,0.2673352210574209,0.8564061011803928,O
11/16/2020,U2-OS,cytoplasm,40X,10.246,1,23.0,Ash1,G12,Trial01,1275.32,1343.165,436.52669,1214.309,2.9215166660256213,0.2550033788364541,0.2673352210574209,0.9538712401149788,O
11/16/2020,U2-OS,cytoplasm,40X,10.246,1,23.0,Ash1,G12,Trial01,3442.598,3819.928,1316.9532099999997,3570.515,2.614062499608472,0.2766969304234043,0.2673352210574209,1.0350186156876524,O
11/16/2020,U2-OS,cytoplasm,40X,10.246,1,23.0,Ash1,G12,Trial01,4354.206,4387.67,1350.1390399999998,3841.062,3.225005626087222,0.2366860753570404,0.2673352210574209,0.8853531323738394,O
11/16/2020,U2-OS,cytoplasm,40X,10.246,1,23.0,Ash1,G12,Trial01,1783.041,1897.567,644.88257,1619.33,2.764908035892488,0.2656107374912135,0.2673352210574209,0.9935493588933536,O
11/16/2020,U2-OS,cytoplasm,40X,10.246,1,23.0,Ash1,G12,Trial01,1643.773,1717.783,578.4364999999998,1411.299,2.841751860403001,0.2602979152055644,0.2673352210574209,0.9736760991536354,O
11/16/2020,U2-OS,cytoplasm,40X,10.246,1,23.0,Ash1,G3,Trial01,1689.381,1852.309,650.9175599999999,1610.629,2.595383968439875,0.2781344103377989,0.2673352210574209,1.040395684630191,O
11/16/2020,U2-OS,cytoplasm,40X,10.246,1,23.0,Ash1,G3,Trial01,2344.423,2386.392,678.86879,2447.258,3.4534258085424723,0.2245462354131554,0.2673352210574209,0.8399425804238684,O
11/16/2020,U2-OS,cytoplasm,40X,10.246,1,23.0,Ash1,G3,Trial01,2539.67,2407.691,595.7055299999997,2452.423,4.263297673264844,0.1899949541291469,0.2673352210574209,0.7106992987218018,O
11/16/2020,U2-OS,cytoplasm,40X,10.246,1,23.0,Ash1,G4,Trial01,3383.237,3511.196,1094.4044399999998,3282.505,3.0913955356394576,0.2444153813262903,0.2673352210574209,0.9142655440593528,O
11/16/2020,U2-OS,cytoplasm,40X,10.246,1,23.0,Ash1,G4,Trial01,5366.907,5568.701,1849.9817,4601.361,2.901059507777834,0.2563406166981624,0.2673352210574209,0.9588733414333871,O
11/16/2020,U2-OS,cytoplasm,40X,10.246,1,23.0,Ash1,G4,Trial01,5366.907,5568.701,1849.9817,4601.361,2.901059507777834,0.2563406166981624,0.2673352210574209,0.9588733414333871,O
11/16/2020,U2-OS,cytoplasm,40X,10.246,1,23.0,Ash1,G5,Trial01,2593.959,2644.175,784.2421300000001,2553.34,3.3075996567539665,0.2321478502376796,0.2673352210574209,0.8683773478086397,O
11/16/2020,U2-OS,cytoplasm,40X,10.246,1,23.0,Ash1,G5,Trial01,2792.134,2855.959,833.5584699999997,2855.629,3.3496558435786765,0.2299032465927811,0.2673352210574209,0.8599811341110202,O
11/16/2020,U2-OS,cytoplasm,40X,10.246,1,23.0,Ash1,G5,Trial01,1858.629,1876.175,533.4688100000001,1882.278,3.4840443624061166,0.2230129586548971,0.2673352210574209,0.8342071717029614,O
11/16/2020,U2-OS,cytoplasm,40X,10.246,1,23.0,Ash1,G5,Trial01,2530.938,2516.031,698.7112199999999,2504.856,3.6222947729392416,0.2163427581153844,0.2673352210574209,0.809256473051548,O
11/16/2020,U2-OS,cytoplasm,40X,10.246,1,23.0,Ash1,G5,Trial01,2694.052,2686.959,804.9291699999997,2390.433,3.346942936606461,0.2300467281451531,0.2673352210574209,0.8605178443574458,O
11/16/2020,U2-OS,cytoplasm,40X,10.246,1,23.0,Ash1,G5,Trial01,1707.783,1796.309,598.1903299999999,1542.072,2.8549157590026577,0.2594090409536523,0.2673352210574209,0.9703511566024959,O
11/16/2020,U2-OS,cytoplasm,40X,10.246,1,23.0,Ash1,G5,Trial01,1129.278,1199.052,382.0169899999999,1150.093,2.95609365436862,0.2527746022634535,0.2673352210574209,0.9455342295101477,O
11/16/2020,U2-OS,cytoplasm,40X,10.246,1,23.0,Ash1,G6,Trial01,4075.423,4036.505,1158.1448000000005,3780.979,3.5189235404761123,0.221291639710868,0.2673352210574209,0.8277683682515473,O
11/16/2020,U2-OS,cytoplasm,40X,10.246,1,23.0,Ash1,G6,Trial01,4393.907,4466.897,1341.0802799999997,4194.979,3.276393714476214,0.2338418926711202,0.2673352210574209,0.8747141201454085,O
11/16/2020,U2-OS,cytoplasm,40X,10.246,1,23.0,Ash1,G7,Trial01,1516.742,1564.32,479.5934899999999,1478.175,3.1625575234559595,0.2402369202984013,0.2673352210574209,0.898635500957058,O
11/16/2020,U2-OS,cytoplasm,40X,10.246,1,23.0,Ash1,G8,Trial01,1692.969,1916.66,708.38778,1636.835,2.389890181335426,0.2949948070606984,0.2673352210574209,1.1034640549564418,O
11/16/2020,U2-OS,cytoplasm,40X,10.246,1,23.0,Ash1,G9,Trial01,4356.0,4415.454,1149.6284799999994,5037.608,3.78905018080276,0.208809672533516,0.2673352210574209,0.7810780476571241,O
11/16/2020,U2-OS,cytoplasm,40X,10.246,1,23.0,Ash1,G9,Trial01,2144.959,2167.887,645.7151700000002,2028.124,3.3218346101424245,0.2313832180558721,0.2673352210574209,0.8655171478739545,O
3/7/2021,U2-OS,cytoplasm,40X,10.246,1,12.0,FUS,A1,Trial1,1738.742,1821.041,556.4853499999999,1805.381,3.124506332466794,0.2424532584974642,0.10850186161949626,2.23455390422443,O
3/7/2021,U2-OS,cytoplasm,40X,10.246,1,12.0,FUS,A1,Trial1,942.247,1072.917,404.20473999999984,891.165,2.331113187836442,0.3001999462676619,0.10850186161949626,2.7667723095888355,O
3/7/2021,U2-OS,cytoplasm,40X,10.246,1,12.0,FUS,A1,Trial1,2623.938,2595.598,800.3539299999998,2129.247,3.2784720629784387,0.2337282995611883,0.10850186161949626,2.154140915856789,O
3/7/2021,U2-OS,cytoplasm,40X,10.246,1,12.0,FUS,A1,Trial1,2222.196,2237.309,672.1351200000001,2039.0,3.3061745084827576,0.2322246806370931,0.10850186161949626,2.140282914697618,O
3/7/2021,U2-OS,cytoplasm,40X,10.246,1,12.0,FUS,A1,Trial1,6045.577,6027.557,1757.8557299999995,5608.134,3.439177002312927,0.2252669806765925,0.10850186161949626,2.0761577480262807,O
3/7/2021,U2-OS,cytoplasm,40X,10.246,1,12.0,FUS,A1,Trial1,6045.577,6027.557,1757.8557299999995,5608.134,3.439177002312927,0.2252669806765925,0.10850186161949626,2.0761577480262807,O
3/7/2021,U2-OS,cytoplasm,40X,10.246,1,12.0,FUS,A1,Trial1,894.062,1041.144,410.95439,822.825,2.175574763905065,0.3149036235475939,0.10850186161949626,2.9022877473929913,O
3/7/2021,U2-OS,cytoplasm,40X,10.246,1,12.0,FUS,A1,Trial1,1087.65,1184.629,417.0521699999998,1005.907,2.607947106473515,0.2771659257991233,0.10850186161949626,2.5544808325143102,O
3/7/2021,U2-OS,cytoplasm,40X,10.246,1,12.0,FUS,A1,Trial1,1690.258,1758.01,579.49829,1487.763,2.916760979570794,0.2553130010270838,0.10850186161949626,2.353074843291054,O
3/7/2021,U2-OS,cytoplasm,40X,10.246,1,12.0,FUS,A1,Trial1,829.753,966.588,386.88676,736.485,2.144692157467472,0.3179961503148639,0.10850186161949626,2.9307898092112037,O
3/7/2021,U2-OS,cytoplasm,40X,10.246,1,12.0,FUS,B2,Trial1,4589.248,4790.752,1444.7073100000007,4809.175,3.176593603586042,0.2394295674689046,0.10850186161949626,2.2066862622925028,O
3/7/2021,U2-OS,cytoplasm,40X,10.246,1,12.0,FUS,B2,Trial1,2420.093,2636.072,929.02142,2233.691,2.604991605037481,0.2773931563675869,0.10850186161949626,2.5565750875351174,O
3/7/2021,U2-OS,cytoplasm,40X,10.246,1,12.0,FUS,C1,Trial1,6334.32,6490.907,1940.67605,6279.165,3.263975973733483,0.2345228974459752,0.10850186161949626,2.1614642730133093,O
3/7/2021,U2-OS,cytoplasm,40X,10.246,1,12.0,FUS,C1,Trial1,2710.083,2811.845,904.3264699999996,2479.866,2.996797163307628,0.2502003377055117,0.10850186161949626,2.3059543308384507,O
3/7/2021,U2-OS,cytoplasm,40X,10.246,1,12.0,FUS,C1,Trial1,1708.433,2067.01,846.4401400000003,1658.423,2.018374270388452,0.3313041758308204,0.10850186161949626,3.053442317816321,O
3/7/2021,U2-OS,cytoplasm,40X,10.246,1,12.0,FUS,D1,Trial1,1108.258,1361.763,579.6166899999998,1025.103,1.912053291633132,0.3434003089411808,0.10850186161949626,3.164925502803323,O
3/7/2021,U2-OS,cytoplasm,40X,10.246,1,12.0,FUS,D1,Trial1,8501.598,8585.804,2395.90669,8863.423,3.5483844322835463,0.2198582848235507,0.10850186161949626,2.026308871958057,O
3/7/2021,U2-OS,cytoplasm,40X,10.246,1,12.0,FUS,D2,Trial1,6126.557,5545.186,1221.7254499999997,5665.186,5.014675760417369,0.1662600013422183,0.10850186161949626,1.5323239515030007,O
3/7/2021,U2-OS,cytoplasm,40X,10.246,1,12.0,FUS,D2,Trial1,1769.608,1916.577,650.62924,1726.608,2.719840872814139,0.2688287037513727,0.10850186161949626,2.4776413947082725,O
3/7/2021,U2-OS,cytoplasm,40X,10.246,1,12.0,FUS,D2,Trial1,1697.701,1625.505,419.0439,1614.103,4.051367887708185,0.1979661791083091,0.10850186161949626,1.824541774246732,O
3/7/2021,U2-OS,cytoplasm,40X,10.246,1,12.0,FUS,D2,Trial1,1511.711,1901.907,838.2651399999997,1381.237,1.803380491284656,0.3567121919799576,0.10850186161949626,3.287613564004154,O
3/7/2021,U2-OS,cytoplasm,40X,10.246,1,12.0,FUS,E1,Trial1,696.505,818.887,328.7642599999999,636.711,2.118554492510835,0.3206613841128914,0.10850186161949626,2.9553537545504476,O
3/7/2021,U2-OS,cytoplasm,40X,10.246,1,12.0,FUS,E2,Trial1,2295.021,2523.959,817.9756599999996,2576.959,2.8057326302349894,0.2627614961848368,0.10850186161949626,2.4217233903904027,O
3/7/2021,U2-OS,cytoplasm,40X,10.246,1,12.0,FUS,E2,Trial1,2080.124,2311.495,777.25523,2272.495,2.67624316918395,0.2720168264119426,0.10850186161949626,2.5070245095505803,O
3/7/2021,U2-OS,cytoplasm,40X,10.246,1,12.0,FUS,E2,Trial1,2184.856,2432.113,808.5414699999995,2450.515,2.7022188484654985,0.270108289361252,0.10850186161949626,2.4894346081221275,O
3/7/2021,U2-OS,cytoplasm,40X,10.246,1,12.0,FUS,F1,Trial1,1922.887,2168.948,746.5320599999998,2122.557,2.575759438918136,0.2796608712309111,0.10850186161949626,2.577475326751997,O
3/7/2021,U2-OS,cytoplasm,40X,10.246,1,12.0,FUS,G1,Trial1,2719.814,3015.68,1022.1090699999996,2905.629,2.6609821591740697,0.2731507438500065,0.10850186161949626,2.5174751822039254,O
3/7/2021,U2-OS,cytoplasm,40X,10.246,1,12.0,FUS,G2,Trial1,1844.041,1613.691,448.1571200000001,990.485,4.114719855393572,0.195514129468006,0.10850186161949626,1.8019426261426914,O
3/7/2021,U2-OS,cytoplasm,40X,10.246,1,12.0,FUS,H1,Trial1,5588.371,5652.814,1722.58461,5096.804,3.24417794490803,0.2356168881184056,0.10850186161949626,2.171546963357065,O
3/7/2021,U2-OS,cytoplasm,40X,10.246,1,12.0,FUS,H2,Trial1,4819.113,4870.33,1367.5341,4992.979,3.5239435711328886,0.2210460816489758,0.10850186161949626,2.0372561203065747,O
3/8/2021,U2-OS,cytoplasm,40X,10.246,1,12.0,FUS,A3,Trial1,3708.608,4130.309,1364.5686,4211.464,2.71778787816164,0.2689771532889274,0.10850186161949626,2.47900956973623,O
3/8/2021,U2-OS,cytoplasm,40X,10.246,1,12.0,FUS,B3,Trial1,1754.412,2028.814,781.1742300000001,1672.639,2.245865176581669,0.3080842689384696,0.10850186161949626,2.839437631207529,O
3/8/2021,U2-OS,cytoplasm,40X,10.246,1,12.0,FUS,D3,Trial1,3074.856,3326.155,1132.0422400000002,2970.732,2.716202533219961,0.2690918998791851,0.10850186161949626,2.480067123851385,O
3/8/2021,U2-OS,cytoplasm,40X,10.246,1,12.0,FUS,D3,Trial1,6699.031,7500.711,2691.47058,6625.021,2.4889854081184124,0.2866162746548412,0.10850186161949626,2.6415793275508213,O
3/8/2021,U2-OS,cytoplasm,40X,10.246,1,12.0,FUS,D4,Trial1,1625.443,1702.093,537.0058799999999,1597.907,3.026862573646308,0.2483322889001658,0.10850186161949626,2.2887375865590123,O
3/8/2021,U2-OS,cytoplasm,40X,10.246,1,12.0,FUS,D4,Trial1,2427.887,2518.495,787.3263599999997,2338.887,3.083711054714339,0.2448753074352738,0.10850186161949626,2.2568765529021406,O
3/8/2021,U2-OS,cytoplasm,40X,10.246,1,12.0,FUS,D4,Trial1,2140.938,2267.175,744.63694,2041.268,2.8751434222427914,0.2580549649492035,0.10850186161949626,2.3783459665804907,O
3/8/2021,U2-OS,cytoplasm,40X,10.246,1,12.0,FUS,D4,Trial1,1547.866,1669.464,564.7003599999998,1496.814,2.741039513415576,0.267305383012915,0.10850186161949626,2.4636018131221076,O
3/8/2021,U2-OS,cytoplasm,40X,10.246,1,12.0,FUS,E3,Trial1,444.608,570.371,255.42827,417.371,1.740637400864047,0.3648786226462237,0.10850186161949626,3.3628789147029727,O
3/8/2021,U2-OS,cytoplasm,40X,10.246,1,12.0,FUS,E4,Trial1,1852.299,1876.897,565.6636199999999,1734.289,3.274559180595705,0.2339422517623535,0.10850186161949626,2.156112791711929,O
3/8/2021,U2-OS,cytoplasm,40X,10.246,1,12.0,FUS,F3,Trial1,2578.217,3188.289,1304.62264,2722.165,1.976216662927144,0.3359970436481894,0.10850186161949626,3.096693813664626,O
3/8/2021,U2-OS,cytoplasm,40X,10.246,1,12.0,FUS,G3,Trial1,1396.113,1406.35,429.0178399999998,1249.433,3.2542073308653103,0.2350614161996188,0.10850186161949626,2.1664274943406276,O
3/8/2021,U2-OS,cytoplasm,40X,10.246,1,12.0,FUS,G4,Trial1,834.062,966.258,369.13569000000007,816.155,2.259499751974673,0.3067955441304081,0.10850186161949626,2.827560186997577,O
3/8/2021,U2-OS,cytoplasm,40X,10.246,1,12.0,FUS,G4,Trial1,892.454,1029.887,395.66453999999993,848.536,2.2555824689268342,0.3071646961932556,0.10850186161949626,2.8309624517821397,O
3/31/2021,U2-OS,cytoplasm,40X,10.246,1,15.0,FUS,A1,Trial2,6416.145,6887.784,2370.254389999999,5878.804,2.706943620511553,0.2697640164977749,0.10850186161949626,2.486261640780015,O
3/31/2021,U2-OS,cytoplasm,40X,10.246,1,15.0,FUS,A1,Trial2,5780.505,6804.309,2464.38,6717.165,2.345622428359263,0.2988980440600445,0.10850186161949626,2.754773416775521,O
3/31/2021,U2-OS,cytoplasm,40X,10.246,1,15.0,FUS,A1,Trial2,3927.052,4260.454,1482.3687699999994,3667.093,2.649173457695012,0.2740346578733603,0.10850186161949626,2.525621715453775,O
3/31/2021,U2-OS,cytoplasm,40X,10.246,1,15.0,FUS,A1,Trial2,1026.062,1159.175,434.92085,949.691,2.3591924829540822,0.2976905923296772,0.10850186161949626,2.7436450203374796,O
3/31/2021,U2-OS,cytoplasm,40X,10.246,1,15.0,FUS,A1,Trial2,752.031,930.371,395.20813,718.876,1.9028733037450416,0.3444862711403507,0.10850186161949626,3.1749341992713913,O
3/31/2021,U2-OS,cytoplasm,40X,10.246,1,15.0,FUS,A2,Trial2,5623.093,5779.402,1926.73363,4591.732,2.918458946502117,0.2552023674747615,0.10850186161949626,2.352055196709226,O
3/31/2021,U2-OS,cytoplasm,40X,10.246,1,15.0,FUS,A2,Trial2,966.722,1095.072,412.6965799999999,894.804,2.3424521715202973,0.2991815435746848,0.10850186161949626,2.7573862706971846,O
3/31/2021,U2-OS,cytoplasm,40X,10.246,1,15.0,FUS,B1,Trial2,1964.866,2071.99,669.4719399999999,1900.732,2.934948998758634,0.2541328998966624,0.10850186161949626,2.342198521790139,O
3/31/2021,U2-OS,cytoplasm,40X,10.246,1,15.0,FUS,B2,Trial2,1755.546,1892.887,656.6456599999999,1609.484,2.6735058296128846,0.2722195217273904,0.10850186161949626,2.5088926370870337,O
3/31/2021,U2-OS,cytoplasm,40X,10.246,1,15.0,FUS,B2,Trial2,1104.0,1186.619,400.5553799999999,1057.598,2.756173191332495,0.266228405630373,0.10850186161949626,2.4536759246030804,O
3/31/2021,U2-OS,cytoplasm,40X,10.246,1,15.0,FUS,B3,Trial2,1203.856,1381.227,524.5128900000001,1150.897,2.295188589168895,0.3034727673211012,0.10850186161949626,2.7969360413865134,O
3/31/2021,U2-OS,cytoplasm,40X,10.246,1,15.0,FUS,B3,Trial2,1546.526,1810.247,636.99822,1861.0,2.4278340997561974,0.2917294043113476,0.10850186161949626,2.6887041379475085,O
3/31/2021,U2-OS,cytoplasm,40X,10.246,1,15.0,FUS,B3,Trial2,6117.165,6498.814,2112.98704,6019.629,2.895031954384349,0.2567373032394186,0.10850186161949626,2.366201827391379,O
3/31/2021,U2-OS,cytoplasm,40X,10.246,1,15.0,FUS,B3,Trial2,7726.66,8447.608,2883.25912,7732.732,2.679835449545028,0.2717512817383286,0.10850186161949626,2.5045771351954267,O
3/31/2021,U2-OS,cytoplasm,40X,10.246,1,15.0,FUS,C1,Trial2,5100.629,5823.835,2066.72838,5546.175,2.467972593476459,0.2883529131346314,0.10850186161949626,2.657584937536394,O
3/31/2021,U2-OS,cytoplasm,40X,10.246,1,15.0,FUS,C1,Trial2,6236.206,5940.072,1679.41196,5028.794,3.713327133861784,0.2121643526110752,0.10850186161949626,1.955398271000285,O
3/31/2021,U2-OS,cytoplasm,40X,10.246,1,15.0,FUS,C1,Trial2,5714.309,5681.742,1660.05179,5226.876,3.4422474253047253,0.2251112791024698,0.10850186161949626,2.074722735098404,O
3/31/2021,U2-OS,cytoplasm,40X,10.246,1,15.0,FUS,C1,Trial2,2230.423,2640.021,1031.1704900000002,2245.928,2.163001192945309,0.3161554292898715,0.10850186161949626,2.913824929553677,O
3/31/2021,U2-OS,cytoplasm,40X,10.246,1,15.0,FUS,C2,Trial2,1007.763,1142.753,419.53369999999984,995.289,2.402102620123247,0.2939358719178709,0.10850186161949626,2.7090398960035422,O
3/31/2021,U2-OS,cytoplasm,40X,10.246,1,15.0,FUS,C2,Trial2,2894.495,2986.711,896.7787099999999,2925.526,3.22765802502158,0.2365375804006511,0.10850186161949626,2.1800324609190724,O
3/31/2021,U2-OS,cytoplasm,40X,10.246,1,15.0,FUS,C2,Trial2,1738.825,1832.052,581.6102099999998,1730.866,2.989674132440008,0.2506470370271618,0.10850186161949626,2.3100713046394774,O
3/31/2021,U2-OS,cytoplasm,40X,10.246,1,15.0,FUS,D1,Trial2,5096.413,4656.145,1111.5774000000006,4439.309,4.584847622846594,0.1790559147771878,0.10850186161949626,1.6502566140765087,O
3/31/2021,U2-OS,cytoplasm,40X,10.246,1,15.0,FUS,D3,Trial2,9376.557,9623.041,3045.2373899999984,8464.36,3.079089016439538,0.2451527769974623,0.10850186161949626,2.2594338321787077,O
3/31/2021,U2-OS,cytoplasm,40X,10.246,1,15.0,FUS,E2,Trial2,2870.567,2879.289,828.6111900000001,2785.67,3.46431116866766,0.2239987228082138,0.10850186161949626,2.0644689359686006,O
3/31/2021,U2-OS,cytoplasm,40X,10.246,1,15.0,FUS,E2,Trial2,3151.103,3309.711,1076.7935899999998,2962.278,2.926376075474224,0.254687778444458,0.10850186161949626,2.347312522043347,O
3/31/2021,U2-OS,cytoplasm,40X,10.246,1,15.0,FUS,E2,Trial2,4612.413,4461.608,1247.5526700000005,4049.876,3.6971689539969455,0.2128941943101862,0.10850186161949626,1.962124807192544,O
3/31/2021,U2-OS,cytoplasm,40X,10.246,1,15.0,FUS,E2,Trial2,2272.649,2400.124,798.9841999999999,2087.557,2.844422956048443,0.2601170608521876,0.10850186161949626,2.3973511326873695,O
3/31/2021,U2-OS,cytoplasm,40X,10.246,1,15.0,FUS,E3,Trial2,3877.361,3944.876,1205.4965700000002,3601.99,3.2164015199147347,0.2371690635431282,0.10850186161949626,2.1858524821892296,O
3/31/2021,U2-OS,cytoplasm,40X,10.246,1,15.0,FUS,F1,Trial2,2854.031,2928.258,939.46979,2506.062,3.037916738120978,0.2476524566639143,0.10850186161949626,2.2824719591669624,O
3/31/2021,U2-OS,cytoplasm,40X,10.246,1,15.0,FUS,F1,Trial2,6728.619,6339.124,1712.7363599999996,5580.103,3.9285783598358366,0.2028982653799803,0.10850186161949626,1.8699980106472414,O
3/31/2021,U2-OS,cytoplasm,40X,10.246,1,15.0,FUS,F3,Trial2,1636.546,1702.165,527.2091799999998,1618.876,3.104168254429865,0.2436547280732563,0.10850186161949626,2.2456271665432417,O
3/31/2021,U2-OS,cytoplasm,40X,10.246,1,15.0,FUS,F3,Trial2,1580.619,1665.062,529.6234999999999,1566.897,2.9844200644420047,0.2509775535276158,0.10850186161949626,2.3131174874009597,O
3/31/2021,U2-OS,cytoplasm,40X,10.246,1,15.0,FUS,G2,Trial2,1572.062,1696.381,605.2661800000001,1357.484,2.597306857620889,0.2779857375473825,0.10850186161949626,2.562036571522127,O
3/31/2021,U2-OS,cytoplasm,40X,10.246,1,15.0,FUS,G2,Trial2,3043.66,3177.361,1023.52243,2845.783,2.973711089067193,0.2516539269176573,0.10850186161949626,2.3193512365730564,O
3/31/2021,U2-OS,cytoplasm,40X,10.246,1,15.0,FUS,G2,Trial2,5467.526,5182.825,1300.95383,5179.381,4.202705640983432,0.1922076836564939,0.10850186161949626,1.7714689940578574,O
3/31/2021,U2-OS,cytoplasm,40X,10.246,1,15.0,FUS,G3,Trial2,2606.186,2659.165,825.8097299999997,2379.351,3.1559158306357094,0.2406208500731438,0.10850186161949626,2.2176656370834804,O
3/31/2021,U2-OS,cytoplasm,40X,10.246,1,15.0,FUS,H3,Trial2,3985.299,4225.381,1292.8249200000005,4317.619,3.0826285433916283,0.2449402362648584,0.10850186161949626,2.2574749650271997,O
