protein,conc,temp,test_id,repeat,gain,focal_length,well,450,451,452,453,454,455,456,457,458,459,460,461,462,463,464,465,466,467,468,469,470,471,472,473,474,475,476,477,478,479,480,481,482,483,484,485,486,487,488,489,490,491,492,493,494,495,496,497,498,499,500,501,502,503,504,505,506,507,508,509,510,511,512,513,514,515,516,517,518,519,520,521,522,523,524,525,526,527,528,529,530,531,532,533,534,535,536,537,538,539,540,541,542,543,544,545,546,547,548,549,550,551,552,553,554,555,556,557,558,559,560,561,562,563,564,565,566,567,568,569,570,571,572,573,574,575,576,577,578,579,580,581,582,583,584,585,586,587,588,589,590,591,592,593,594,595,596,597,598,599,600
mNG,1,room,,1-Jan,1020,5.7,A1,49,48,51,50,52,52,53,52,57,56,56,58,58,58,61,60,61,62,62,63,67,66,67,67,69,73,71,74,77,76,80,83,90,90,98,107,115,124,136,150,175,195,229,265,310,372,446,529,637,756,898,1069,1282,1487,1732,1997,2283,2580,2914,3233,3538,3809,4139,4370,4553,4699,4816,4825,4834,4781,4703,4565,4377,4232,3979,3789,3579,3378,3204,3069,2966,2826,2716,2607,2478,2391,2301,2205,2114,2043,1982,1937,1855,1816,1732,1697,1665,1612,1549,1502,1468,1430,1385,1341,1340,1297,1261,1252,1191,1152,1102,1076,1036,1000,960,909,885,843,806,764,733,692,671,642,612,590,559,536,511,464,452,429,420,398,390,374,358,348,337,328,319,313,296,295,286,281,274,264,249,250,242
mNG,1,room,,1-Jan,1020,5.7,A2,49,50,53,53,55,52,54,56,56,56,60,57,59,60,60,62,62,65,66,65,65,66,70,70,70,74,72,74,74,79,83,88,86,95,102,107,117,128,143,154,184,205,240,277,322,390,457,548,664,798,941,1119,1345,1551,1814,2098,2374,2686,3044,3373,3699,3970,4304,4563,4744,4929,5007,5061,5071,4988,4922,4780,4586,4435,4177,3948,3733,3552,3356,3201,3119,2961,2831,2719,2595,2502,2413,2313,2214,2125,2071,2011,1937,1901,1838,1798,1729,1675,1632,1575,1545,1486,1459,1409,1404,1368,1334,1300,1255,1202,1156,1123,1096,1042,1018,958,915,885,852,789,752,729,697,673,639,602,587,561,526,498,476,447,434,426,404,382,388,361,352,340,331,323,312,305,295,292,279,268,266,260,255
mNG,1,room,,1-Jan,1020,5.7,A3,49,49,53,51,50,50,55,56,55,55,55,53,59,56,60,61,61,61,60,65,62,61,64,66,67,68,69,71,74,77,78,80,84,87,95,104,106,117,128,141,163,185,208,243,284,342,400,478,574,697,823,976,1170,1338,1583,1821,2065,2366,2658,2943,3223,3469,3755,3981,4128,4289,4374,4410,4434,4357,4280,4150,4014,3868,3624,3473,3250,3084,2915,2786,2687,2544,2457,2325,2204,2119,2067,1965,1868,1813,1743,1707,1638,1614,1550,1503,1456,1417,1383,1333,1309,1259,1225,1190,1175,1144,1130,1088,1052,1029,972,963,918,880,840,814,781,744,729,678,643,616,592,574,535,515,497,463,454,426,409,390,379,350,350,330,329,312,298,297,280,272,267,274,260,247,241,233,228,224,223
mNG,1,room,,1-Jan,1020,5.7,A4,49,52,50,53,54,52,55,53,52,56,56,57,58,57,58,60,61,61,65,64,66,66,66,66,69,71,72,77,77,79,83,84,88,92,99,109,116,130,139,159,188,204,237,282,328,399,472,565,668,831,969,1157,1386,1616,1878,2173,2483,2787,3153,3519,3836,4128,4465,4749,4926,5094,5218,5236,5265,5186,5091,4959,4777,4608,4334,4121,3903,3688,3493,3338,3235,3061,2963,2823,2688,2589,2503,2386,2287,2206,2143,2100,2025,1972,1927,1842,1799,1748,1691,1639,1589,1536,1511,1461,1452,1420,1378,1344,1290,1255,1208,1168,1115,1080,1054,994,955,917,881,841,785,762,719,697,663,644,609,582,560,520,506,466,451,429,418,395,392,375,362,353,342,335,325,310,313,304,288,281,282,271,265
mNG,1,room,,1-Jan,1020,5.7,A5,49,49,50,48,52,53,53,56,55,57,57,57,58,58,57,59,60,62,59,60,63,62,63,67,68,68,70,71,69,78,78,82,83,86,94,99,103,116,126,137,157,185,208,245,284,335,400,472,562,681,807,942,1130,1306,1533,1779,2007,2273,2577,2848,3113,3337,3630,3823,3997,4135,4236,4243,4266,4176,4128,4015,3872,3738,3517,3352,3135,2965,2804,2701,2606,2492,2397,2272,2201,2092,2025,1933,1876,1781,1737,1693,1626,1597,1542,1494,1451,1415,1360,1335,1293,1236,1208,1190,1174,1142,1118,1088,1049,1025,970,939,922,870,839,806,765,750,719,671,653,606,595,558,545,514,496,461,445,426,406,384,365,352,350,333,321,304,300,295,289,274,267,255,253,252,237,237,228,220,213
mNG,1,room,,1-Jan,1020,5.7,A6,46,49,50,53,50,52,52,51,54,53,55,55,53,58,56,60,61,58,63,59,59,61,63,66,65,66,69,70,73,74,75,82,84,84,90,95,102,110,124,138,154,169,198,234,265,317,372,441,523,635,755,871,1057,1233,1427,1630,1875,2113,2396,2641,2888,3083,3364,3550,3710,3850,3915,3938,3956,3899,3842,3716,3598,3461,3268,3093,2908,2767,2617,2508,2428,2313,2216,2137,2021,1952,1864,1793,1734,1662,1615,1579,1518,1478,1436,1405,1363,1320,1268,1244,1216,1168,1130,1106,1097,1079,1049,1014,980,957,914,880,861,811,796,754,719,697,669,630,603,575,550,520,497,488,463,447,429,403,386,360,342,330,326,308,307,294,286,268,267,257,250,244,240,234,228,229,221,213,206
mNG,1,room,,2-Jan,1020,5.7,A1,53,54,52,54,54,53,55,56,55,54,54,55,53,51,54,54,56,56,57,60,58,56,58,58,61,65,66,70,69,71,76,81,84,88,98,104,115,132,139,159,186,208,248,288,337,411,489,593,711,851,1002,1181,1423,1656,1904,2242,2500,2837,3159,3474,3776,4094,4371,4610,4790,4920,5019,5004,5032,4905,4849,4673,4460,4327,4065,3847,3622,3434,3282,3138,3024,2891,2766,2659,2533,2454,2354,2264,2166,2076,2041,1980,1910,1861,1815,1756,1708,1650,1601,1572,1521,1464,1431,1381,1376,1341,1303,1245,1222,1183,1138,1089,1044,1014,981,934,891,862,822,778,756,699,683,650,626,594,570,533,517,480,455,443,420,408,403,381,371,361,342,338,327,314,315,305,295,293,279,264,262,256,253
mNG,1,room,,2-Jan,1020,5.7,A2,59,56,54,56,57,56,62,56,58,57,58,55,56,60,58,62,61,61,61,64,62,59,63,69,68,65,69,72,76,74,80,82,88,92,93,104,118,121,137,147,176,195,228,268,300,366,432,517,632,748,881,1040,1246,1434,1654,1943,2175,2443,2744,3024,3327,3553,3787,3990,4134,4262,4324,4330,4348,4233,4175,4030,3863,3711,3481,3329,3137,2928,2839,2695,2610,2486,2366,2271,2171,2108,2019,1937,1870,1798,1750,1721,1636,1597,1547,1494,1459,1417,1380,1359,1312,1260,1239,1205,1191,1137,1123,1093,1058,1031,981,949,909,875,847,814,784,732,716,671,643,619,588,563,528,515,494,462,451,428,415,390,377,354,348,330,329,322,300,298,292,284,277,267,258,256,237,244,230,228,221
mNG,1,room,,2-Jan,1020,5.7,A3,58,59,57,58,58,59,57,58,58,58,58,58,58,60,58,61,59,57,59,61,62,62,65,64,66,67,70,75,75,78,81,85,90,94,101,111,120,131,144,171,193,214,249,294,349,419,502,599,715,845,994,1195,1416,1654,1910,2249,2509,2839,3165,3495,3824,4106,4402,4605,4792,4948,5010,5025,5058,4932,4839,4661,4475,4323,4055,3864,3647,3435,3313,3144,3019,2902,2767,2655,2533,2434,2366,2234,2158,2098,2020,1991,1901,1854,1802,1768,1701,1642,1608,1579,1515,1476,1437,1386,1373,1349,1316,1276,1223,1190,1129,1091,1067,999,971,934,895,859,820,778,752,712,685,645,622,600,581,535,522,480,462,437,434,408,401,381,372,357,347,340,321,313,312,307,291,290,286,268,266,261,248
mNG,1,room,,2-Jan,1020,5.7,A4,58,57,59,61,58,56,60,61,59,60,61,65,59,61,59,62,64,62,65,63,62,61,63,64,67,72,68,70,78,81,82,83,87,93,100,110,122,133,138,161,180,204,238,278,325,390,450,554,656,775,914,1079,1304,1500,1734,2017,2272,2554,2853,3153,3446,3675,3932,4114,4298,4428,4497,4501,4544,4417,4358,4190,4031,3867,3650,3478,3248,3101,2946,2803,2709,2581,2488,2388,2270,2178,2109,2011,1952,1873,1818,1782,1716,1685,1623,1569,1552,1489,1434,1400,1381,1323,1285,1258,1233,1208,1172,1134,1092,1065,1022,990,953,913,880,843,797,766,739,707,675,644,610,596,567,535,512,482,463,445,428,404,382,372,359,344,336,328,311,305,302,289,282,274,268,265,250,248,236,235,232
mNG,1,room,,2-Jan,1020,5.7,A5,58,59,60,60,60,63,60,59,60,58,60,60,62,60,61,61,61,63,63,62,64,64,65,68,66,69,70,74,75,79,79,83,87,92,101,108,115,126,141,157,175,203,228,263,308,366,435,527,618,732,861,1022,1232,1406,1627,1890,2128,2405,2659,2944,3196,3462,3675,3876,4015,4136,4218,4203,4250,4120,4068,3905,3761,3614,3391,3238,3046,2868,2770,2626,2527,2432,2323,2228,2123,2042,1977,1889,1815,1762,1695,1675,1605,1565,1515,1494,1434,1381,1354,1314,1277,1233,1210,1186,1160,1126,1107,1063,1032,1003,962,920,894,852,834,785,753,731,690,660,649,603,588,550,531,505,486,459,438,420,401,378,362,349,340,324,315,307,290,300,285,277,272,268,247,247,252,233,228,224,215
mNG,1,room,,2-Jan,1020,5.7,A6,56,58,60,57,60,59,60,58,62,59,61,58,60,60,59,59,63,61,62,63,61,63,61,69,67,72,68,74,75,78,80,87,93,96,102,110,122,132,147,165,188,209,247,287,336,402,475,565,687,817,955,1114,1352,1559,1804,2097,2356,2653,2950,3253,3533,3829,4085,4294,4451,4588,4681,4663,4687,4563,4533,4354,4160,3997,3776,3587,3383,3190,3062,2919,2801,2693,2577,2455,2357,2254,2193,2097,2009,1939,1884,1850,1764,1732,1656,1619,1584,1537,1484,1459,1430,1369,1329,1288,1271,1231,1204,1171,1128,1099,1049,1026,987,935,912,863,831,794,767,731,697,662,637,609,572,564,536,500,485,452,440,419,399,386,368,360,340,323,318,317,300,299,287,284,281,268,259,253,245,237,236
mNG,1,room,,1-Feb,1020,5.7,A1,57,58,59,58,56,60,58,58,59,62,58,57,57,59,60,65,62,64,62,64,65,63,67,68,69,73,72,72,75,80,82,83,84,91,90,100,107,110,115,134,143,163,181,204,232,265,311,361,425,502,588,682,812,930,1089,1263,1411,1603,1788,1984,2162,2336,2525,2664,2755,2859,2929,2945,2960,2923,2886,2784,2683,2576,2432,2319,2196,2067,1981,1903,1821,1740,1672,1604,1531,1472,1427,1356,1306,1260,1226,1197,1159,1116,1062,1050,1028,991,953,955,912,888,863,837,826,805,785,760,745,719,692,673,646,619,595,571,552,524,500,473,469,436,429,414,397,383,367,348,329,307,299,281,267,262,254,243,243,228,219,217,203,202,200,192,191,182,183,174,175,164,169
mNG,1,room,,1-Feb,1020,5.7,A2,58,57,57,59,62,59,58,59,62,60,62,59,63,64,63,64,64,66,65,69,71,68,69,73,73,71,76,77,79,83,83,91,92,94,102,110,116,123,134,153,165,186,218,250,283,333,389,463,555,645,768,907,1072,1248,1427,1681,1884,2139,2389,2636,2880,3117,3357,3549,3688,3828,3929,3935,3959,3902,3851,3720,3593,3449,3247,3107,2927,2775,2646,2542,2429,2327,2236,2141,2033,1964,1893,1791,1754,1653,1610,1590,1520,1485,1443,1400,1373,1310,1276,1249,1202,1162,1137,1107,1094,1062,1048,1014,985,947,902,881,854,801,785,754,722,688,659,627,608,574,560,530,505,481,471,442,425,388,383,352,351,338,326,306,308,293,285,268,267,258,250,246,233,233,228,224,214,211,208
mNG,1,room,,1-Feb,1020,5.7,A3,57,57,59,59,59,61,61,61,59,62,62,63,61,61,63,64,62,65,69,66,68,70,71,69,70,74,75,76,81,81,90,88,90,96,102,104,114,123,134,144,164,178,206,234,273,314,364,435,514,605,716,836,1010,1165,1347,1560,1755,1997,2245,2479,2700,2943,3130,3317,3462,3600,3659,3657,3712,3642,3605,3484,3358,3236,3044,2901,2760,2610,2506,2378,2271,2196,2092,2014,1909,1850,1790,1691,1630,1572,1516,1499,1437,1392,1362,1321,1288,1231,1199,1170,1142,1107,1064,1045,1041,1011,977,956,921,900,865,837,802,765,742,723,683,658,629,587,577,546,519,505,480,449,441,421,398,371,359,345,333,318,306,294,286,265,267,257,253,253,239,230,223,220,212,215,204,201,196
mNG,1,room,,1-Feb,1020,5.7,A4,56,56,57,60,59,61,61,60,61,60,62,58,61,63,62,63,61,63,67,64,62,64,66,68,69,72,76,76,78,82,81,84,89,93,94,104,111,119,130,145,155,171,200,232,265,306,359,422,500,597,691,821,976,1137,1301,1513,1700,1929,2189,2413,2621,2837,3030,3218,3344,3457,3544,3538,3596,3510,3468,3360,3248,3127,2955,2807,2645,2503,2414,2289,2200,2114,2019,1936,1851,1774,1724,1655,1586,1521,1471,1438,1391,1342,1309,1272,1231,1191,1156,1126,1095,1061,1040,1002,990,962,951,919,892,866,835,800,776,739,718,683,655,625,601,582,556,522,498,489,470,436,431,408,391,374,352,337,318,310,295,289,276,272,265,249,247,235,227,232,217,215,210,204,204,192,187
mNG,1,room,,1-Feb,1020,5.7,A5,58,57,58,57,56,56,59,58,60,57,61,59,57,62,60,61,65,62,65,64,64,64,68,68,68,71,70,74,77,78,83,87,89,89,98,104,109,122,129,137,155,169,192,226,261,302,351,418,496,585,687,799,962,1109,1284,1507,1667,1895,2126,2338,2563,2765,2982,3149,3266,3403,3495,3494,3528,3459,3409,3305,3167,3052,2902,2750,2613,2465,2363,2257,2185,2081,1989,1903,1817,1745,1696,1613,1560,1493,1447,1415,1361,1326,1285,1252,1224,1174,1134,1118,1081,1037,1018,996,987,953,933,904,880,852,823,794,762,722,710,677,642,623,605,559,550,515,486,476,456,432,421,401,382,362,346,325,321,307,289,280,276,268,254,250,240,246,227,227,219,211,207,207,202,186,194
mNG,1,room,,1-Feb,1020,5.7,A6,57,56,54,58,59,59,58,58,62,61,59,59,63,59,60,65,63,63,64,66,66,68,67,71,69,71,75,75,79,80,82,86,90,88,93,102,108,117,127,138,149,169,193,212,254,296,342,399,481,568,656,785,926,1069,1246,1457,1625,1829,2046,2285,2500,2699,2894,3041,3170,3310,3364,3385,3418,3347,3312,3201,3088,2972,2795,2681,2551,2399,2310,2193,2092,2015,1927,1842,1766,1703,1653,1573,1510,1464,1418,1397,1335,1310,1249,1215,1189,1155,1111,1085,1054,1011,1005,975,962,935,916,902,869,839,803,782,750,714,695,665,627,615,599,557,541,503,493,471,450,430,412,393,382,354,337,320,308,303,290,287,268,254,249,249,240,231,224,228,214,202,201,194,195,196,183
mNG,1,room,,2-Feb,1020,5.7,A1,64,65,68,64,68,66,65,65,68,67,63,70,66,64,64,69,72,63,69,70,68,72,70,76,73,74,77,84,79,82,90,91,95,97,108,115,125,131,141,160,182,208,241,272,320,371,444,532,639,756,882,1049,1262,1467,1690,1985,2218,2501,2783,3073,3366,3640,3882,4081,4227,4362,4445,4441,4450,4346,4282,4110,3931,3785,3560,3394,3200,3031,2883,2746,2652,2534,2431,2327,2222,2143,2080,1970,1901,1849,1782,1759,1691,1646,1599,1551,1514,1459,1410,1386,1329,1300,1263,1224,1215,1177,1148,1118,1078,1055,998,969,933,887,865,825,778,756,720,678,650,631,603,571,554,525,507,488,454,434,418,393,380,363,350,338,334,312,300,295,289,279,272,277,258,247,254,253,238,228,219
mNG,1,room,,2-Feb,1020,5.7,A2,69,67,67,68,69,66,68,70,70,69,68,69,70,68,67,71,73,72,72,72,72,73,75,76,77,83,80,84,87,87,90,95,101,104,113,116,124,136,154,169,191,211,245,284,330,395,464,551,657,785,911,1093,1301,1509,1746,2042,2303,2571,2904,3195,3475,3769,3986,4220,4367,4506,4575,4551,4579,4483,4417,4265,4069,3925,3669,3483,3298,3093,2974,2840,2714,2630,2510,2399,2300,2203,2128,2033,1967,1887,1834,1792,1733,1685,1624,1588,1560,1510,1456,1411,1366,1327,1287,1276,1243,1213,1188,1144,1102,1086,1036,985,960,908,888,845,801,782,741,700,686,645,620,591,567,542,513,487,475,451,428,410,394,369,361,346,331,328,314,302,302,292,277,279,270,265,252,255,247,237,234
mNG,1,room,,2-Feb,1020,5.7,A3,62,63,65,63,68,65,66,67,66,65,67,68,66,66,68,68,70,69,68,70,68,70,68,73,74,77,76,83,82,88,88,95,99,106,114,118,132,146,161,181,208,237,277,318,382,451,536,637,776,923,1094,1282,1561,1792,2073,2436,2746,3102,3460,3837,4180,4500,4821,5067,5232,5423,5505,5506,5548,5382,5311,5115,4883,4741,4449,4217,3967,3766,3602,3438,3268,3149,3023,2878,2734,2665,2569,2458,2364,2280,2189,2178,2094,2025,1959,1920,1873,1807,1758,1704,1653,1593,1583,1515,1496,1453,1422,1385,1321,1281,1267,1189,1166,1091,1072,1016,977,931,900,847,824,786,745,705,683,654,626,592,566,531,507,473,466,446,428,411,406,396,375,368,354,354,334,331,320,317,303,295,282,275,278
mNG,1,room,,2-Feb,1020,5.7,A4,63,64,63,65,65,66,61,66,68,64,65,64,67,65,65,66,67,67,66,69,68,68,68,72,71,75,77,81,80,85,86,89,98,103,110,119,127,136,150,172,189,213,248,288,337,411,478,572,675,819,959,1132,1369,1579,1835,2155,2408,2697,3033,3347,3650,3938,4216,4434,4591,4750,4823,4785,4844,4720,4659,4471,4300,4121,3882,3690,3499,3284,3151,3004,2881,2764,2645,2542,2401,2326,2264,2138,2059,1999,1935,1886,1808,1771,1721,1675,1633,1575,1521,1492,1442,1394,1361,1325,1321,1274,1242,1220,1175,1139,1093,1046,1009,963,922,905,859,816,784,737,714,680,641,619,595,567,546,506,494,463,447,428,409,391,386,370,358,340,326,320,317,306,298,295,281,281,270,259,251,246,246
mNG,1,room,,2-Feb,1020,5.7,A5,65,62,62,63,65,63,63,64,62,63,65,64,63,62,64,66,66,67,65,68,66,64,69,69,69,72,75,78,79,81,83,90,91,99,103,110,121,127,138,157,177,199,226,267,305,364,431,507,619,720,854,1019,1226,1413,1633,1897,2128,2414,2686,2966,3234,3486,3727,3916,4069,4193,4248,4248,4275,4150,4084,3940,3777,3632,3414,3238,3068,2912,2790,2662,2532,2444,2322,2235,2122,2036,1992,1892,1835,1756,1727,1669,1608,1570,1525,1489,1448,1394,1341,1322,1280,1245,1220,1185,1156,1126,1091,1062,1028,1001,962,927,898,852,834,789,753,743,703,664,626,593,578,548,537,509,479,461,432,427,403,373,368,347,336,328,313,304,295,290,287,275,263,262,249,242,237,237,225,224,225
mNG,1,room,,2-Feb,1020,5.7,A6,62,61,63,62,63,63,62,63,63,66,63,64,63,66,62,65,63,64,66,68,65,64,66,69,71,72,74,76,81,82,85,88,93,96,100,110,120,133,141,161,181,206,236,273,318,377,450,534,637,758,893,1048,1260,1461,1694,1980,2220,2494,2796,3088,3363,3635,3857,4086,4253,4372,4423,4449,4487,4391,4316,4167,3996,3829,3614,3429,3225,3074,2922,2793,2688,2590,2462,2378,2252,2167,2104,2006,1946,1859,1815,1790,1691,1672,1624,1562,1531,1476,1426,1389,1369,1309,1277,1243,1231,1181,1167,1124,1099,1065,1019,976,952,908,872,829,812,764,741,707,680,641,613,588,565,538,505,488,466,437,419,397,380,378,354,346,331,319,306,302,295,286,284,275,263,258,250,248,234,226,229
mTQ2,1,room,,1-Jan,1020,5.7,A1,2078,2579,3196,3922,4849,5936,7188,8604,10237,12141,14152,16197,18577,21338,23641,26132,28889,31061,33135,35279,36922,37738,38676,39512,39655,40032,39466,38961,38052,37388,36331,35616,34612,33429,32916,32012,31389,31129,30448,30051,30182,29738,29755,29802,29882,30193,30071,30285,30276,30670,30524,30138,30666,30087,29879,29517,29058,28496,28147,27528,26705,25648,25140,24347,23533,22639,21891,20901,20219,19301,18614,17895,17125,16543,15687,15132,14549,14011,13609,13309,13232,12893,12706,12389,12148,12010,11839,11580,11397,11011,10872,10693,10442,10243,9878,9591,9251,8866,8495,8134,7819,7477,7137,6829,6654,6363,6158,5928,5675,5474,5204,5002,4830,4583,4417,4247,4091,3953,3820,3645,3545,3421,3329,3190,3095,3025,2952,2824,2741,2608,2532,2417,2392,2296,2229,2179,2140,2060,2000,1959,1896,1866,1799,1771,1704,1673,1614,1563,1518,1445,1405
mTQ2,1,room,,1-Jan,1020,5.7,A2,2381,2977,3684,4559,5654,6858,8327,9970,11872,14088,16454,18793,21621,24778,27576,30441,33678,36103,38595,41036,42941,44037,45056,46088,46278,46583,45974,45380,44307,43596,42317,41461,40270,38856,38378,37313,36545,36164,35390,35041,35079,34509,34634,34705,34827,35220,35044,35289,35242,35605,35507,35151,35632,35022,34741,34375,33735,33151,32706,31906,31021,29870,29268,28327,27288,26285,25337,24220,23444,22400,21627,20742,19837,19145,18243,17569,16802,16227,15760,15438,15323,14911,14771,14431,14106,13908,13701,13386,13154,12814,12651,12396,12101,11816,11408,11150,10695,10333,9862,9411,9069,8662,8287,7932,7696,7410,7170,6913,6561,6307,6028,5818,5600,5318,5148,4955,4786,4618,4480,4245,4110,3972,3876,3709,3606,3522,3435,3291,3216,3030,2945,2802,2729,2668,2615,2517,2488,2398,2323,2262,2229,2162,2095,2064,2005,1950,1875,1833,1761,1663,1647
mTQ2,1,room,,1-Jan,1020,5.7,A3,1364,1706,2125,2603,3218,3949,4781,5700,6827,8094,9407,10793,12396,14269,15787,17442,19226,20670,22070,23503,24585,25287,25761,26475,26513,26749,26297,26058,25504,24980,24398,23834,23210,22382,22164,21482,21194,20887,20556,20330,20379,20075,20153,20193,20250,20496,20441,20598,20536,20780,20765,20530,20821,20349,20352,20142,19829,19411,19133,18743,18207,17466,17148,16617,15998,15474,14941,14325,13802,13163,12739,12208,11727,11342,10775,10394,9935,9625,9382,9167,9056,8872,8776,8558,8388,8267,8131,7951,7802,7617,7541,7387,7210,7090,6815,6658,6402,6141,5891,5614,5426,5171,4969,4718,4632,4426,4296,4147,3950,3790,3612,3473,3382,3231,3090,2994,2884,2781,2672,2563,2482,2370,2342,2250,2186,2130,2070,1988,1942,1837,1773,1708,1669,1616,1599,1537,1496,1438,1403,1384,1359,1304,1281,1252,1213,1191,1165,1112,1085,1029,998
mTQ2,1,room,,1-Jan,1020,5.7,A4,2014,2527,3123,3843,4752,5845,7072,8464,10091,12001,13995,15993,18310,21084,23371,25807,28571,30674,32744,34832,36493,37461,38256,39105,39308,39644,39014,38628,37726,37118,36063,35228,34291,33147,32721,31696,31172,30971,30256,29894,29945,29513,29605,29722,29796,30032,30055,30280,30085,30497,30391,30134,30496,29903,29753,29484,29010,28416,28135,27426,26622,25607,25123,24370,23498,22601,21804,20935,20197,19251,18614,17823,17099,16514,15693,15126,14528,13999,13636,13338,13171,12914,12726,12417,12228,12012,11856,11570,11391,11090,10923,10712,10452,10274,9878,9602,9313,8885,8521,8161,7859,7458,7189,6844,6677,6396,6193,5967,5657,5472,5206,5008,4860,4600,4477,4264,4134,3997,3865,3667,3570,3434,3334,3220,3121,3053,2980,2852,2759,2636,2552,2420,2401,2310,2262,2187,2151,2081,2035,1994,1938,1882,1845,1790,1722,1669,1645,1587,1542,1475,1424
mTQ2,1,room,,1-Jan,1020,5.7,A5,1990,2477,3082,3806,4703,5743,6943,8311,9925,11740,13695,15649,17933,20605,22901,25305,27957,29961,32001,34005,35698,36540,37420,38311,38429,38726,38211,37746,36988,36271,35227,34471,33600,32401,31992,31100,30378,30167,29554,29228,29238,28817,28963,28993,29085,29433,29307,29557,29410,29791,29704,29451,29740,29199,29102,28719,28391,27763,27415,26750,26023,25017,24512,23734,22794,22002,21277,20289,19700,18745,18122,17398,16627,16085,15267,14760,14129,13668,13232,12978,12886,12526,12404,12133,11858,11694,11526,11256,11016,10740,10602,10469,10163,9917,9604,9307,9038,8647,8275,7945,7598,7248,6967,6621,6480,6240,6003,5784,5523,5308,5055,4882,4698,4490,4328,4164,3993,3882,3750,3557,3440,3346,3259,3122,3033,2982,2874,2776,2693,2557,2480,2371,2335,2269,2192,2127,2095,2026,1958,1899,1863,1808,1770,1716,1674,1621,1585,1539,1490,1413,1388
mTQ2,1,room,,1-Jan,1020,5.7,A6,2155,2672,3341,4086,5052,6212,7491,8975,10703,12636,14761,16925,19422,22260,24743,27324,30263,32397,34722,36939,38754,39726,40548,41509,41784,41960,41529,40959,39993,39455,38236,37448,36437,35221,34745,33811,33104,32821,32109,31858,31910,31451,31505,31491,31582,31913,31882,32066,31968,32367,32261,31891,32366,31778,31627,31230,30766,30188,29810,29077,28246,27124,26585,25908,24909,23972,23128,22147,21372,20440,19693,18882,18074,17530,16606,16019,15362,14831,14415,14109,13991,13670,13528,13178,12920,12714,12538,12204,12077,11715,11538,11382,11032,10834,10469,10172,9807,9405,8982,8580,8286,7846,7594,7233,7027,6750,6546,6271,5995,5770,5548,5302,5129,4860,4705,4518,4391,4217,4088,3881,3783,3618,3546,3412,3296,3230,3128,3011,2920,2775,2715,2580,2518,2438,2384,2318,2279,2186,2128,2080,2049,1980,1933,1872,1830,1791,1712,1686,1618,1550,1512
mTQ2,1,room,,2-Jan,1020,5.7,A1,1598,1978,2433,3064,3739,4552,5496,6590,7921,9316,10821,12474,14509,16352,18183,20479,22278,23959,25597,27288,28445,29167,30086,30506,30635,30842,30302,30044,29376,28880,28038,27361,26565,25706,25304,24606,24322,23874,23377,23208,23131,22869,22989,22838,22985,23148,23103,23333,23309,23477,23374,23207,23519,23043,22950,22841,22357,22009,21602,21065,20467,19782,19270,18610,17894,17364,16726,15910,15480,14720,14289,13621,13066,12647,12012,11572,11092,10686,10513,10327,10103,9889,9747,9602,9324,9196,9137,8847,8710,8479,8345,8254,7984,7823,7588,7374,7131,6801,6530,6329,5978,5714,5472,5251,5120,4888,4724,4575,4333,4208,3991,3841,3690,3515,3415,3276,3164,3069,2966,2810,2746,2640,2551,2503,2403,2330,2268,2170,2114,2003,1971,1888,1810,1771,1730,1676,1657,1585,1537,1487,1463,1446,1393,1379,1330,1293,1245,1218,1172,1127,1095
mTQ2,1,room,,2-Jan,1020,5.7,A2,1594,1963,2416,3042,3743,4536,5491,6554,7926,9334,10853,12444,14461,16400,18236,20555,22314,23991,25632,27287,28580,29285,30239,30679,30689,31090,30508,30230,29595,28978,28162,27596,26828,25883,25420,24717,24443,23990,23535,23451,23275,23027,23138,23069,23196,23292,23309,23488,23532,23612,23599,23385,23724,23190,23060,23003,22503,22111,21736,21221,20578,19930,19342,18738,18032,17403,16821,16040,15582,14789,14401,13742,13168,12677,12059,11656,11173,10756,10557,10354,10177,9924,9745,9592,9356,9194,9115,8867,8705,8496,8360,8310,8008,7883,7607,7374,7126,6880,6531,6310,5991,5725,5524,5286,5098,4916,4745,4534,4376,4221,4018,3837,3693,3534,3419,3293,3155,3051,2963,2831,2788,2644,2570,2519,2425,2337,2273,2170,2130,2015,1981,1871,1837,1794,1752,1683,1654,1606,1552,1498,1458,1438,1398,1379,1340,1301,1245,1216,1168,1108,1093
mTQ2,1,room,,2-Jan,1020,5.7,A3,1717,2102,2612,3274,4034,4876,5917,7013,8508,9911,11547,13336,15485,17511,19475,21850,23744,25520,27293,29071,30403,31150,32072,32507,32642,32929,32388,32087,31308,30767,29862,29190,28372,27418,26923,26187,25814,25470,24933,24788,24665,24293,24485,24319,24503,24628,24552,24880,24802,24935,24827,24700,25017,24533,24391,24342,23767,23323,22947,22389,21753,21051,20472,19847,19065,18421,17789,16924,16457,15663,15195,14488,13923,13446,12699,12335,11811,11354,11167,10953,10737,10561,10306,10096,9924,9743,9706,9413,9222,9021,8855,8834,8479,8320,8019,7802,7578,7238,6953,6673,6378,6056,5815,5565,5443,5188,5029,4848,4629,4476,4255,4067,3952,3756,3662,3512,3369,3262,3169,2996,2936,2808,2724,2652,2544,2485,2416,2311,2261,2138,2101,2003,1956,1894,1839,1792,1774,1696,1642,1618,1574,1552,1508,1464,1420,1388,1342,1293,1252,1187,1173
mTQ2,1,room,,2-Jan,1020,5.7,A4,1856,2291,2836,3572,4393,5313,6407,7710,9346,10956,12753,14692,17105,19365,21560,24304,26405,28413,30428,32406,33942,34781,35956,36483,36531,36880,36230,35967,35140,34435,33518,32861,31936,30824,30460,29518,29214,28746,28141,28028,27887,27438,27649,27592,27813,27862,27800,28027,28105,28245,28145,28073,28422,27778,27616,27455,26937,26535,25986,25408,24692,23972,23249,22562,21642,20921,20201,19232,18668,17749,17264,16491,15749,15283,14485,13973,13441,12947,12659,12422,12206,11990,11740,11528,11288,11069,10994,10685,10501,10221,10059,10018,9640,9452,9166,8874,8564,8199,7863,7564,7225,6864,6599,6339,6178,5917,5682,5464,5228,5062,4802,4622,4449,4237,4125,3953,3810,3671,3594,3387,3312,3172,3106,2998,2897,2816,2734,2616,2563,2440,2360,2232,2201,2134,2076,2018,1978,1902,1873,1811,1762,1732,1678,1658,1588,1538,1498,1459,1408,1339,1333
mTQ2,1,room,,2-Jan,1020,5.7,A5,1577,1939,2398,3015,3703,4460,5393,6470,7819,9152,10656,12258,14260,16124,17938,20111,21899,23529,25182,26859,28127,28723,29704,30124,30152,30531,29980,29716,29077,28490,27723,27038,26402,25459,25028,24359,24056,23633,23201,23175,22929,22634,22765,22720,22786,22837,22938,23181,23111,23260,23257,23030,23300,22859,22757,22667,22209,21762,21478,20911,20327,19665,19193,18557,17792,17238,16568,15858,15418,14644,14192,13550,13015,12564,11910,11515,11066,10669,10447,10214,10083,9887,9701,9500,9276,9095,9040,8774,8626,8394,8277,8212,7933,7752,7566,7305,7082,6744,6472,6221,5951,5634,5442,5239,5078,4868,4681,4538,4313,4161,3978,3815,3675,3506,3409,3281,3133,3030,2947,2787,2727,2618,2553,2461,2401,2335,2245,2176,2112,2000,1957,1854,1808,1768,1730,1668,1622,1582,1522,1510,1490,1435,1398,1362,1321,1281,1248,1226,1155,1117,1095
mTQ2,1,room,,2-Jan,1020,5.7,A6,1747,2123,2635,3308,4079,4905,5926,7110,8587,10086,11728,13494,15693,17776,19757,22211,24183,25928,27702,29552,30879,31690,32638,33163,33300,33584,32923,32751,31957,31365,30589,29847,29025,28083,27622,26884,26506,26085,25583,25502,25288,24949,25135,24982,25111,25249,25179,25509,25580,25651,25574,25392,25675,25224,25005,25039,24502,23918,23605,23097,22370,21640,21081,20427,19598,18994,18259,17451,16911,16161,15669,14940,14407,13881,13192,12703,12193,11741,11506,11302,11086,10886,10653,10514,10226,10073,10012,9679,9552,9306,9140,9105,8764,8575,8309,8056,7811,7442,7143,6883,6594,6247,5983,5770,5595,5358,5183,5004,4776,4602,4378,4189,4061,3873,3758,3601,3470,3365,3235,3106,3031,2909,2832,2734,2644,2576,2500,2386,2338,2222,2173,2051,2014,1961,1908,1867,1828,1751,1699,1679,1611,1588,1534,1519,1461,1417,1373,1356,1297,1243,1204
mTQ2,1,room,,1-Feb,1020,5.7,A1,1806,2203,2726,3446,4236,5094,6173,7441,8976,10545,12213,14137,16445,18620,20705,23243,25331,27168,29167,30975,32399,33257,34238,34750,34908,35203,34586,34296,33515,32871,31971,31177,30367,29307,28791,28086,27679,27191,26750,26455,26322,25990,26163,26045,26157,26380,26241,26626,26681,26733,26695,26468,26838,26330,26209,26083,25522,25152,24704,23982,23401,22602,22001,21359,20493,19870,19093,18233,17722,16858,16355,15575,14962,14497,13733,13275,12653,12270,12011,11750,11570,11296,11101,10885,10632,10535,10431,10097,9933,9668,9490,9457,9122,8943,8684,8366,8140,7772,7470,7170,6867,6535,6265,6004,5845,5585,5403,5203,4981,4781,4585,4383,4237,4025,3915,3733,3616,3493,3365,3233,3160,3016,2935,2843,2728,2657,2594,2492,2418,2297,2243,2131,2091,2046,1983,1881,1882,1818,1775,1715,1687,1652,1589,1567,1503,1469,1428,1383,1334,1266,1242
mTQ2,1,room,,1-Feb,1020,5.7,A2,1758,2157,2660,3370,4106,4987,6068,7318,8787,10324,12045,13871,16193,18346,20483,22940,24899,26717,28686,30547,31928,32779,33863,34300,34464,34719,34137,33832,33135,32459,31563,30862,30007,28945,28508,27692,27356,26796,26403,26216,26000,25613,25867,25747,25923,26085,25946,26185,26307,26450,26405,26273,26481,25929,25879,25774,25188,24734,24368,23674,23088,22381,21712,21063,20246,19609,18888,17995,17484,16629,16089,15378,14717,14242,13501,13050,12483,12005,11813,11551,11342,11105,10898,10738,10483,10323,10235,9920,9744,9544,9351,9288,8961,8775,8504,8263,8006,7650,7307,7076,6710,6418,6141,5884,5755,5490,5294,5106,4866,4730,4507,4316,4159,3963,3853,3691,3545,3425,3291,3171,3086,2976,2881,2789,2678,2617,2536,2443,2371,2264,2212,2057,2053,1999,1928,1892,1842,1772,1735,1697,1655,1622,1573,1536,1478,1436,1395,1356,1304,1277,1238
mTQ2,1,room,,1-Feb,1020,5.7,A3,1767,2209,2722,3437,4204,5094,6163,7425,8940,10500,12284,14101,16395,18565,20746,23204,25295,27157,29107,31073,32437,33336,34307,34908,35039,35247,34752,34303,33625,32971,32150,31321,30505,29321,28904,28084,27748,27260,26633,26528,26336,25976,26304,26156,26213,26487,26275,26559,26726,26874,26826,26592,26870,26329,26231,26094,25495,25108,24668,23989,23371,22625,22055,21327,20485,19790,19098,18262,17689,16862,16352,15582,14981,14458,13714,13256,12671,12192,11985,11692,11448,11314,11093,10901,10609,10500,10373,10083,9896,9645,9505,9435,9095,8909,8647,8383,8124,7781,7434,7148,6825,6505,6249,5988,5851,5568,5372,5181,4951,4753,4553,4349,4210,4012,3884,3735,3606,3478,3373,3199,3128,2994,2895,2833,2734,2665,2573,2470,2410,2317,2213,2120,2086,2024,1972,1898,1858,1797,1761,1735,1677,1642,1591,1564,1503,1465,1426,1376,1351,1274,1253
mTQ2,1,room,,1-Feb,1020,5.7,A4,1741,2131,2644,3344,4076,4960,5999,7233,8685,10193,11874,13681,15949,17984,20047,22513,24583,26372,28249,30145,31511,32318,33310,33863,33823,34310,33687,33469,32631,32067,31140,30434,29561,28554,28087,27317,26868,26422,26034,25832,25685,25281,25512,25462,25487,25778,25663,25908,26047,26021,25974,25818,26117,25602,25506,25438,24884,24395,24035,23453,22835,22026,21377,20785,19991,19364,18649,17796,17276,16435,15892,15187,14561,14057,13330,12899,12345,11923,11689,11456,11239,10983,10817,10663,10382,10216,10161,9831,9657,9436,9242,9195,8909,8666,8466,8163,7903,7539,7237,6980,6664,6327,6090,5827,5704,5435,5234,5052,4846,4693,4444,4241,4126,3909,3830,3661,3510,3384,3272,3114,3066,2944,2842,2761,2657,2614,2531,2427,2327,2233,2167,2069,2036,1973,1925,1867,1822,1755,1701,1699,1635,1618,1530,1525,1462,1442,1393,1348,1306,1245,1213
mTQ2,1,room,,1-Feb,1020,5.7,A5,1778,2187,2712,3417,4195,5074,6145,7377,8836,10382,12110,13971,16223,18331,20500,22950,25038,26931,28874,30611,32090,32865,33978,34545,34644,35022,34355,34027,33337,32553,31779,31089,30120,29095,28556,27825,27462,26936,26544,26337,26174,25814,26066,25830,26060,26301,26246,26489,26488,26604,26499,26403,26729,26147,26056,25891,25338,24938,24512,23866,23275,22547,21876,21172,20462,19723,19018,18116,17666,16834,16246,15497,14842,14336,13643,13160,12677,12162,11928,11651,11455,11239,11039,10819,10572,10410,10351,10057,9853,9600,9480,9382,9057,8842,8580,8340,8065,7716,7417,7146,6802,6447,6196,5940,5833,5524,5362,5188,4940,4754,4540,4352,4203,3999,3900,3748,3600,3470,3346,3199,3128,3005,2901,2826,2717,2662,2565,2463,2391,2279,2216,2110,2068,2004,1959,1893,1886,1787,1763,1722,1663,1656,1572,1546,1514,1453,1413,1385,1341,1262,1247
mTQ2,1,room,,1-Feb,1020,5.7,A6,1747,2156,2637,3357,4118,4975,6000,7217,8674,10204,11858,13669,15944,18007,20036,22464,24514,26371,28157,30086,31479,32185,33277,33742,33977,34181,33582,33385,32541,31970,31094,30371,29526,28478,27959,27224,26955,26427,26001,25749,25612,25269,25478,25333,25537,25723,25567,25853,25928,26023,25976,25789,26047,25519,25393,25379,24724,24370,23964,23331,22783,21968,21381,20796,19978,19320,18610,17786,17244,16432,15880,15168,14480,14019,13333,12889,12384,11900,11673,11421,11213,11006,10789,10629,10368,10212,10143,9829,9681,9440,9237,9169,8848,8682,8407,8139,7910,7548,7235,7020,6658,6310,6058,5832,5715,5427,5254,5029,4840,4674,4451,4234,4107,3901,3829,3626,3518,3388,3293,3119,3048,2916,2831,2762,2668,2594,2513,2428,2356,2224,2164,2071,2033,1964,1926,1843,1799,1766,1727,1685,1638,1598,1542,1522,1475,1431,1406,1359,1308,1245,1219
mTQ2,1,room,,2-Feb,1020,5.7,A1,1461,1811,2249,2791,3436,4135,4964,5954,7192,8437,9782,11215,13052,14763,16404,18393,19997,21462,22915,24401,25514,26154,26903,27360,27512,27596,27196,26910,26351,25832,25059,24558,23970,23062,22770,22180,21788,21469,21108,21017,20846,20512,20690,20620,20767,20877,20841,21092,21066,21157,21089,20938,21323,20773,20668,20580,20172,19761,19416,18977,18476,17851,17348,16856,16208,15693,15137,14418,13977,13359,12926,12384,11854,11470,10827,10508,10067,9741,9496,9283,9153,9013,8795,8645,8453,8338,8256,8028,7890,7703,7576,7515,7268,7092,6904,6667,6479,6167,5939,5705,5443,5166,4936,4771,4650,4411,4285,4135,3965,3780,3644,3462,3352,3195,3101,2982,2871,2754,2672,2543,2513,2400,2321,2253,2204,2137,2037,1975,1934,1841,1776,1697,1674,1613,1592,1518,1481,1434,1405,1372,1358,1329,1260,1243,1217,1159,1143,1110,1068,1033,1004
mTQ2,1,room,,2-Feb,1020,5.7,A2,1673,2049,2547,3174,3885,4697,5679,6806,8195,9630,11206,12880,14963,16883,18776,21080,22958,24641,26313,28012,29287,30054,30954,31481,31528,31689,31268,30931,30337,29774,28900,28291,27520,26525,26144,25489,25109,24670,24220,24144,23941,23668,23848,23652,23839,23988,23899,24123,24133,24244,24199,24014,24347,23804,23719,23598,23166,22721,22312,21772,21153,20455,19912,19305,18543,17941,17354,16571,16044,15232,14805,14126,13554,13106,12476,11993,11495,11104,10844,10643,10452,10276,10051,9882,9663,9534,9442,9178,8989,8809,8641,8606,8288,8077,7816,7607,7391,7041,6745,6488,6176,5858,5654,5436,5296,5060,4860,4722,4491,4353,4135,3973,3822,3665,3533,3419,3254,3151,3054,2920,2831,2704,2645,2574,2502,2426,2345,2266,2211,2070,2038,1921,1904,1831,1792,1743,1708,1640,1608,1579,1517,1484,1451,1426,1378,1318,1288,1260,1224,1163,1131
mTQ2,1,room,,2-Feb,1020,5.7,A3,1370,1680,2058,2589,3188,3818,4635,5553,6691,7828,9089,10473,12172,13726,15301,17067,18567,19991,21389,22691,23730,24341,25097,25464,25508,25682,25328,25027,24564,24105,23404,22937,22243,21491,21215,20554,20335,19987,19615,19534,19393,19121,19323,19111,19291,19363,19343,19527,19605,19656,19627,19466,19753,19290,19212,19148,18794,18430,18068,17646,17170,16600,16208,15672,15034,14577,14027,13370,13065,12437,12043,11524,10987,10649,10123,9778,9385,9030,8821,8673,8564,8378,8152,8030,7855,7758,7670,7488,7291,7151,7015,6999,6750,6610,6376,6208,6027,5704,5506,5340,5051,4808,4632,4437,4316,4115,3979,3855,3656,3548,3377,3231,3123,2997,2900,2793,2682,2569,2514,2388,2320,2233,2153,2100,2047,1995,1939,1854,1811,1730,1672,1611,1578,1485,1472,1434,1397,1337,1315,1288,1252,1231,1195,1172,1132,1100,1058,1029,1020,967,950
mTQ2,1,room,,2-Feb,1020,5.7,A4,1498,1841,2251,2848,3490,4218,5100,6126,7361,8592,10019,11495,13392,15117,16767,18797,20426,22020,23520,25014,26088,26774,27595,27997,28157,28254,27867,27604,26958,26506,25761,25185,24463,23610,23341,22651,22407,21991,21547,21526,21305,21057,21210,21075,21216,21366,21185,21499,21559,21633,21560,21421,21704,21246,21164,21053,20680,20220,19949,19346,18867,18251,17730,17206,16510,15979,15448,14727,14328,13626,13202,12562,12043,11674,11062,10687,10239,9896,9704,9503,9322,9149,8952,8842,8598,8468,8393,8159,7997,7804,7707,7629,7376,7230,6994,6763,6565,6266,5982,5785,5511,5237,5041,4828,4707,4512,4353,4206,3997,3875,3707,3531,3404,3251,3189,3043,2903,2828,2715,2584,2535,2435,2361,2290,2234,2153,2096,2029,1962,1870,1815,1738,1701,1649,1602,1549,1520,1467,1427,1384,1364,1343,1303,1264,1220,1190,1145,1126,1089,1038,1019
mTQ2,1,room,,2-Feb,1020,5.7,A5,1393,1707,2128,2676,3257,3925,4757,5691,6834,8004,9326,10744,12452,14085,15673,17500,19004,20440,21802,23182,24234,24970,25621,26096,26150,26347,26007,25720,25163,24689,24040,23483,22831,22001,21711,21073,20806,20494,20075,20004,19859,19617,19736,19564,19774,19881,19797,20075,20065,20137,20051,19943,20229,19775,19716,19590,19227,18858,18538,18078,17540,17014,16525,16022,15473,14896,14413,13749,13375,12744,12380,11775,11262,10888,10336,10019,9586,9247,9043,8829,8692,8544,8370,8217,8045,7904,7834,7615,7514,7288,7157,7141,6885,6731,6513,6314,6143,5825,5630,5397,5139,4907,4711,4507,4413,4208,4044,3926,3752,3621,3452,3288,3176,3048,2962,2820,2733,2638,2548,2429,2389,2272,2208,2146,2065,2014,1952,1884,1850,1733,1702,1620,1570,1548,1483,1454,1427,1368,1329,1316,1294,1253,1224,1191,1143,1104,1078,1066,1031,971,958
mTQ2,1,room,,2-Feb,1020,5.7,A6,1490,1833,2242,2838,3446,4167,5029,6048,7270,8509,9892,11376,13186,14904,16543,18528,20145,21583,23088,24538,25623,26397,27201,27667,27651,27943,27496,27164,26617,26155,25390,24867,24210,23327,22951,22380,22106,21659,21244,21174,20997,20784,20919,20817,20925,21076,21033,21302,21338,21335,21342,21136,21400,20976,20847,20749,20374,19971,19643,19174,18664,18064,17543,17011,16380,15865,15328,14557,14174,13461,13052,12459,11927,11528,10985,10604,10149,9773,9585,9393,9215,9071,8880,8735,8531,8407,8323,8094,7936,7745,7589,7538,7295,7141,6921,6726,6516,6213,5971,5744,5435,5185,5007,4780,4678,4428,4312,4161,3971,3848,3675,3514,3374,3223,3132,3019,2896,2774,2703,2562,2504,2414,2337,2291,2203,2149,2088,2000,1952,1858,1799,1714,1689,1636,1594,1554,1513,1464,1416,1390,1343,1331,1288,1273,1220,1188,1154,1117,1077,1035,1004
