,,Well,,,,,,,,,,,,,E01,E02,E03,E04,E05,E06,,,,,,,,,,,,,D01,D02,D03,D04,D05,D06,,,,,,,,,,,,,,,,,,,,,,,,,,,,,,,,,,,,,,,,,,,,,,,,,F01,F02,F03,F04,F05,F06,G01,G02,G03,G04,G05,G06
,,Wavelength (nm),Buffer,Buffer,Buffer,Buffer,Buffer,Buffer,L-Proline,L-Proline,L-Proline,L-Proline,L-Proline,L-Proline,Glycine,Glycine,Glycine,Glycine,Glycine,Glycine,Taurine,Taurine,Taurine,Taurine,Taurine,Taurine,Tricine,Tricine,Tricine,Tricine,Tricine,Tricine,Sarcosine,Sarcosine,Sarcosine,Sarcosine,Sarcosine,Sarcosine,BetaineH2O,BetaineH2O,BetaineH2O,BetaineH2O,BetaineH2O,BetaineH2O,L-Tryptophan,L-Tryptophan,L-Tryptophan,L-Tryptophan,L-Tryptophan,L-Tryptophan,D-Galactose,D-Galactose,D-Galactose,D-Galactose,D-Galactose,D-Galactose,Trehalose2H2O,Trehalose2H2O,Trehalose2H2O,Trehalose2H2O,Trehalose2H2O,Trehalose2H2O,D-Mannitol,D-Mannitol,D-Mannitol,D-Mannitol,D-Mannitol,D-Mannitol,Xylitol,Xylitol,Xylitol,Xylitol,Xylitol,Xylitol,Meso-Erythritol,Meso-Erythritol,Meso-Erythritol,Meso-Erythritol,Meso-Erythritol,Meso-Erythritol,Myo-Inositol,Myo-Inositol,Myo-Inositol,Myo-Inositol,Myo-Inositol,Myo-Inositol,Urea,Urea,Urea,Urea,Urea,Urea,GuHCl,GuHCl,GuHCl,GuHCl,GuHCl,GuHCl
Protein,Gain,wt %,0,0,0,0,0,0,4,8,12,16,20,24,2,4,6,8,10,12,1,2,3,4,5,6,4,8,12,16,20,24,4,8,12,16,20,24,4,8,12,16,20,24,0.2,0.4,0.6,0.8,1,1.2,4,8,12,16,20,24,4,8,12,16,20,24,2,4,6,8,10,12,4,8,12,16,20,24,4,8,12,16,20,24,2,4,6,8,10,12,0.25,0.5,0.75,1,1.25,1.5,0.25,0.5,0.75,1,1.25,1.5
PUMA S3,1020,450,798,683,745,741,672,693,0,0,0,0,0,0,958,908,869,811,744,853,0,0,0,0,0,0,0,0,0,0,0,0,828,786,751,680,622,617,0,0,0,0,0,0,0,0,0,0,0,0,0,0,0,0,0,0,0,0,0,0,0,0,0,0,0,0,0,0,0,0,0,0,0,0,0,0,0,0,0,0,0,0,0,0,0,0,969,973,1025,999,1014,1078,848,1054,1159,1098,1129,1139
PUMA S3,1020,451,991,840,905,913,843,860,0,0,0,0,0,0,1176,1094,1073,979,898,1021,0,0,0,0,0,0,0,0,0,0,0,0,1003,950,898,812,742,724,0,0,0,0,0,0,0,0,0,0,0,0,0,0,0,0,0,0,0,0,0,0,0,0,0,0,0,0,0,0,0,0,0,0,0,0,0,0,0,0,0,0,0,0,0,0,0,0,1189,1209,1279,1252,1277,1339,1036,1316,1438,1340,1396,1400
PUMA S3,1020,452,1219,1043,1143,1127,1039,1057,0,0,0,0,0,0,1433,1349,1313,1197,1083,1241,0,0,0,0,0,0,0,0,0,0,0,0,1233,1161,1093,975,888,878,0,0,0,0,0,0,0,0,0,0,0,0,0,0,0,0,0,0,0,0,0,0,0,0,0,0,0,0,0,0,0,0,0,0,0,0,0,0,0,0,0,0,0,0,0,0,0,0,1457,1492,1556,1525,1551,1644,1277,1607,1768,1665,1735,1736
PUMA S3,1020,453,1498,1277,1401,1384,1276,1302,0,0,0,0,0,0,1754,1616,1589,1436,1300,1475,0,0,0,0,0,0,0,0,0,0,0,0,1497,1412,1328,1185,1053,1030,0,0,0,0,0,0,0,0,0,0,0,0,0,0,0,0,0,0,0,0,0,0,0,0,0,0,0,0,0,0,0,0,0,0,0,0,0,0,0,0,0,0,0,0,0,0,0,0,1777,1799,1895,1856,1893,2008,1552,1975,2151,2022,2096,2098
PUMA S3,1020,454,1846,1551,1712,1714,1554,1608,0,0,0,0,0,0,2150,1975,1919,1736,1567,1786,0,0,0,0,0,0,0,0,0,0,0,0,1841,1715,1599,1425,1274,1244,0,0,0,0,0,0,0,0,0,0,0,0,0,0,0,0,0,0,0,0,0,0,0,0,0,0,0,0,0,0,0,0,0,0,0,0,0,0,0,0,0,0,0,0,0,0,0,0,2172,2195,2339,2300,2331,2460,1882,2409,2655,2485,2596,2596
PUMA S3,1020,455,2252,1913,2096,2095,1909,1944,0,0,0,0,0,0,2609,2423,2347,2106,1895,2143,0,0,0,0,0,0,0,0,0,0,0,0,2217,2074,1946,1715,1517,1489,0,0,0,0,0,0,0,0,0,0,0,0,0,0,0,0,0,0,0,0,0,0,0,0,0,0,0,0,0,0,0,0,0,0,0,0,0,0,0,0,0,0,0,0,0,0,0,0,2652,2681,2835,2803,2825,3010,2315,2946,3245,3059,3147,3145
PUMA S3,1020,456,2704,2318,2520,2533,2295,2344,0,0,0,0,0,0,3114,2878,2798,2514,2242,2544,0,0,0,0,0,0,0,0,0,0,0,0,2655,2469,2332,2031,1819,1747,0,0,0,0,0,0,0,0,0,0,0,0,0,0,0,0,0,0,0,0,0,0,0,0,0,0,0,0,0,0,0,0,0,0,0,0,0,0,0,0,0,0,0,0,0,0,0,0,3149,3203,3373,3347,3387,3599,2780,3522,3864,3669,3783,3776
PUMA S3,1020,457,3244,2757,3005,3046,2754,2832,0,0,0,0,0,0,3678,3424,3292,2957,2646,2989,0,0,0,0,0,0,0,0,0,0,0,0,3157,2929,2752,2410,2134,2062,0,0,0,0,0,0,0,0,0,0,0,0,0,0,0,0,0,0,0,0,0,0,0,0,0,0,0,0,0,0,0,0,0,0,0,0,0,0,0,0,0,0,0,0,0,0,0,0,3765,3797,4024,3976,4017,4275,3311,4212,4662,4352,4485,4517
PUMA S3,1020,458,3830,3295,3594,3607,3286,3352,0,0,0,0,0,0,4387,4055,3904,3501,3144,3546,0,0,0,0,0,0,0,0,0,0,0,0,3738,3473,3237,2850,2510,2439,0,0,0,0,0,0,0,0,0,0,0,0,0,0,0,0,0,0,0,0,0,0,0,0,0,0,0,0,0,0,0,0,0,0,0,0,0,0,0,0,0,0,0,0,0,0,0,0,4447,4515,4783,4693,4799,5092,3914,4982,5509,5170,5347,5402
PUMA S3,1020,459,4563,3899,4264,4273,3873,3982,0,0,0,0,0,0,5153,4776,4598,4132,3660,4119,0,0,0,0,0,0,0,0,0,0,0,0,4385,4063,3793,3342,2951,2836,0,0,0,0,0,0,0,0,0,0,0,0,0,0,0,0,0,0,0,0,0,0,0,0,0,0,0,0,0,0,0,0,0,0,0,0,0,0,0,0,0,0,0,0,0,0,0,0,5226,5296,5603,5511,5615,5993,4588,5861,6478,6071,6309,6347
PUMA S3,1020,460,5294,4557,4982,4971,4541,4616,0,0,0,0,0,0,5949,5507,5331,4760,4258,4780,0,0,0,0,0,0,0,0,0,0,0,0,5082,4743,4391,3886,3404,3288,0,0,0,0,0,0,0,0,0,0,0,0,0,0,0,0,0,0,0,0,0,0,0,0,0,0,0,0,0,0,0,0,0,0,0,0,0,0,0,0,0,0,0,0,0,0,0,0,6069,6130,6511,6397,6541,6943,5345,6799,7567,7118,7357,7381
PUMA S3,1020,461,6101,5205,5746,5715,5217,5310,0,0,0,0,0,0,6808,6264,6079,5421,4820,5431,0,0,0,0,0,0,0,0,0,0,0,0,5810,5386,4994,4422,3864,3746,0,0,0,0,0,0,0,0,0,0,0,0,0,0,0,0,0,0,0,0,0,0,0,0,0,0,0,0,0,0,0,0,0,0,0,0,0,0,0,0,0,0,0,0,0,0,0,0,6905,7041,7399,7298,7447,7924,6084,7779,8644,8131,8412,8488
PUMA S3,1020,462,7007,5999,6559,6569,5983,6090,0,0,0,0,0,0,7758,7210,6940,6209,5502,6206,0,0,0,0,0,0,0,0,0,0,0,0,6643,6167,5715,5040,4433,4277,0,0,0,0,0,0,0,0,0,0,0,0,0,0,0,0,0,0,0,0,0,0,0,0,0,0,0,0,0,0,0,0,0,0,0,0,0,0,0,0,0,0,0,0,0,0,0,0,7908,8051,8504,8375,8518,9091,6978,8931,9918,9307,9628,9728
PUMA S3,1020,463,8017,6885,7543,7526,6851,6959,0,0,0,0,0,0,8908,8219,7908,7080,6309,7074,0,0,0,0,0,0,0,0,0,0,0,0,7579,7058,6562,5723,5039,4880,0,0,0,0,0,0,0,0,0,0,0,0,0,0,0,0,0,0,0,0,0,0,0,0,0,0,0,0,0,0,0,0,0,0,0,0,0,0,0,0,0,0,0,0,0,0,0,0,9020,9167,9705,9545,9710,10375,7999,10225,11340,10679,11114,11158
PUMA S3,1020,464,8940,7654,8369,8360,7595,7749,0,0,0,0,0,0,9868,9071,8803,7844,6942,7840,0,0,0,0,0,0,0,0,0,0,0,0,8369,7809,7238,6337,5603,5400,0,0,0,0,0,0,0,0,0,0,0,0,0,0,0,0,0,0,0,0,0,0,0,0,0,0,0,0,0,0,0,0,0,0,0,0,0,0,0,0,0,0,0,0,0,0,0,0,9998,10189,10726,10546,10727,11463,8875,11376,12625,11852,12363,12415
PUMA S3,1020,465,9862,8447,9280,9278,8411,8581,0,0,0,0,0,0,10896,10058,9696,8647,7658,8659,0,0,0,0,0,0,0,0,0,0,0,0,9250,8637,8014,6997,6189,5971,0,0,0,0,0,0,0,0,0,0,0,0,0,0,0,0,0,0,0,0,0,0,0,0,0,0,0,0,0,0,0,0,0,0,0,0,0,0,0,0,0,0,0,0,0,0,0,0,11057,11209,11883,11697,11836,12678,9757,12557,14011,13193,13667,13728
PUMA S3,1020,466,10907,9309,10238,10253,9290,9459,0,0,0,0,0,0,11940,11076,10639,9508,8457,9523,0,0,0,0,0,0,0,0,0,0,0,0,10215,9539,8839,7738,6776,6566,0,0,0,0,0,0,0,0,0,0,0,0,0,0,0,0,0,0,0,0,0,0,0,0,0,0,0,0,0,0,0,0,0,0,0,0,0,0,0,0,0,0,0,0,0,0,0,0,12129,12363,13048,12895,13061,13970,10799,13928,15485,14603,15110,15281
PUMA S3,1020,467,11682,10032,10999,10997,9979,10155,0,0,0,0,0,0,12823,11845,11416,10204,9044,10189,0,0,0,0,0,0,0,0,0,0,0,0,10957,10222,9492,8317,7332,7037,0,0,0,0,0,0,0,0,0,0,0,0,0,0,0,0,0,0,0,0,0,0,0,0,0,0,0,0,0,0,0,0,0,0,0,0,0,0,0,0,0,0,0,0,0,0,0,0,13034,13234,14044,13755,14019,14953,11639,14932,16620,15703,16304,16395
PUMA S3,1020,468,12474,10713,11739,11713,10635,10799,0,0,0,0,0,0,13696,12637,12192,10869,9656,10875,0,0,0,0,0,0,0,0,0,0,0,0,11689,10892,10110,8881,7801,7532,0,0,0,0,0,0,0,0,0,0,0,0,0,0,0,0,0,0,0,0,0,0,0,0,0,0,0,0,0,0,0,0,0,0,0,0,0,0,0,0,0,0,0,0,0,0,0,0,13870,14171,14921,14686,14938,15989,12434,16020,17769,16803,17385,17561
PUMA S3,1020,469,13307,11414,12553,12486,11376,11499,0,0,0,0,0,0,14559,13418,12972,11548,10312,11555,0,0,0,0,0,0,0,0,0,0,0,0,12415,11598,10784,9430,8314,7981,0,0,0,0,0,0,0,0,0,0,0,0,0,0,0,0,0,0,0,0,0,0,0,0,0,0,0,0,0,0,0,0,0,0,0,0,0,0,0,0,0,0,0,0,0,0,0,0,14753,14979,15871,15679,15920,16973,13184,17031,18963,17894,18651,18810
PUMA S3,1020,470,13908,11975,13060,13085,11912,12103,0,0,0,0,0,0,15178,14086,13535,12095,10746,12094,0,0,0,0,0,0,0,0,0,0,0,0,13024,12087,11290,9885,8677,8398,0,0,0,0,0,0,0,0,0,0,0,0,0,0,0,0,0,0,0,0,0,0,0,0,0,0,0,0,0,0,0,0,0,0,0,0,0,0,0,0,0,0,0,0,0,0,0,0,15445,15695,16640,16350,16656,17799,13850,17923,19864,18827,19563,19674
PUMA S3,1020,471,14235,12218,13431,13386,12176,12337,0,0,0,0,0,0,15535,14401,13876,12396,11005,12409,0,0,0,0,0,0,0,0,0,0,0,0,13332,12420,11530,10120,8909,8567,0,0,0,0,0,0,0,0,0,0,0,0,0,0,0,0,0,0,0,0,0,0,0,0,0,0,0,0,0,0,0,0,0,0,0,0,0,0,0,0,0,0,0,0,0,0,0,0,15840,16085,17081,16769,17071,18249,14226,18309,20500,19334,20161,20289
PUMA S3,1020,472,14540,12477,13723,13720,12423,12607,0,0,0,0,0,0,15946,14740,14202,12668,11308,12704,0,0,0,0,0,0,0,0,0,0,0,0,13627,12750,11834,10354,9125,8810,0,0,0,0,0,0,0,0,0,0,0,0,0,0,0,0,0,0,0,0,0,0,0,0,0,0,0,0,0,0,0,0,0,0,0,0,0,0,0,0,0,0,0,0,0,0,0,0,16178,16520,17440,17237,17518,18690,14543,18889,21116,19841,20650,20881
PUMA S3,1020,473,14893,12829,14076,13986,12746,12959,0,0,0,0,0,0,16322,15108,14528,13021,11554,12984,0,0,0,0,0,0,0,0,0,0,0,0,13917,13051,12164,10645,9396,9030,0,0,0,0,0,0,0,0,0,0,0,0,0,0,0,0,0,0,0,0,0,0,0,0,0,0,0,0,0,0,0,0,0,0,0,0,0,0,0,0,0,0,0,0,0,0,0,0,16541,16892,17921,17593,17896,19145,14959,19336,21582,20410,21280,21452
PUMA S3,1020,474,14899,12838,14095,14048,12722,12959,0,0,0,0,0,0,16378,15134,14616,13066,11657,13071,0,0,0,0,0,0,0,0,0,0,0,0,14017,13099,12210,10695,9403,9081,0,0,0,0,0,0,0,0,0,0,0,0,0,0,0,0,0,0,0,0,0,0,0,0,0,0,0,0,0,0,0,0,0,0,0,0,0,0,0,0,0,0,0,0,0,0,0,0,16544,16908,17902,17719,17948,19205,15054,19484,21752,20566,21459,21543
PUMA S3,1020,475,15021,12960,14195,14200,12885,13060,0,0,0,0,0,0,16490,15193,14617,13103,11666,13095,0,0,0,0,0,0,0,0,0,0,0,0,14042,13164,12272,10717,9428,9121,0,0,0,0,0,0,0,0,0,0,0,0,0,0,0,0,0,0,0,0,0,0,0,0,0,0,0,0,0,0,0,0,0,0,0,0,0,0,0,0,0,0,0,0,0,0,0,0,16613,17051,18005,17745,18094,19230,15139,19608,21977,20667,21643,21838
PUMA S3,1020,476,14808,12742,13949,13986,12669,12877,0,0,0,0,0,0,16305,15071,14562,12974,11600,13019,0,0,0,0,0,0,0,0,0,0,0,0,13948,13021,12085,10628,9411,9053,0,0,0,0,0,0,0,0,0,0,0,0,0,0,0,0,0,0,0,0,0,0,0,0,0,0,0,0,0,0,0,0,0,0,0,0,0,0,0,0,0,0,0,0,0,0,0,0,16511,16910,17894,17654,17896,19144,15000,19426,21693,20583,21460,21720
PUMA S3,1020,477,14636,12558,13784,13780,12503,12743,0,0,0,0,0,0,16127,14874,14356,12864,11426,12850,0,0,0,0,0,0,0,0,0,0,0,0,13768,12893,12001,10553,9267,8928,0,0,0,0,0,0,0,0,0,0,0,0,0,0,0,0,0,0,0,0,0,0,0,0,0,0,0,0,0,0,0,0,0,0,0,0,0,0,0,0,0,0,0,0,0,0,0,0,16352,16693,17639,17410,17672,18908,14886,19255,21511,20408,21272,21473
PUMA S3,1020,478,14268,12302,13450,13507,12271,12408,0,0,0,0,0,0,15780,14581,14035,12612,11224,12631,0,0,0,0,0,0,0,0,0,0,0,0,13529,12625,11783,10350,9076,8794,0,0,0,0,0,0,0,0,0,0,0,0,0,0,0,0,0,0,0,0,0,0,0,0,0,0,0,0,0,0,0,0,0,0,0,0,0,0,0,0,0,0,0,0,0,0,0,0,15993,16302,17207,17053,17342,18506,14556,18955,21161,20007,20866,21047
PUMA S3,1020,479,14039,12074,13218,13240,12034,12223,0,0,0,0,0,0,15552,14377,13855,12425,11058,12451,0,0,0,0,0,0,0,0,0,0,0,0,13265,12447,11569,10189,8937,8646,0,0,0,0,0,0,0,0,0,0,0,0,0,0,0,0,0,0,0,0,0,0,0,0,0,0,0,0,0,0,0,0,0,0,0,0,0,0,0,0,0,0,0,0,0,0,0,0,15787,16104,16996,16837,17162,18200,14409,18669,20856,19796,20634,20808
PUMA S3,1020,480,13652,11700,12828,12805,11682,11875,0,0,0,0,0,0,15147,13965,13502,12096,10759,12085,0,0,0,0,0,0,0,0,0,0,0,0,12947,12141,11252,9899,8714,8405,0,0,0,0,0,0,0,0,0,0,0,0,0,0,0,0,0,0,0,0,0,0,0,0,0,0,0,0,0,0,0,0,0,0,0,0,0,0,0,0,0,0,0,0,0,0,0,0,15380,15644,16549,16350,16624,17742,14020,18162,20287,19192,20050,20221
PUMA S3,1020,481,13346,11465,12589,12571,11385,11631,0,0,0,0,0,0,14914,13774,13247,11880,10575,11841,0,0,0,0,0,0,0,0,0,0,0,0,12684,11909,11053,9751,8567,8276,0,0,0,0,0,0,0,0,0,0,0,0,0,0,0,0,0,0,0,0,0,0,0,0,0,0,0,0,0,0,0,0,0,0,0,0,0,0,0,0,0,0,0,0,0,0,0,0,15110,15324,16241,16054,16292,17403,13749,17845,19968,18890,19706,19803
PUMA S3,1020,482,12981,11249,12274,12272,11179,11349,0,0,0,0,0,0,14500,13399,12932,11599,10291,11588,0,0,0,0,0,0,0,0,0,0,0,0,12376,11549,10803,9476,8369,8087,0,0,0,0,0,0,0,0,0,0,0,0,0,0,0,0,0,0,0,0,0,0,0,0,0,0,0,0,0,0,0,0,0,0,0,0,0,0,0,0,0,0,0,0,0,0,0,0,14688,14995,15896,15652,15902,16956,13435,17443,19471,18411,19212,19297
PUMA S3,1020,483,12565,10797,11826,11806,10756,10939,0,0,0,0,0,0,14015,12972,12519,11197,9963,11200,0,0,0,0,0,0,0,0,0,0,0,0,12017,11210,10428,9160,8090,7831,0,0,0,0,0,0,0,0,0,0,0,0,0,0,0,0,0,0,0,0,0,0,0,0,0,0,0,0,0,0,0,0,0,0,0,0,0,0,0,0,0,0,0,0,0,0,0,0,14241,14436,15262,15057,15347,16379,12995,16817,18760,17740,18499,18681
PUMA S3,1020,484,12420,10673,11665,11682,10639,10807,0,0,0,0,0,0,13886,12812,12378,11074,9832,11111,0,0,0,0,0,0,0,0,0,0,0,0,11864,11123,10342,9061,8011,7781,0,0,0,0,0,0,0,0,0,0,0,0,0,0,0,0,0,0,0,0,0,0,0,0,0,0,0,0,0,0,0,0,0,0,0,0,0,0,0,0,0,0,0,0,0,0,0,0,14123,14322,15156,14922,15169,16207,12861,16643,18562,17591,18303,18462
PUMA S3,1020,485,12096,10422,11392,11426,10376,10536,0,0,0,0,0,0,13569,12542,12044,10817,9598,10876,0,0,0,0,0,0,0,0,0,0,0,0,11595,10815,10086,8859,7845,7575,0,0,0,0,0,0,0,0,0,0,0,0,0,0,0,0,0,0,0,0,0,0,0,0,0,0,0,0,0,0,0,0,0,0,0,0,0,0,0,0,0,0,0,0,0,0,0,0,13777,13967,14741,14545,14762,15769,12558,16145,18047,17020,17785,17958
PUMA S3,1020,486,11851,10226,11252,11204,10223,10363,0,0,0,0,0,0,13322,12382,11901,10638,9511,10640,0,0,0,0,0,0,0,0,0,0,0,0,11387,10687,9908,8752,7707,7480,0,0,0,0,0,0,0,0,0,0,0,0,0,0,0,0,0,0,0,0,0,0,0,0,0,0,0,0,0,0,0,0,0,0,0,0,0,0,0,0,0,0,0,0,0,0,0,0,13562,13765,14495,14310,14520,15540,12341,15922,17674,16737,17456,17597
PUMA S3,1020,487,11824,10170,11116,11172,10160,10280,0,0,0,0,0,0,13259,12246,11806,10590,9433,10663,0,0,0,0,0,0,0,0,0,0,0,0,11376,10629,9857,8722,7715,7454,0,0,0,0,0,0,0,0,0,0,0,0,0,0,0,0,0,0,0,0,0,0,0,0,0,0,0,0,0,0,0,0,0,0,0,0,0,0,0,0,0,0,0,0,0,0,0,0,13461,13658,14432,14218,14442,15407,12219,15713,17521,16603,17303,17471
PUMA S3,1020,488,11612,9990,10945,10978,9993,10156,0,0,0,0,0,0,13003,12004,11636,10409,9332,10458,0,0,0,0,0,0,0,0,0,0,0,0,11148,10467,9757,8606,7567,7334,0,0,0,0,0,0,0,0,0,0,0,0,0,0,0,0,0,0,0,0,0,0,0,0,0,0,0,0,0,0,0,0,0,0,0,0,0,0,0,0,0,0,0,0,0,0,0,0,13225,13492,14157,14006,14195,15074,12002,15423,17202,16269,16904,17059
PUMA S3,1020,489,11555,9940,10885,10895,9905,10096,0,0,0,0,0,0,12916,11952,11533,10369,9248,10441,0,0,0,0,0,0,0,0,0,0,0,0,11103,10382,9736,8570,7592,7368,0,0,0,0,0,0,0,0,0,0,0,0,0,0,0,0,0,0,0,0,0,0,0,0,0,0,0,0,0,0,0,0,0,0,0,0,0,0,0,0,0,0,0,0,0,0,0,0,13139,13284,14109,13905,14080,15021,11870,15256,16997,16050,16727,16829
PUMA S3,1020,490,11660,10049,11031,11086,10049,10170,0,0,0,0,0,0,13062,12094,11698,10486,9389,10596,0,0,0,0,0,0,0,0,0,0,0,0,11198,10530,9877,8702,7728,7496,0,0,0,0,0,0,0,0,0,0,0,0,0,0,0,0,0,0,0,0,0,0,0,0,0,0,0,0,0,0,0,0,0,0,0,0,0,0,0,0,0,0,0,0,0,0,0,0,13272,13407,14207,13974,14129,15049,11961,15355,17046,16109,16787,16920
PUMA S3,1020,491,11639,10018,10982,10999,10007,10098,0,0,0,0,0,0,13018,12045,11618,10467,9341,10514,0,0,0,0,0,0,0,0,0,0,0,0,11156,10430,9787,8661,7684,7490,0,0,0,0,0,0,0,0,0,0,0,0,0,0,0,0,0,0,0,0,0,0,0,0,0,0,0,0,0,0,0,0,0,0,0,0,0,0,0,0,0,0,0,0,0,0,0,0,13172,13381,14089,13882,14037,14927,11881,15135,16880,15908,16567,16649
PUMA S3,1020,492,11791,10130,11093,11145,10159,10231,0,0,0,0,0,0,13197,12204,11782,10615,9563,10741,0,0,0,0,0,0,0,0,0,0,0,0,11319,10656,9953,8836,7859,7677,0,0,0,0,0,0,0,0,0,0,0,0,0,0,0,0,0,0,0,0,0,0,0,0,0,0,0,0,0,0,0,0,0,0,0,0,0,0,0,0,0,0,0,0,0,0,0,0,13303,13494,14213,13931,14110,15020,11965,15233,16944,15964,16605,16718
PUMA S3,1020,493,12018,10377,11355,11371,10379,10486,0,0,0,0,0,0,13438,12438,12037,10844,9747,11012,0,0,0,0,0,0,0,0,0,0,0,0,11589,10897,10236,9103,8135,7890,0,0,0,0,0,0,0,0,0,0,0,0,0,0,0,0,0,0,0,0,0,0,0,0,0,0,0,0,0,0,0,0,0,0,0,0,0,0,0,0,0,0,0,0,0,0,0,0,13521,13698,14392,14152,14280,15198,12082,15382,17010,16060,16700,16761
PUMA S3,1020,494,12292,10625,11613,11633,10616,10700,0,0,0,0,0,0,13725,12703,12359,11141,9997,11316,0,0,0,0,0,0,0,0,0,0,0,0,11800,11158,10499,9346,8353,8171,0,0,0,0,0,0,0,0,0,0,0,0,0,0,0,0,0,0,0,0,0,0,0,0,0,0,0,0,0,0,0,0,0,0,0,0,0,0,0,0,0,0,0,0,0,0,0,0,13810,13912,14605,14318,14468,15400,12257,15546,17256,16190,16784,16953
PUMA S3,1020,495,12754,11014,11945,12022,10956,11110,0,0,0,0,0,0,14075,13159,12703,11547,10394,11775,0,0,0,0,0,0,0,0,0,0,0,0,12157,11578,10953,9817,8709,8518,0,0,0,0,0,0,0,0,0,0,0,0,0,0,0,0,0,0,0,0,0,0,0,0,0,0,0,0,0,0,0,0,0,0,0,0,0,0,0,0,0,0,0,0,0,0,0,0,14178,14304,14977,14681,14839,15747,12592,15854,17551,16543,17144,17174
PUMA S3,1020,496,13047,11258,12326,12309,11292,11394,0,0,0,0,0,0,14461,13446,13104,11870,10681,12084,0,0,0,0,0,0,0,0,0,0,0,0,12488,11883,11279,10124,9087,8905,0,0,0,0,0,0,0,0,0,0,0,0,0,0,0,0,0,0,0,0,0,0,0,0,0,0,0,0,0,0,0,0,0,0,0,0,0,0,0,0,0,0,0,0,0,0,0,0,14498,14498,15184,14902,14965,15874,12741,16071,17673,16569,17212,17249
PUMA S3,1020,497,13601,11737,12836,12845,11740,11832,0,0,0,0,0,0,15019,13982,13636,12372,11171,12679,0,0,0,0,0,0,0,0,0,0,0,0,12930,12370,11826,10624,9604,9435,0,0,0,0,0,0,0,0,0,0,0,0,0,0,0,0,0,0,0,0,0,0,0,0,0,0,0,0,0,0,0,0,0,0,0,0,0,0,0,0,0,0,0,0,0,0,0,0,14969,15004,15636,15282,15412,16293,13155,16434,18003,16870,17515,17566
PUMA S3,1020,498,14057,12122,13197,13327,12117,12221,0,0,0,0,0,0,15516,14545,14213,12879,11682,13284,0,0,0,0,0,0,0,0,0,0,0,0,13460,12895,12376,11171,10104,9992,0,0,0,0,0,0,0,0,0,0,0,0,0,0,0,0,0,0,0,0,0,0,0,0,0,0,0,0,0,0,0,0,0,0,0,0,0,0,0,0,0,0,0,0,0,0,0,0,15443,15450,16064,15662,15673,16633,13490,16724,18302,17144,17690,17692
PUMA S3,1020,499,14832,12938,14084,14128,12871,13013,0,0,0,0,0,0,16401,15359,14961,13632,12388,14142,0,0,0,0,0,0,0,0,0,0,0,0,14220,13680,13188,12012,10893,10771,0,0,0,0,0,0,0,0,0,0,0,0,0,0,0,0,0,0,0,0,0,0,0,0,0,0,0,0,0,0,0,0,0,0,0,0,0,0,0,0,0,0,0,0,0,0,0,0,16184,16092,16704,16308,16248,17167,14025,17354,18878,17599,18112,18131
PUMA S3,1020,500,15592,13509,14777,14819,13541,13581,0,0,0,0,0,0,17095,16004,15662,14322,13077,14904,0,0,0,0,0,0,0,0,0,0,0,0,14830,14390,13897,12766,11605,11555,0,0,0,0,0,0,0,0,0,0,0,0,0,0,0,0,0,0,0,0,0,0,0,0,0,0,0,0,0,0,0,0,0,0,0,0,0,0,0,0,0,0,0,0,0,0,0,0,16780,16691,17249,16727,16673,17478,14443,17759,19241,17909,18363,18458
PUMA S3,1020,501,16378,14179,15475,15547,14179,14234,0,0,0,0,0,0,17830,16778,16455,15071,13816,15785,0,0,0,0,0,0,0,0,0,0,0,0,15555,15152,14712,13556,12414,12415,0,0,0,0,0,0,0,0,0,0,0,0,0,0,0,0,0,0,0,0,0,0,0,0,0,0,0,0,0,0,0,0,0,0,0,0,0,0,0,0,0,0,0,0,0,0,0,0,17417,17261,17781,17200,17094,17935,14937,18216,19600,18182,18681,18571
PUMA S3,1020,502,17656,15364,16723,16820,15313,15417,0,0,0,0,0,0,19268,18163,17824,16352,15003,17227,0,0,0,0,0,0,0,0,0,0,0,0,16809,16401,16097,14883,13756,13751,0,0,0,0,0,0,0,0,0,0,0,0,0,0,0,0,0,0,0,0,0,0,0,0,0,0,0,0,0,0,0,0,0,0,0,0,0,0,0,0,0,0,0,0,0,0,0,0,18739,18386,18890,18185,18025,18832,15837,19225,20583,19036,19456,19397
PUMA S3,1020,503,18606,16220,17588,17693,16114,16228,0,0,0,0,0,0,20198,19005,18772,17267,15893,18268,0,0,0,0,0,0,0,0,0,0,0,0,17627,17329,17069,15951,14697,14833,0,0,0,0,0,0,0,0,0,0,0,0,0,0,0,0,0,0,0,0,0,0,0,0,0,0,0,0,0,0,0,0,0,0,0,0,0,0,0,0,0,0,0,0,0,0,0,0,19468,19123,19541,18729,18481,19268,16395,19643,20929,19280,19673,19572
PUMA S3,1020,504,19868,17309,18846,18862,17215,17288,0,0,0,0,0,0,21306,20270,20095,18576,17110,19757,0,0,0,0,0,0,0,0,0,0,0,0,18824,18534,18409,17264,16067,16197,0,0,0,0,0,0,0,0,0,0,0,0,0,0,0,0,0,0,0,0,0,0,0,0,0,0,0,0,0,0,0,0,0,0,0,0,0,0,0,0,0,0,0,0,0,0,0,0,20612,20103,20417,19525,19218,19992,17211,20516,21677,19939,20255,20089
PUMA S3,1020,505,21225,18442,20119,20217,18396,18396,0,0,0,0,0,0,22750,21588,21455,19828,18361,21257,0,0,0,0,0,0,0,0,0,0,0,0,19995,19923,19835,18658,17467,17740,0,0,0,0,0,0,0,0,0,0,0,0,0,0,0,0,0,0,0,0,0,0,0,0,0,0,0,0,0,0,0,0,0,0,0,0,0,0,0,0,0,0,0,0,0,0,0,0,21767,21140,21417,20415,19965,20761,18022,21323,22431,20508,20712,20520
PUMA S3,1020,506,22599,19645,21400,21484,19588,19560,0,0,0,0,0,0,24123,22946,22866,21228,19598,22815,0,0,0,0,0,0,0,0,0,0,0,0,21256,21277,21263,20127,18954,19292,0,0,0,0,0,0,0,0,0,0,0,0,0,0,0,0,0,0,0,0,0,0,0,0,0,0,0,0,0,0,0,0,0,0,0,0,0,0,0,0,0,0,0,0,0,0,0,0,23001,22231,22385,21310,20788,21399,18938,22144,23206,21077,21286,20989
PUMA S3,1020,507,23931,20821,22717,22751,20712,20723,0,0,0,0,0,0,25511,24349,24329,22539,20956,24434,0,0,0,0,0,0,0,0,0,0,0,0,22522,22642,22697,21709,20482,20888,0,0,0,0,0,0,0,0,0,0,0,0,0,0,0,0,0,0,0,0,0,0,0,0,0,0,0,0,0,0,0,0,0,0,0,0,0,0,0,0,0,0,0,0,0,0,0,0,24192,23346,23316,22131,21547,22152,19847,23005,23922,21672,21776,21426
PUMA S3,1020,508,25691,22389,24435,24507,22311,22178,0,0,0,0,0,0,27301,26090,26093,24347,22719,26553,0,0,0,0,0,0,0,0,0,0,0,0,24156,24348,24661,23519,22345,22977,0,0,0,0,0,0,0,0,0,0,0,0,0,0,0,0,0,0,0,0,0,0,0,0,0,0,0,0,0,0,0,0,0,0,0,0,0,0,0,0,0,0,0,0,0,0,0,0,25763,24741,24678,23290,22566,23151,21037,24142,24932,22535,22538,22137
PUMA S3,1020,509,27330,23775,25928,25990,23665,23615,0,0,0,0,0,0,28941,27741,27703,25888,24143,28388,0,0,0,0,0,0,0,0,0,0,0,0,25565,25892,26379,25287,23971,24726,0,0,0,0,0,0,0,0,0,0,0,0,0,0,0,0,0,0,0,0,0,0,0,0,0,0,0,0,0,0,0,0,0,0,0,0,0,0,0,0,0,0,0,0,0,0,0,0,27197,25965,25831,24279,23450,23972,22093,25187,25957,23220,23158,22673
PUMA S3,1020,510,28601,24946,27175,27249,24768,24690,0,0,0,0,0,0,30325,29021,29086,27354,25517,29870,0,0,0,0,0,0,0,0,0,0,0,0,26897,27285,27843,26812,25526,26343,0,0,0,0,0,0,0,0,0,0,0,0,0,0,0,0,0,0,0,0,0,0,0,0,0,0,0,0,0,0,0,0,0,0,0,0,0,0,0,0,0,0,0,0,0,0,0,0,28360,26930,26831,25037,24084,24579,22910,25956,26521,23826,23617,23061
PUMA S3,1020,511,29944,26046,28398,28434,25836,25832,0,0,0,0,0,0,31624,30405,30396,28590,26720,31467,0,0,0,0,0,0,0,0,0,0,0,0,28054,28568,29286,28286,26999,27859,0,0,0,0,0,0,0,0,0,0,0,0,0,0,0,0,0,0,0,0,0,0,0,0,0,0,0,0,0,0,0,0,0,0,0,0,0,0,0,0,0,0,0,0,0,0,0,0,29299,27869,27627,25828,24697,25068,23707,26616,27091,24210,23935,23357
PUMA S3,1020,512,31398,27449,29913,30000,27305,27183,0,0,0,0,0,0,33218,31879,32077,30280,28296,33396,0,0,0,0,0,0,0,0,0,0,0,0,29555,30210,31018,29947,28742,29807,0,0,0,0,0,0,0,0,0,0,0,0,0,0,0,0,0,0,0,0,0,0,0,0,0,0,0,0,0,0,0,0,0,0,0,0,0,0,0,0,0,0,0,0,0,0,0,0,30792,29135,28776,26753,25528,25981,24760,27748,28101,25024,24631,24057
PUMA S3,1020,513,32636,28402,30947,31029,28217,28130,0,0,0,0,0,0,34488,33154,33290,31401,29519,34735,0,0,0,0,0,0,0,0,0,0,0,0,30578,31290,32280,31212,29999,31250,0,0,0,0,0,0,0,0,0,0,0,0,0,0,0,0,0,0,0,0,0,0,0,0,0,0,0,0,0,0,0,0,0,0,0,0,0,0,0,0,0,0,0,0,0,0,0,0,31787,30042,29541,27502,26134,26380,25421,28480,28749,25463,25023,24340
PUMA S3,1020,514,33348,29016,31605,31749,28816,28647,0,0,0,0,0,0,35214,33834,34135,32155,30238,35729,0,0,0,0,0,0,0,0,0,0,0,0,31344,32070,33107,32188,30916,32201,0,0,0,0,0,0,0,0,0,0,0,0,0,0,0,0,0,0,0,0,0,0,0,0,0,0,0,0,0,0,0,0,0,0,0,0,0,0,0,0,0,0,0,0,0,0,0,0,32396,30577,29920,27769,26420,26628,25877,28772,28992,25634,25205,24412
PUMA S3,1020,515,34113,29653,32363,32363,29397,29258,0,0,0,0,0,0,35948,34619,34855,32944,31006,36598,0,0,0,0,0,0,0,0,0,0,0,0,32070,32839,34026,33082,31753,33184,0,0,0,0,0,0,0,0,0,0,0,0,0,0,0,0,0,0,0,0,0,0,0,0,0,0,0,0,0,0,0,0,0,0,0,0,0,0,0,0,0,0,0,0,0,0,0,0,33104,31114,30442,28127,26682,26934,26438,29172,29396,25838,25382,24465
PUMA S3,1020,516,34504,30024,32751,32918,29778,29643,0,0,0,0,0,0,36515,35003,35365,33445,31465,37213,0,0,0,0,0,0,0,0,0,0,0,0,32533,33357,34523,33707,32437,33774,0,0,0,0,0,0,0,0,0,0,0,0,0,0,0,0,0,0,0,0,0,0,0,0,0,0,0,0,0,0,0,0,0,0,0,0,0,0,0,0,0,0,0,0,0,0,0,0,33390,31357,30703,28331,26811,26960,26713,29490,29478,25968,25421,24548
PUMA S3,1020,517,34291,29848,32607,32760,29629,29447,0,0,0,0,0,0,36260,35052,35380,33402,31470,37267,0,0,0,0,0,0,0,0,0,0,0,0,32307,33196,34501,33683,32401,33963,0,0,0,0,0,0,0,0,0,0,0,0,0,0,0,0,0,0,0,0,0,0,0,0,0,0,0,0,0,0,0,0,0,0,0,0,0,0,0,0,0,0,0,0,0,0,0,0,33307,31178,30512,28045,26497,26666,26572,29198,29283,25656,25124,24229
PUMA S3,1020,518,34400,29878,32567,32653,29532,29479,0,0,0,0,0,0,36397,35069,35348,33451,31469,37377,0,0,0,0,0,0,0,0,0,0,0,0,32332,33324,34542,33837,32560,34036,0,0,0,0,0,0,0,0,0,0,0,0,0,0,0,0,0,0,0,0,0,0,0,0,0,0,0,0,0,0,0,0,0,0,0,0,0,0,0,0,0,0,0,0,0,0,0,0,33329,31119,30395,28086,26384,26515,26553,29177,29151,25572,24969,24087
PUMA S3,1020,519,33625,29250,31891,32029,28968,28889,0,0,0,0,0,0,35663,34384,34700,32803,30932,36625,0,0,0,0,0,0,0,0,0,0,0,0,31816,32686,33950,33157,31891,33449,0,0,0,0,0,0,0,0,0,0,0,0,0,0,0,0,0,0,0,0,0,0,0,0,0,0,0,0,0,0,0,0,0,0,0,0,0,0,0,0,0,0,0,0,0,0,0,0,32590,30569,29727,27311,25852,25831,25978,28608,28466,24987,24318,23409
PUMA S3,1020,520,33061,28828,31347,31451,28448,28290,0,0,0,0,0,0,35092,33904,34236,32406,30443,36156,0,0,0,0,0,0,0,0,0,0,0,0,31396,32268,33437,32611,31458,33057,0,0,0,0,0,0,0,0,0,0,0,0,0,0,0,0,0,0,0,0,0,0,0,0,0,0,0,0,0,0,0,0,0,0,0,0,0,0,0,0,0,0,0,0,0,0,0,0,32186,30030,29174,26881,25297,25336,25576,28201,28051,24467,23859,22976
PUMA S3,1020,521,32097,27784,30378,30524,27595,27526,0,0,0,0,0,0,34076,32924,33269,31344,29540,35032,0,0,0,0,0,0,0,0,0,0,0,0,30355,31235,32426,31709,30543,32059,0,0,0,0,0,0,0,0,0,0,0,0,0,0,0,0,0,0,0,0,0,0,0,0,0,0,0,0,0,0,0,0,0,0,0,0,0,0,0,0,0,0,0,0,0,0,0,0,31287,29207,28391,26040,24507,24541,24833,27349,27194,23746,23096,22213
PUMA S3,1020,522,30863,26795,29182,29329,26534,26392,0,0,0,0,0,0,32881,31771,32129,30349,28497,33794,0,0,0,0,0,0,0,0,0,0,0,0,29248,30130,31276,30663,29426,30949,0,0,0,0,0,0,0,0,0,0,0,0,0,0,0,0,0,0,0,0,0,0,0,0,0,0,0,0,0,0,0,0,0,0,0,0,0,0,0,0,0,0,0,0,0,0,0,0,30151,28140,27268,25011,23593,23629,23984,26423,26265,22930,22307,21422
PUMA S3,1020,523,29846,25891,28266,28377,25703,25549,0,0,0,0,0,0,31813,30656,31009,29370,27527,32727,0,0,0,0,0,0,0,0,0,0,0,0,28320,29204,30309,29597,28522,29918,0,0,0,0,0,0,0,0,0,0,0,0,0,0,0,0,0,0,0,0,0,0,0,0,0,0,0,0,0,0,0,0,0,0,0,0,0,0,0,0,0,0,0,0,0,0,0,0,29155,27238,26384,24248,22829,22838,23307,25601,25380,22187,21556,20775
PUMA S3,1020,524,28186,24482,26712,26783,24242,24198,0,0,0,0,0,0,30170,29041,29363,27677,25985,30898,0,0,0,0,0,0,0,0,0,0,0,0,26871,27611,28575,27998,26973,28232,0,0,0,0,0,0,0,0,0,0,0,0,0,0,0,0,0,0,0,0,0,0,0,0,0,0,0,0,0,0,0,0,0,0,0,0,0,0,0,0,0,0,0,0,0,0,0,0,27578,25807,25062,22954,21599,21637,22073,24210,24049,20992,20399,19675
PUMA S3,1020,525,26948,23344,25532,25604,23264,23043,0,0,0,0,0,0,28922,27782,28076,26559,24910,29592,0,0,0,0,0,0,0,0,0,0,0,0,25640,26425,27315,26789,25702,27004,0,0,0,0,0,0,0,0,0,0,0,0,0,0,0,0,0,0,0,0,0,0,0,0,0,0,0,0,0,0,0,0,0,0,0,0,0,0,0,0,0,0,0,0,0,0,0,0,26448,24682,24028,22077,20714,20763,21071,23169,23121,20127,19573,18844
PUMA S3,1020,526,25504,22065,24155,24238,21950,21873,0,0,0,0,0,0,27378,26345,26632,25052,23590,28006,0,0,0,0,0,0,0,0,0,0,0,0,24342,25013,25923,25312,24343,25543,0,0,0,0,0,0,0,0,0,0,0,0,0,0,0,0,0,0,0,0,0,0,0,0,0,0,0,0,0,0,0,0,0,0,0,0,0,0,0,0,0,0,0,0,0,0,0,0,25095,23444,22824,20924,19601,19710,19956,22028,21918,19119,18619,17909
PUMA S3,1020,527,24193,20930,22928,23015,20878,20713,0,0,0,0,0,0,26032,24965,25283,23849,22384,26674,0,0,0,0,0,0,0,0,0,0,0,0,23133,23749,24553,24009,23119,24211,0,0,0,0,0,0,0,0,0,0,0,0,0,0,0,0,0,0,0,0,0,0,0,0,0,0,0,0,0,0,0,0,0,0,0,0,0,0,0,0,0,0,0,0,0,0,0,0,23833,22259,21642,19843,18711,18767,19022,20967,20848,18235,17709,17062
PUMA S3,1020,528,23107,19970,21809,21906,19831,19770,0,0,0,0,0,0,24801,23905,24094,22724,21325,25343,0,0,0,0,0,0,0,0,0,0,0,0,22067,22641,23476,22906,21974,22998,0,0,0,0,0,0,0,0,0,0,0,0,0,0,0,0,0,0,0,0,0,0,0,0,0,0,0,0,0,0,0,0,0,0,0,0,0,0,0,0,0,0,0,0,0,0,0,0,22773,21390,20761,19039,17965,17949,18165,20081,20053,17488,17071,16395
PUMA S3,1020,529,22181,19196,21055,21072,19070,18955,0,0,0,0,0,0,23801,22961,23136,21870,20527,24390,0,0,0,0,0,0,0,0,0,0,0,0,21171,21800,22558,21927,21108,22121,0,0,0,0,0,0,0,0,0,0,0,0,0,0,0,0,0,0,0,0,0,0,0,0,0,0,0,0,0,0,0,0,0,0,0,0,0,0,0,0,0,0,0,0,0,0,0,0,21987,20515,19994,18349,17313,17359,17516,19293,19336,16856,16452,15823
PUMA S3,1020,530,21604,18658,20433,20493,18576,18455,0,0,0,0,0,0,23173,22340,22473,21288,19948,23691,0,0,0,0,0,0,0,0,0,0,0,0,20677,21130,21887,21284,20495,21392,0,0,0,0,0,0,0,0,0,0,0,0,0,0,0,0,0,0,0,0,0,0,0,0,0,0,0,0,0,0,0,0,0,0,0,0,0,0,0,0,0,0,0,0,0,0,0,0,21409,20027,19480,17947,16898,16948,17106,18855,18867,16488,16080,15498
PUMA S3,1020,531,20693,17854,19550,19652,17844,17670,0,0,0,0,0,0,22297,21468,21611,20352,19142,22693,0,0,0,0,0,0,0,0,0,0,0,0,19850,20307,20955,20433,19595,20526,0,0,0,0,0,0,0,0,0,0,0,0,0,0,0,0,0,0,0,0,0,0,0,0,0,0,0,0,0,0,0,0,0,0,0,0,0,0,0,0,0,0,0,0,0,0,0,0,20532,19278,18739,17293,16211,16374,16426,18130,18211,15857,15503,14985
PUMA S3,1020,532,19999,17296,18916,18945,17211,17076,0,0,0,0,0,0,21501,20740,20877,19627,18522,21891,0,0,0,0,0,0,0,0,0,0,0,0,19147,19623,20229,19696,18885,19716,0,0,0,0,0,0,0,0,0,0,0,0,0,0,0,0,0,0,0,0,0,0,0,0,0,0,0,0,0,0,0,0,0,0,0,0,0,0,0,0,0,0,0,0,0,0,0,0,19861,18619,18150,16713,15807,15855,15893,17596,17561,15400,15131,14499
PUMA S3,1020,533,19168,16536,18117,18141,16485,16390,0,0,0,0,0,0,20679,19846,19982,18897,17689,20961,0,0,0,0,0,0,0,0,0,0,0,0,18365,18751,19383,18855,18093,18895,0,0,0,0,0,0,0,0,0,0,0,0,0,0,0,0,0,0,0,0,0,0,0,0,0,0,0,0,0,0,0,0,0,0,0,0,0,0,0,0,0,0,0,0,0,0,0,0,19050,17845,17425,16067,15138,15232,15258,16888,16920,14859,14518,14010
PUMA S3,1020,534,18419,15885,17434,17435,15800,15679,0,0,0,0,0,0,19864,19065,19180,18070,16973,20090,0,0,0,0,0,0,0,0,0,0,0,0,17653,17969,18552,17984,17313,17980,0,0,0,0,0,0,0,0,0,0,0,0,0,0,0,0,0,0,0,0,0,0,0,0,0,0,0,0,0,0,0,0,0,0,0,0,0,0,0,0,0,0,0,0,0,0,0,0,18264,17207,16741,15505,14608,14675,14642,16286,16309,14331,14036,13544
PUMA S3,1020,535,17773,15367,16841,16849,15280,15244,0,0,0,0,0,0,19259,18431,18605,17540,16414,19436,0,0,0,0,0,0,0,0,0,0,0,0,17051,17466,17979,17453,16694,17459,0,0,0,0,0,0,0,0,0,0,0,0,0,0,0,0,0,0,0,0,0,0,0,0,0,0,0,0,0,0,0,0,0,0,0,0,0,0,0,0,0,0,0,0,0,0,0,0,17815,16697,16303,15063,14241,14294,14240,15804,15880,13917,13725,13224
PUMA S3,1020,536,17262,14931,16365,16389,14840,14813,0,0,0,0,0,0,18716,17911,18057,16993,15941,18871,0,0,0,0,0,0,0,0,0,0,0,0,16554,16944,17435,16925,16172,16939,0,0,0,0,0,0,0,0,0,0,0,0,0,0,0,0,0,0,0,0,0,0,0,0,0,0,0,0,0,0,0,0,0,0,0,0,0,0,0,0,0,0,0,0,0,0,0,0,17286,16285,15844,14664,13868,13933,13867,15393,15416,13595,13349,12920
PUMA S3,1020,537,16571,14313,15753,15756,14297,14201,0,0,0,0,0,0,17879,17157,17301,16283,15268,18166,0,0,0,0,0,0,0,0,0,0,0,0,15862,16233,16706,16176,15549,16199,0,0,0,0,0,0,0,0,0,0,0,0,0,0,0,0,0,0,0,0,0,0,0,0,0,0,0,0,0,0,0,0,0,0,0,0,0,0,0,0,0,0,0,0,0,0,0,0,16542,15575,15224,14054,13288,13453,13272,14836,14879,13132,12909,12463
PUMA S3,1020,538,16049,13825,15180,15201,13798,13730,0,0,0,0,0,0,17315,16625,16728,15726,14741,17488,0,0,0,0,0,0,0,0,0,0,0,0,15438,15656,16175,15646,15000,15586,0,0,0,0,0,0,0,0,0,0,0,0,0,0,0,0,0,0,0,0,0,0,0,0,0,0,0,0,0,0,0,0,0,0,0,0,0,0,0,0,0,0,0,0,0,0,0,0,16086,15080,14773,13665,12978,13021,12875,14340,14385,12729,12514,12099
PUMA S3,1020,539,15441,13375,14602,14668,13308,13268,0,0,0,0,0,0,16720,16019,16144,15214,14241,16849,0,0,0,0,0,0,0,0,0,0,0,0,14840,15109,15583,15061,14400,15090,0,0,0,0,0,0,0,0,0,0,0,0,0,0,0,0,0,0,0,0,0,0,0,0,0,0,0,0,0,0,0,0,0,0,0,0,0,0,0,0,0,0,0,0,0,0,0,0,15446,14524,14264,13182,12556,12558,12399,13879,13990,12273,12108,11669
PUMA S3,1020,540,15028,12989,14262,14258,12962,12899,0,0,0,0,0,0,16264,15631,15712,14730,13830,16346,0,0,0,0,0,0,0,0,0,0,0,0,14434,14730,15091,14645,14020,14645,0,0,0,0,0,0,0,0,0,0,0,0,0,0,0,0,0,0,0,0,0,0,0,0,0,0,0,0,0,0,0,0,0,0,0,0,0,0,0,0,0,0,0,0,0,0,0,0,15033,14168,13865,12843,12156,12256,12077,13507,13624,12025,11766,11386
PUMA S3,1020,541,14699,12679,13949,13951,12648,12586,0,0,0,0,0,0,15830,15238,15311,14432,13505,15953,0,0,0,0,0,0,0,0,0,0,0,0,14086,14358,14761,14289,13703,14243,0,0,0,0,0,0,0,0,0,0,0,0,0,0,0,0,0,0,0,0,0,0,0,0,0,0,0,0,0,0,0,0,0,0,0,0,0,0,0,0,0,0,0,0,0,0,0,0,14700,13810,13563,12530,11898,12050,11771,13199,13337,11761,11530,11145
PUMA S3,1020,542,14237,12272,13456,13517,12228,12183,0,0,0,0,0,0,15376,14709,14816,13882,13024,15384,0,0,0,0,0,0,0,0,0,0,0,0,13627,13868,14239,13800,13255,13710,0,0,0,0,0,0,0,0,0,0,0,0,0,0,0,0,0,0,0,0,0,0,0,0,0,0,0,0,0,0,0,0,0,0,0,0,0,0,0,0,0,0,0,0,0,0,0,0,14260,13365,13109,12088,11526,11632,11429,12764,12883,11379,11202,10792
PUMA S3,1020,543,13859,11968,13194,13155,11898,11868,0,0,0,0,0,0,14950,14394,14448,13594,12686,15021,0,0,0,0,0,0,0,0,0,0,0,0,13268,13532,13917,13473,12892,13405,0,0,0,0,0,0,0,0,0,0,0,0,0,0,0,0,0,0,0,0,0,0,0,0,0,0,0,0,0,0,0,0,0,0,0,0,0,0,0,0,0,0,0,0,0,0,0,0,13873,13065,12841,11817,11229,11336,11140,12474,12593,11061,10933,10573
PUMA S3,1020,544,13421,11576,12693,12689,11478,11455,0,0,0,0,0,0,14381,13823,13889,13109,12249,14462,0,0,0,0,0,0,0,0,0,0,0,0,12803,13029,13410,12963,12413,12909,0,0,0,0,0,0,0,0,0,0,0,0,0,0,0,0,0,0,0,0,0,0,0,0,0,0,0,0,0,0,0,0,0,0,0,0,0,0,0,0,0,0,0,0,0,0,0,0,13376,12568,12368,11394,10815,10963,10772,12004,12197,10715,10533,10168
PUMA S3,1020,545,12986,11207,12358,12356,11178,11139,0,0,0,0,0,0,14047,13478,13547,12760,11909,14079,0,0,0,0,0,0,0,0,0,0,0,0,12477,12706,13034,12670,12092,12605,0,0,0,0,0,0,0,0,0,0,0,0,0,0,0,0,0,0,0,0,0,0,0,0,0,0,0,0,0,0,0,0,0,0,0,0,0,0,0,0,0,0,0,0,0,0,0,0,13031,12270,12025,11116,10563,10644,10428,11661,11832,10415,10234,9894
PUMA S3,1020,546,12570,10834,11916,11926,10847,10793,0,0,0,0,0,0,13619,13022,13085,12333,11495,13608,0,0,0,0,0,0,0,0,0,0,0,0,12021,12256,12630,12238,11688,12129,0,0,0,0,0,0,0,0,0,0,0,0,0,0,0,0,0,0,0,0,0,0,0,0,0,0,0,0,0,0,0,0,0,0,0,0,0,0,0,0,0,0,0,0,0,0,0,0,12569,11855,11607,10745,10223,10297,10086,11246,11399,10054,9890,9549
PUMA S3,1020,547,12137,10492,11516,11512,10440,10417,0,0,0,0,0,0,13097,12568,12640,11915,11107,13151,0,0,0,0,0,0,0,0,0,0,0,0,11580,11862,12244,11794,11316,11799,0,0,0,0,0,0,0,0,0,0,0,0,0,0,0,0,0,0,0,0,0,0,0,0,0,0,0,0,0,0,0,0,0,0,0,0,0,0,0,0,0,0,0,0,0,0,0,0,12169,11443,11204,10351,9846,9944,9759,10903,11007,9691,9558,9207
PUMA S3,1020,548,11713,10124,11109,11135,10131,9978,0,0,0,0,0,0,12612,12153,12256,11494,10763,12740,0,0,0,0,0,0,0,0,0,0,0,0,11251,11471,11780,11422,10940,11365,0,0,0,0,0,0,0,0,0,0,0,0,0,0,0,0,0,0,0,0,0,0,0,0,0,0,0,0,0,0,0,0,0,0,0,0,0,0,0,0,0,0,0,0,0,0,0,0,11701,11031,10780,9971,9519,9585,9400,10497,10561,9332,9174,8903
PUMA S3,1020,549,11322,9756,10672,10730,9762,9683,0,0,0,0,0,0,12172,11684,11754,11102,10375,12336,0,0,0,0,0,0,0,0,0,0,0,0,10793,11074,11358,11062,10579,10977,0,0,0,0,0,0,0,0,0,0,0,0,0,0,0,0,0,0,0,0,0,0,0,0,0,0,0,0,0,0,0,0,0,0,0,0,0,0,0,0,0,0,0,0,0,0,0,0,11254,10648,10408,9643,9120,9267,9021,10088,10179,8996,8839,8521
PUMA S3,1020,550,10950,9492,10410,10434,9493,9443,0,0,0,0,0,0,11829,11311,11444,10713,10097,11961,0,0,0,0,0,0,0,0,0,0,0,0,10523,10722,11052,10734,10276,10709,0,0,0,0,0,0,0,0,0,0,0,0,0,0,0,0,0,0,0,0,0,0,0,0,0,0,0,0,0,0,0,0,0,0,0,0,0,0,0,0,0,0,0,0,0,0,0,0,10971,10282,10136,9353,8846,8914,8786,9804,9852,8670,8557,8281
PUMA S3,1020,551,10568,9122,10021,10031,9108,9032,0,0,0,0,0,0,11400,10983,11040,10384,9741,11548,0,0,0,0,0,0,0,0,0,0,0,0,10169,10389,10699,10378,9922,10355,0,0,0,0,0,0,0,0,0,0,0,0,0,0,0,0,0,0,0,0,0,0,0,0,0,0,0,0,0,0,0,0,0,0,0,0,0,0,0,0,0,0,0,0,0,0,0,0,10610,9925,9750,9007,8507,8616,8493,9412,9523,8376,8247,7953
PUMA S3,1020,552,10253,8872,9783,9756,8868,8824,0,0,0,0,0,0,11073,10623,10702,10034,9459,11151,0,0,0,0,0,0,0,0,0,0,0,0,9828,10076,10381,10031,9616,10087,0,0,0,0,0,0,0,0,0,0,0,0,0,0,0,0,0,0,0,0,0,0,0,0,0,0,0,0,0,0,0,0,0,0,0,0,0,0,0,0,0,0,0,0,0,0,0,0,10243,9621,9423,8717,8275,8335,8211,9136,9202,8091,7947,7683
PUMA S3,1020,553,9917,8581,9396,9407,8561,8507,0,0,0,0,0,0,10724,10289,10341,9719,9170,10828,0,0,0,0,0,0,0,0,0,0,0,0,9483,9718,10006,9724,9318,9750,0,0,0,0,0,0,0,0,0,0,0,0,0,0,0,0,0,0,0,0,0,0,0,0,0,0,0,0,0,0,0,0,0,0,0,0,0,0,0,0,0,0,0,0,0,0,0,0,9908,9303,9071,8425,7933,8016,7908,8798,8888,7824,7670,7430
PUMA S3,1020,554,9810,8504,9314,9280,8439,8376,0,0,0,0,0,0,10569,10173,10236,9631,9049,10673,0,0,0,0,0,0,0,0,0,0,0,0,9427,9568,9875,9636,9250,9636,0,0,0,0,0,0,0,0,0,0,0,0,0,0,0,0,0,0,0,0,0,0,0,0,0,0,0,0,0,0,0,0,0,0,0,0,0,0,0,0,0,0,0,0,0,0,0,0,9724,9177,8934,8268,7817,7911,7821,8680,8703,7637,7534,7272
PUMA S3,1020,555,9537,8244,9023,9012,8215,8140,0,0,0,0,0,0,10248,9887,9948,9365,8782,10399,0,0,0,0,0,0,0,0,0,0,0,0,9107,9325,9609,9390,8957,9372,0,0,0,0,0,0,0,0,0,0,0,0,0,0,0,0,0,0,0,0,0,0,0,0,0,0,0,0,0,0,0,0,0,0,0,0,0,0,0,0,0,0,0,0,0,0,0,0,9470,8900,8682,8035,7604,7667,7575,8391,8488,7455,7327,7068
PUMA S3,1020,556,9300,8044,8824,8800,7988,7912,0,0,0,0,0,0,10006,9631,9668,9129,8599,10187,0,0,0,0,0,0,0,0,0,0,0,0,8866,9121,9380,9142,8739,9127,0,0,0,0,0,0,0,0,0,0,0,0,0,0,0,0,0,0,0,0,0,0,0,0,0,0,0,0,0,0,0,0,0,0,0,0,0,0,0,0,0,0,0,0,0,0,0,0,9261,8657,8455,7795,7406,7456,7389,8210,8238,7238,7124,6852
PUMA S3,1020,557,9004,7789,8556,8562,7774,7668,0,0,0,0,0,0,9742,9348,9390,8883,8310,9843,0,0,0,0,0,0,0,0,0,0,0,0,8622,8821,9121,8899,8500,8890,0,0,0,0,0,0,0,0,0,0,0,0,0,0,0,0,0,0,0,0,0,0,0,0,0,0,0,0,0,0,0,0,0,0,0,0,0,0,0,0,0,0,0,0,0,0,0,0,8960,8372,8172,7554,7192,7198,7154,7939,8009,7039,6907,6638
PUMA S3,1020,558,8691,7482,8219,8242,7485,7416,0,0,0,0,0,0,9354,8985,9090,8569,8046,9514,0,0,0,0,0,0,0,0,0,0,0,0,8311,8511,8758,8576,8179,8568,0,0,0,0,0,0,0,0,0,0,0,0,0,0,0,0,0,0,0,0,0,0,0,0,0,0,0,0,0,0,0,0,0,0,0,0,0,0,0,0,0,0,0,0,0,0,0,0,8662,8068,7908,7265,6908,6934,6875,7656,7650,6743,6627,6412
PUMA S3,1020,559,8433,7316,7971,7999,7264,7165,0,0,0,0,0,0,9091,8752,8766,8340,7778,9220,0,0,0,0,0,0,0,0,0,0,0,0,8099,8284,8527,8294,7965,8327,0,0,0,0,0,0,0,0,0,0,0,0,0,0,0,0,0,0,0,0,0,0,0,0,0,0,0,0,0,0,0,0,0,0,0,0,0,0,0,0,0,0,0,0,0,0,0,0,8375,7883,7649,7078,6665,6718,6686,7408,7437,6557,6441,6210
PUMA S3,1020,560,8021,6932,7610,7622,6923,6835,0,0,0,0,0,0,8684,8310,8415,7957,7426,8777,0,0,0,0,0,0,0,0,0,0,0,0,7687,7922,8187,7936,7655,7956,0,0,0,0,0,0,0,0,0,0,0,0,0,0,0,0,0,0,0,0,0,0,0,0,0,0,0,0,0,0,0,0,0,0,0,0,0,0,0,0,0,0,0,0,0,0,0,0,7994,7506,7295,6734,6382,6386,6374,7078,7122,6249,6130,5894
PUMA S3,1020,561,7757,6688,7377,7327,6664,6631,0,0,0,0,0,0,8411,8074,8148,7668,7166,8538,0,0,0,0,0,0,0,0,0,0,0,0,7440,7641,7898,7657,7374,7685,0,0,0,0,0,0,0,0,0,0,0,0,0,0,0,0,0,0,0,0,0,0,0,0,0,0,0,0,0,0,0,0,0,0,0,0,0,0,0,0,0,0,0,0,0,0,0,0,7752,7232,7056,6497,6131,6160,6141,6871,6882,6041,5920,5710
PUMA S3,1020,562,7505,6497,7089,7103,6464,6438,0,0,0,0,0,0,8136,7820,7865,7441,6951,8282,0,0,0,0,0,0,0,0,0,0,0,0,7203,7365,7641,7403,7115,7491,0,0,0,0,0,0,0,0,0,0,0,0,0,0,0,0,0,0,0,0,0,0,0,0,0,0,0,0,0,0,0,0,0,0,0,0,0,0,0,0,0,0,0,0,0,0,0,0,7511,7048,6864,6335,5973,5993,6024,6668,6677,5852,5725,5526
PUMA S3,1020,563,7135,6203,6802,6798,6166,6118,0,0,0,0,0,0,7727,7451,7479,7063,6618,7847,0,0,0,0,0,0,0,0,0,0,0,0,6894,7066,7278,7058,6771,7105,0,0,0,0,0,0,0,0,0,0,0,0,0,0,0,0,0,0,0,0,0,0,0,0,0,0,0,0,0,0,0,0,0,0,0,0,0,0,0,0,0,0,0,0,0,0,0,0,7133,6666,6482,5999,5678,5695,5693,6295,6359,5571,5440,5241
PUMA S3,1020,564,6905,5974,6556,6572,5951,5891,0,0,0,0,0,0,7537,7206,7235,6834,6425,7602,0,0,0,0,0,0,0,0,0,0,0,0,6649,6831,7027,6859,6568,6840,0,0,0,0,0,0,0,0,0,0,0,0,0,0,0,0,0,0,0,0,0,0,0,0,0,0,0,0,0,0,0,0,0,0,0,0,0,0,0,0,0,0,0,0,0,0,0,0,6907,6448,6299,5809,5487,5530,5544,6074,6154,5383,5274,5071
PUMA S3,1020,565,6612,5693,6247,6267,5709,5655,0,0,0,0,0,0,7144,6863,6916,6527,6108,7271,0,0,0,0,0,0,0,0,0,0,0,0,6389,6515,6715,6551,6267,6563,0,0,0,0,0,0,0,0,0,0,0,0,0,0,0,0,0,0,0,0,0,0,0,0,0,0,0,0,0,0,0,0,0,0,0,0,0,0,0,0,0,0,0,0,0,0,0,0,6599,6143,6009,5551,5251,5275,5291,5862,5878,5150,5038,4850
PUMA S3,1020,566,6347,5463,6043,6015,5484,5405,0,0,0,0,0,0,6894,6624,6670,6284,5888,6986,0,0,0,0,0,0,0,0,0,0,0,0,6099,6259,6458,6316,6047,6275,0,0,0,0,0,0,0,0,0,0,0,0,0,0,0,0,0,0,0,0,0,0,0,0,0,0,0,0,0,0,0,0,0,0,0,0,0,0,0,0,0,0,0,0,0,0,0,0,6346,5965,5776,5341,5072,5073,5108,5644,5684,4946,4886,4707
PUMA S3,1020,567,6100,5274,5772,5786,5260,5197,0,0,0,0,0,0,6643,6369,6394,6038,5676,6745,0,0,0,0,0,0,0,0,0,0,0,0,5853,6021,6227,6048,5789,6089,0,0,0,0,0,0,0,0,0,0,0,0,0,0,0,0,0,0,0,0,0,0,0,0,0,0,0,0,0,0,0,0,0,0,0,0,0,0,0,0,0,0,0,0,0,0,0,0,6128,5715,5599,5150,4887,4885,4884,5427,5434,4790,4664,4517
PUMA S3,1020,568,5846,5060,5567,5529,5023,5014,0,0,0,0,0,0,6363,6129,6151,5795,5440,6429,0,0,0,0,0,0,0,0,0,0,0,0,5617,5785,5990,5774,5586,5814,0,0,0,0,0,0,0,0,0,0,0,0,0,0,0,0,0,0,0,0,0,0,0,0,0,0,0,0,0,0,0,0,0,0,0,0,0,0,0,0,0,0,0,0,0,0,0,0,5863,5479,5373,4954,4701,4671,4724,5241,5215,4618,4505,4351
PUMA S3,1020,569,5532,4804,5248,5264,4750,4708,0,0,0,0,0,0,6013,5792,5786,5495,5142,6081,0,0,0,0,0,0,0,0,0,0,0,0,5359,5473,5633,5489,5248,5502,0,0,0,0,0,0,0,0,0,0,0,0,0,0,0,0,0,0,0,0,0,0,0,0,0,0,0,0,0,0,0,0,0,0,0,0,0,0,0,0,0,0,0,0,0,0,0,0,5555,5179,5079,4669,4430,4478,4450,4951,4965,4371,4291,4121
PUMA S3,1020,570,5296,4583,5042,5042,4556,4551,0,0,0,0,0,0,5804,5567,5595,5274,4950,5849,0,0,0,0,0,0,0,0,0,0,0,0,5155,5267,5444,5300,5064,5268,0,0,0,0,0,0,0,0,0,0,0,0,0,0,0,0,0,0,0,0,0,0,0,0,0,0,0,0,0,0,0,0,0,0,0,0,0,0,0,0,0,0,0,0,0,0,0,0,5342,4970,4877,4515,4271,4292,4307,4761,4768,4236,4132,3976
PUMA S3,1020,571,5088,4380,4792,4819,4372,4340,0,0,0,0,0,0,5510,5316,5334,5046,4731,5571,0,0,0,0,0,0,0,0,0,0,0,0,4883,4994,5174,5021,4809,5046,0,0,0,0,0,0,0,0,0,0,0,0,0,0,0,0,0,0,0,0,0,0,0,0,0,0,0,0,0,0,0,0,0,0,0,0,0,0,0,0,0,0,0,0,0,0,0,0,5075,4795,4685,4300,4080,4122,4129,4560,4564,4039,3942,3818
PUMA S3,1020,572,4859,4213,4627,4628,4207,4185,0,0,0,0,0,0,5302,5089,5125,4853,4540,5392,0,0,0,0,0,0,0,0,0,0,0,0,4738,4816,4947,4814,4668,4833,0,0,0,0,0,0,0,0,0,0,0,0,0,0,0,0,0,0,0,0,0,0,0,0,0,0,0,0,0,0,0,0,0,0,0,0,0,0,0,0,0,0,0,0,0,0,0,0,4913,4627,4492,4174,3923,3962,3951,4398,4428,3899,3821,3667
PUMA S3,1020,573,4631,4033,4385,4392,4020,3952,0,0,0,0,0,0,5062,4861,4926,4625,4338,5134,0,0,0,0,0,0,0,0,0,0,0,0,4523,4601,4739,4607,4406,4595,0,0,0,0,0,0,0,0,0,0,0,0,0,0,0,0,0,0,0,0,0,0,0,0,0,0,0,0,0,0,0,0,0,0,0,0,0,0,0,0,0,0,0,0,0,0,0,0,4696,4403,4272,3965,3770,3768,3768,4190,4197,3691,3655,3508
PUMA S3,1020,574,4438,3841,4204,4203,3830,3806,0,0,0,0,0,0,4868,4660,4697,4408,4112,4889,0,0,0,0,0,0,0,0,0,0,0,0,4303,4391,4508,4394,4207,4380,0,0,0,0,0,0,0,0,0,0,0,0,0,0,0,0,0,0,0,0,0,0,0,0,0,0,0,0,0,0,0,0,0,0,0,0,0,0,0,0,0,0,0,0,0,0,0,0,4499,4219,4111,3837,3619,3632,3602,4001,4038,3560,3481,3393
PUMA S3,1020,575,4275,3747,4073,4060,3707,3679,0,0,0,0,0,0,4679,4479,4532,4288,3995,4730,0,0,0,0,0,0,0,0,0,0,0,0,4164,4239,4385,4243,4093,4238,0,0,0,0,0,0,0,0,0,0,0,0,0,0,0,0,0,0,0,0,0,0,0,0,0,0,0,0,0,0,0,0,0,0,0,0,0,0,0,0,0,0,0,0,0,0,0,0,4354,4067,4021,3695,3497,3525,3487,3933,3933,3474,3400,3294
PUMA S3,1020,576,4119,3568,3921,3902,3559,3541,0,0,0,0,0,0,4516,4311,4350,4096,3859,4512,0,0,0,0,0,0,0,0,0,0,0,0,4003,4062,4198,4086,3905,4051,0,0,0,0,0,0,0,0,0,0,0,0,0,0,0,0,0,0,0,0,0,0,0,0,0,0,0,0,0,0,0,0,0,0,0,0,0,0,0,0,0,0,0,0,0,0,0,0,4184,3942,3841,3575,3389,3428,3381,3746,3779,3322,3282,3176
PUMA S3,1020,577,3904,3391,3725,3715,3372,3365,0,0,0,0,0,0,4277,4100,4126,3896,3654,4299,0,0,0,0,0,0,0,0,0,0,0,0,3801,3894,3971,3832,3702,3875,0,0,0,0,0,0,0,0,0,0,0,0,0,0,0,0,0,0,0,0,0,0,0,0,0,0,0,0,0,0,0,0,0,0,0,0,0,0,0,0,0,0,0,0,0,0,0,0,3976,3725,3655,3374,3203,3246,3200,3574,3604,3180,3119,3007
PUMA S3,1020,578,3748,3256,3569,3563,3254,3207,0,0,0,0,0,0,4089,3938,3968,3717,3516,4152,0,0,0,0,0,0,0,0,0,0,0,0,3680,3708,3814,3710,3554,3677,0,0,0,0,0,0,0,0,0,0,0,0,0,0,0,0,0,0,0,0,0,0,0,0,0,0,0,0,0,0,0,0,0,0,0,0,0,0,0,0,0,0,0,0,0,0,0,0,3794,3589,3508,3250,3081,3095,3066,3428,3458,3056,3016,2938
PUMA S3,1020,579,3520,3035,3336,3352,3047,3026,0,0,0,0,0,0,3840,3675,3730,3478,3294,3873,0,0,0,0,0,0,0,0,0,0,0,0,3414,3478,3561,3460,3346,3469,0,0,0,0,0,0,0,0,0,0,0,0,0,0,0,0,0,0,0,0,0,0,0,0,0,0,0,0,0,0,0,0,0,0,0,0,0,0,0,0,0,0,0,0,0,0,0,0,3603,3370,3288,3084,2896,2933,2888,3232,3254,2876,2841,2729
PUMA S3,1020,580,3375,2920,3203,3195,2899,2897,0,0,0,0,0,0,3719,3557,3575,3340,3143,3732,0,0,0,0,0,0,0,0,0,0,0,0,3286,3367,3439,3316,3198,3321,0,0,0,0,0,0,0,0,0,0,0,0,0,0,0,0,0,0,0,0,0,0,0,0,0,0,0,0,0,0,0,0,0,0,0,0,0,0,0,0,0,0,0,0,0,0,0,0,3442,3232,3186,2930,2797,2836,2773,3116,3114,2761,2719,2638
PUMA S3,1020,581,3154,2721,3017,3014,2730,2727,0,0,0,0,0,0,3466,3333,3316,3135,2968,3496,0,0,0,0,0,0,0,0,0,0,0,0,3077,3157,3222,3107,2965,3101,0,0,0,0,0,0,0,0,0,0,0,0,0,0,0,0,0,0,0,0,0,0,0,0,0,0,0,0,0,0,0,0,0,0,0,0,0,0,0,0,0,0,0,0,0,0,0,0,3231,3036,2976,2764,2618,2659,2604,2929,2961,2603,2565,2483
PUMA S3,1020,582,3050,2671,2931,2922,2668,2633,0,0,0,0,0,0,3357,3222,3229,3053,2845,3361,0,0,0,0,0,0,0,0,0,0,0,0,2966,3048,3115,3019,2874,3012,0,0,0,0,0,0,0,0,0,0,0,0,0,0,0,0,0,0,0,0,0,0,0,0,0,0,0,0,0,0,0,0,0,0,0,0,0,0,0,0,0,0,0,0,0,0,0,0,3129,2941,2886,2683,2561,2590,2534,2827,2841,2547,2505,2431
PUMA S3,1020,583,2915,2536,2800,2776,2535,2523,0,0,0,0,0,0,3223,3057,3089,2912,2737,3230,0,0,0,0,0,0,0,0,0,0,0,0,2856,2905,2995,2873,2773,2867,0,0,0,0,0,0,0,0,0,0,0,0,0,0,0,0,0,0,0,0,0,0,0,0,0,0,0,0,0,0,0,0,0,0,0,0,0,0,0,0,0,0,0,0,0,0,0,0,3003,2816,2763,2583,2455,2484,2435,2699,2760,2433,2399,2330
PUMA S3,1020,584,2840,2463,2709,2713,2484,2454,0,0,0,0,0,0,3135,2986,3033,2821,2668,3118,0,0,0,0,0,0,0,0,0,0,0,0,2788,2824,2899,2808,2680,2766,0,0,0,0,0,0,0,0,0,0,0,0,0,0,0,0,0,0,0,0,0,0,0,0,0,0,0,0,0,0,0,0,0,0,0,0,0,0,0,0,0,0,0,0,0,0,0,0,2933,2754,2699,2504,2401,2399,2351,2634,2676,2382,2342,2268
PUMA S3,1020,585,2749,2370,2607,2601,2344,2342,0,0,0,0,0,0,2983,2895,2877,2715,2555,3018,0,0,0,0,0,0,0,0,0,0,0,0,2672,2688,2783,2689,2561,2658,0,0,0,0,0,0,0,0,0,0,0,0,0,0,0,0,0,0,0,0,0,0,0,0,0,0,0,0,0,0,0,0,0,0,0,0,0,0,0,0,0,0,0,0,0,0,0,0,2795,2640,2598,2400,2295,2328,2261,2525,2565,2271,2255,2203
PUMA S3,1020,586,2646,2312,2518,2507,2311,2268,0,0,0,0,0,0,2931,2787,2777,2634,2477,2896,0,0,0,0,0,0,0,0,0,0,0,0,2598,2637,2683,2613,2504,2587,0,0,0,0,0,0,0,0,0,0,0,0,0,0,0,0,0,0,0,0,0,0,0,0,0,0,0,0,0,0,0,0,0,0,0,0,0,0,0,0,0,0,0,0,0,0,0,0,2728,2558,2523,2352,2247,2271,2204,2463,2506,2231,2212,2129
PUMA S3,1020,587,2549,2196,2400,2424,2195,2190,0,0,0,0,0,0,2765,2670,2686,2520,2361,2782,0,0,0,0,0,0,0,0,0,0,0,0,2486,2521,2557,2489,2376,2474,0,0,0,0,0,0,0,0,0,0,0,0,0,0,0,0,0,0,0,0,0,0,0,0,0,0,0,0,0,0,0,0,0,0,0,0,0,0,0,0,0,0,0,0,0,0,0,0,2604,2463,2400,2241,2156,2164,2114,2364,2398,2136,2131,2054
PUMA S3,1020,588,2456,2140,2316,2344,2128,2084,0,0,0,0,0,0,2708,2591,2593,2439,2282,2675,0,0,0,0,0,0,0,0,0,0,0,0,2395,2437,2477,2415,2308,2361,0,0,0,0,0,0,0,0,0,0,0,0,0,0,0,0,0,0,0,0,0,0,0,0,0,0,0,0,0,0,0,0,0,0,0,0,0,0,0,0,0,0,0,0,0,0,0,0,2508,2372,2343,2184,2082,2112,2032,2282,2320,2069,2050,1996
PUMA S3,1020,589,2378,2073,2279,2271,2067,2055,0,0,0,0,0,0,2627,2517,2522,2383,2239,2632,0,0,0,0,0,0,0,0,0,0,0,0,2322,2367,2431,2345,2226,2312,0,0,0,0,0,0,0,0,0,0,0,0,0,0,0,0,0,0,0,0,0,0,0,0,0,0,0,0,0,0,0,0,0,0,0,0,0,0,0,0,0,0,0,0,0,0,0,0,2453,2322,2280,2106,2017,2055,1994,2232,2271,2027,1995,1926
PUMA S3,1020,590,2311,2009,2197,2190,2022,1979,0,0,0,0,0,0,2524,2447,2465,2308,2168,2524,0,0,0,0,0,0,0,0,0,0,0,0,2267,2303,2329,2266,2177,2254,0,0,0,0,0,0,0,0,0,0,0,0,0,0,0,0,0,0,0,0,0,0,0,0,0,0,0,0,0,0,0,0,0,0,0,0,0,0,0,0,0,0,0,0,0,0,0,0,2382,2239,2197,2044,1962,1980,1954,2163,2214,1975,1932,1873
PUMA S3,1020,591,2237,1967,2130,2147,1946,1931,0,0,0,0,0,0,2448,2359,2390,2228,2108,2471,0,0,0,0,0,0,0,0,0,0,0,0,2215,2215,2269,2215,2089,2196,0,0,0,0,0,0,0,0,0,0,0,0,0,0,0,0,0,0,0,0,0,0,0,0,0,0,0,0,0,0,0,0,0,0,0,0,0,0,0,0,0,0,0,0,0,0,0,0,2308,2193,2135,1980,1905,1922,1851,2104,2152,1897,1880,1827
PUMA S3,1020,592,2176,1880,2055,2048,1895,1881,0,0,0,0,0,0,2408,2284,2284,2166,2024,2388,0,0,0,0,0,0,0,0,0,0,0,0,2114,2159,2210,2122,2019,2114,0,0,0,0,0,0,0,0,0,0,0,0,0,0,0,0,0,0,0,0,0,0,0,0,0,0,0,0,0,0,0,0,0,0,0,0,0,0,0,0,0,0,0,0,0,0,0,0,2229,2107,2071,1918,1847,1859,1814,2036,2074,1845,1833,1771
PUMA S3,1020,593,2111,1865,2031,2021,1829,1827,0,0,0,0,0,0,2326,2249,2258,2136,2000,2322,0,0,0,0,0,0,0,0,0,0,0,0,2073,2111,2169,2083,1991,2075,0,0,0,0,0,0,0,0,0,0,0,0,0,0,0,0,0,0,0,0,0,0,0,0,0,0,0,0,0,0,0,0,0,0,0,0,0,0,0,0,0,0,0,0,0,0,0,0,2176,2066,2055,1890,1810,1824,1787,2001,2042,1801,1768,1735
PUMA S3,1020,594,2042,1784,1964,1955,1766,1768,0,0,0,0,0,0,2238,2171,2190,2040,1909,2255,0,0,0,0,0,0,0,0,0,0,0,0,1997,2040,2080,2022,1923,1990,0,0,0,0,0,0,0,0,0,0,0,0,0,0,0,0,0,0,0,0,0,0,0,0,0,0,0,0,0,0,0,0,0,0,0,0,0,0,0,0,0,0,0,0,0,0,0,0,2110,1987,1960,1833,1740,1766,1722,1920,1962,1738,1725,1658
PUMA S3,1020,595,2011,1716,1887,1902,1726,1708,0,0,0,0,0,0,2195,2082,2109,1975,1864,2168,0,0,0,0,0,0,0,0,0,0,0,0,1945,1959,2021,1964,1853,1945,0,0,0,0,0,0,0,0,0,0,0,0,0,0,0,0,0,0,0,0,0,0,0,0,0,0,0,0,0,0,0,0,0,0,0,0,0,0,0,0,0,0,0,0,0,0,0,0,2048,1941,1887,1782,1703,1737,1657,1864,1907,1689,1662,1635
PUMA S3,1020,596,1924,1676,1850,1824,1678,1676,0,0,0,0,0,0,2147,2022,2049,1924,1797,2131,0,0,0,0,0,0,0,0,0,0,0,0,1888,1906,1955,1902,1806,1877,0,0,0,0,0,0,0,0,0,0,0,0,0,0,0,0,0,0,0,0,0,0,0,0,0,0,0,0,0,0,0,0,0,0,0,0,0,0,0,0,0,0,0,0,0,0,0,0,1980,1881,1842,1708,1640,1667,1609,1826,1852,1643,1623,1583
PUMA S3,1020,597,1869,1631,1783,1776,1613,1625,0,0,0,0,0,0,2066,1963,1985,1875,1726,2036,0,0,0,0,0,0,0,0,0,0,0,0,1822,1879,1917,1840,1752,1829,0,0,0,0,0,0,0,0,0,0,0,0,0,0,0,0,0,0,0,0,0,0,0,0,0,0,0,0,0,0,0,0,0,0,0,0,0,0,0,0,0,0,0,0,0,0,0,0,1934,1820,1794,1666,1587,1607,1580,1759,1802,1596,1576,1528
PUMA S3,1020,598,1811,1592,1717,1735,1560,1560,0,0,0,0,0,0,2004,1910,1915,1811,1681,1971,0,0,0,0,0,0,0,0,0,0,0,0,1783,1793,1835,1759,1698,1746,0,0,0,0,0,0,0,0,0,0,0,0,0,0,0,0,0,0,0,0,0,0,0,0,0,0,0,0,0,0,0,0,0,0,0,0,0,0,0,0,0,0,0,0,0,0,0,0,1841,1750,1713,1603,1542,1555,1510,1696,1733,1534,1536,1475
PUMA S3,1020,599,1740,1499,1659,1650,1507,1490,0,0,0,0,0,0,1887,1827,1832,1719,1603,1894,0,0,0,0,0,0,0,0,0,0,0,0,1678,1721,1772,1691,1625,1680,0,0,0,0,0,0,0,0,0,0,0,0,0,0,0,0,0,0,0,0,0,0,0,0,0,0,0,0,0,0,0,0,0,0,0,0,0,0,0,0,0,0,0,0,0,0,0,0,1774,1669,1644,1548,1481,1484,1452,1622,1661,1473,1452,1409
PUMA S3,1020,600,1687,1470,1626,1604,1470,1455,0,0,0,0,0,0,1845,1779,1779,1666,1594,1870,0,0,0,0,0,0,0,0,0,0,0,0,1634,1640,1712,1664,1573,1649,0,0,0,0,0,0,0,0,0,0,0,0,0,0,0,0,0,0,0,0,0,0,0,0,0,0,0,0,0,0,0,0,0,0,0,0,0,0,0,0,0,0,0,0,0,0,0,0,1735,1638,1613,1514,1453,1470,1400,1588,1617,1430,1430,1394
