qRg,(qRg)^2*I(q)/I(0),(qRg)^2*I(q)/I(0)_err,
0.0953183236005518,0.006616688138365081,0.0006576108623727171,
0.10439625933291484,0.008612095460103655,0.00042597254226953087,
0.1134741950652779,0.011064367082630486,0.0004280629647681738,
0.1225521304797889,0.01459522674592749,0.00040853910198880805,
0.13163006621215192,0.016736587264511785,0.00037904253801287417,
0.14070800162666297,0.01841833064996003,0.00036778546381507064,
0.149785937359026,0.022993967326762146,0.0003796416575839369,
0.158863872773537,0.024452515572858883,0.00040485953801540136,
0.16794180850590004,0.02775553806969922,0.00043166104776064517,
0.1770197442382631,0.030170017377140187,0.00047345188043359984,
0.1860976796527741,0.03476995562078794,0.0005176663868644235,
0.19517561538513714,0.03791482672224371,0.0005526570684993595,
0.20425355079964816,0.04153913374114634,0.000585579004723936,
0.2133314865320112,0.04593682847066474,0.0006209052160000969,
0.22240942194652222,0.04684714592471757,0.000654950649599434,
0.23148735767888526,0.053305933138337334,0.0007017594315391713,
0.24056529341124833,0.05733398789343582,0.0007488584472474191,
0.24964322882575932,0.05994992279088669,0.0007783580668263221,
0.2587211645581224,0.06741100440983738,0.0008240704852905216,
0.2677990999726334,0.06946070154544501,0.0008744111547035401,
0.2768770357049964,0.07332316835418673,0.0009132043967442043,
0.2859549711195074,0.08420305650828531,0.0009668394560427409,
0.29503290685187045,0.0859479689273224,0.0009964662536580036,
0.30411084258423354,0.08801153050023623,0.0010374873794882793,
0.3131887779987445,0.0929434983882498,0.0011287089063260725,
0.3222667127775514,0.09898837417347443,0.001134511517792128,
0.33134464978132266,0.10683259940551099,0.0011779451530072624,
0.34042258360657346,0.11096066302331427,0.0012545874361997024,
0.3495005206103447,0.11888353521266327,0.0012996372634671266,
0.35857845443559544,0.1199170761586885,0.0013693636302013986,
0.3676563914393667,0.13043699560924046,0.0013822959579896299,
0.3767343284431379,0.13599024655299294,0.0014543829990038722,
0.38581226226838866,0.144101104233191,0.0015091543503348902,
0.3948901992721599,0.15120922004652856,0.001457624039965082,
0.40396813309741075,0.15244641529444466,0.0014961092397147604,
0.4130460701011819,0.16011278604685925,0.001492740418015253,
0.42212400392643273,0.17025307274558285,0.001551695923067308,
0.431201940930204,0.17570796359551052,0.0015692787156405747,
0.44027987793397516,0.17771111639935222,0.0016049370107904172,
0.44935781175922596,0.18723099973531815,0.001643556588337737,
0.4584357487629972,0.19671386889855716,0.0016891346407125697,
0.46751368258824794,0.20372174338664775,0.001727366419512919,
0.4765916195920192,0.21002799095822589,0.0017569536346104914,
0.48566955341727,0.21862735560481708,0.0018076431343530507,
0.4947474904210412,0.22942587029957212,0.0018308441140395717,
0.503825424246292,0.23910169377173593,0.0018914641063814647,
0.5129033612500632,0.24002816340438074,0.0019250162547267652,
0.5219812982538344,0.24444791750999367,0.0019622516838939653,
0.5310592320790852,0.2511787091622058,0.0020124854560163207,
0.5401371690828565,0.26327868614736605,0.0020463571972330493,
0.5492151029081073,0.27143138280450974,0.002092686747616398,
0.5582930399118785,0.29200704251233145,0.0021449550537623848,
0.5673709737371292,0.28699416913974957,0.002175371147116472,
0.5764489107409004,0.29260997853359855,0.002241324345092213,
0.5855268445661512,0.2983625145855829,0.00226206874381148,
0.5946047815699225,0.3107868188698097,0.0023217932490929506,
0.6036827185736937,0.3281483008575929,0.0023937527552104257,
0.6127606523989445,0.3328907937961135,0.0023950508823167567,
0.6218385894027157,0.33994529374027216,0.002479709781261272,
0.6309165232279664,0.3509198793313456,0.0024930703016094753,
0.6399944602317377,0.36295287400852694,0.0025673387602240445,
0.6490723940569885,0.36132008816109246,0.002624290815501153,
0.6581503310607597,0.3679538400537567,0.002634758358887342,
0.6672282648860106,0.3836802378586221,0.0027040709145868896,
0.6763062018897817,0.3909691471725078,0.002739879479180495,
0.6853841388935529,0.4017712796008337,0.0028051427464072247,
0.6944620727188038,0.4124581228578371,0.0028600836319578105,
0.7035400097225749,0.43301085425796376,0.002888301801435112,
0.7126179435478258,0.430451775792398,0.002958325977703043,
0.7216958805515971,0.43766938621447926,0.0030094854839822624,
0.7307738143768477,0.444643514288146,0.0030551677923365667,
0.739851751380619,0.4584223923556825,0.003087905218477567,
0.7489296852058698,0.4622111410655542,0.0031657919631124833,
0.758007622209641,0.4782402255185332,0.003206062479031755,
0.7670855592134123,0.48686281438856044,0.0032616138017307226,
0.776163493038663,0.49225029221348077,0.0033079215645320497,
0.7852414300424343,0.5015293788355225,0.003356191839964293,
0.794319363867685,0.5004998058340506,0.0034163506054112783,
0.8033973008714562,0.5226714571582854,0.0034626152937602176,
0.812475234696707,0.5290473029871143,0.0035114087495945728,
0.8215531717004783,0.5411444026434713,0.0035868232154004907,
0.830631105525729,0.5387893774004743,0.0036102209628745153,
0.8397090425295003,0.5665537779840614,0.003698049936200283,
0.8487869795332715,0.5700389469041977,0.003701817573596415,
0.8578649133585222,0.5745776133907667,0.003810353868733739,
0.8669428503622935,0.581777900053477,0.0038327146943050627,
0.8760207841875443,0.5929251720403054,0.003897564987839159,
0.8850987211913155,0.6081175238664379,0.004046122505806662,
0.8941766550165663,0.6008861717267899,0.004151773980055678,
0.9032545920203375,0.615335741530297,0.004211629160910249,
0.9123325258455883,0.6209561771453577,0.0043118365696233575,
0.9214104628493595,0.6408454743715511,0.00434860136780583,
0.9304883998531307,0.6452906892339721,0.004452393356999476,
0.9395663336783816,0.6711645061002692,0.004502877549885683,
0.9486442706821527,0.6612360845124905,0.004576669870830465,
0.9577222045074035,0.6718814405460498,0.0046528569446906655,
0.9668001415111748,0.697174896122961,0.0047267938225630315,
0.9758780753364256,0.6870973258135593,0.004816548873434896,
0.9849560123401968,0.7033909889450861,0.00487137964130655,
0.9940339461654475,0.7191658135674761,0.004979100798066761,
1.0031118831692187,0.7180026561092501,0.005047800984888553,
1.01218982017299,0.7324207226417991,0.005141210366372953,
1.0212677539982409,0.7466020559290385,0.005196175750415814,
1.030345691002012,0.745730854715121,0.005295757704458743,
1.0394236248272628,0.7776541024966167,0.005355025912482821,
1.0485015618310338,0.7541702170593142,0.005461447940155673,
1.0575794956562847,0.771758872319839,0.00550261947060539,
1.0666574326600562,0.7803000788002747,0.005622094031995289,
1.0757353664853069,0.8015274904883788,0.005677693633365167,
1.0848133034890781,0.7792992378050596,0.00573540289769339,
1.0938912404928494,0.8116424092877625,0.005878523296776591,
1.1029691743181,0.8148499171483543,0.005896943075759587,
1.1120471113218713,0.8321372443591396,0.006063972611927753,
1.1211250451471222,0.8319022686221842,0.006051683611130319,
1.1302029821508932,0.8429830205193615,0.006114526701408196,
1.1392809159761441,0.8438771818041372,0.006192424672607875,
1.1483588529799154,0.8551845261638709,0.006311350439551581,
1.1574367899836866,0.8583690180826072,0.006376645246692991,
1.1665147238089373,0.884529887781676,0.00644269813338467,
1.1755926608127085,0.8931568893304562,0.006576431449214007,
1.1846705946379592,0.8944801296392798,0.006605586203840175,
1.1937485316417307,0.9125621436049697,0.006632880005589457,
1.2028264654669814,0.9179095674799422,0.006744283955844003,
1.2119044024707526,0.9431613681481317,0.0068257636986737555,
1.2209823362960033,0.9049519167053376,0.006932482432906825,
1.2300602732997745,0.9502384142439668,0.006977860676593499,
1.2391382103035458,0.933308115160202,0.00705786695604313,
1.2482161441287967,0.9494636530684976,0.0071454801699518365,
1.2572940811325677,0.9309900094677099,0.0071844080565966265,
1.2663720149578186,0.9469249782477401,0.007285421771707023,
1.2754499519615896,0.9592437029080304,0.00732621670974862,
1.2845278857868405,0.9701115056350507,0.007498307713644529,
1.293605822790612,0.9566726858551016,0.007538346116848536,
1.3026837566158627,0.958451499095394,0.007555470597086279,
1.311761693619634,0.9925541145536111,0.007652335694076456,
1.3208396306234051,0.9757879998924893,0.007755244045021013,
1.3299175644486558,1.0018500379420723,0.00789111553427083,
1.338995501452427,1.0037993568486892,0.007920988199065884,
1.348073435277678,1.0344112955847709,0.007948073612724382,
1.357151372281449,1.0428247308693452,0.008065283908249577,
1.3662293061067,1.0069328771284067,0.008177897039844898,
1.3753072431104711,1.0481225142578747,0.008286912940441024,
1.3843851769357218,1.0352664159136318,0.008307380642253115,
1.393463113939493,1.0680847148975776,0.00841359829728878,
1.4025410509432643,1.048920938505621,0.008535665299035017,
1.411618984768515,1.0836576197608492,0.0085562146832649,
1.4206969217722865,1.0953600270045754,0.008692801738370464,
1.4297748555975371,1.0706348999680309,0.008704613609518897,
1.4388527926013084,1.086125282181461,0.00890973120387289,
1.447930726426559,1.0966345017088817,0.008961358049034146,
1.4570086634303303,1.082541832962689,0.00905576433676264,
1.466086597255581,1.1105581306639474,0.009072998898286923,
1.4751645342593525,1.111277774738596,0.009162046871157306,
1.4842424712631235,1.1376135389538011,0.009389651883079046,
1.4933204050883744,1.1007202475668558,0.009296562639166426,
1.5023983420921454,1.1396674472680526,0.009479284854265245,
1.5114762759173963,1.1495349076692556,0.009582864809623445,
1.5205542129211675,1.11153737986845,0.009632133551114896,
1.5296321467464185,1.142275723813095,0.009726886423098876,
1.5387100837501897,1.1402060351152017,0.009851983021055237,
1.5477880175754404,1.1537727079618236,0.010190555218516936,
1.5568659545792116,1.1829991360925005,0.010458939610718598,
1.5659438915829829,1.1546335082666053,0.010520630691375037,
1.5750218254082338,1.190544502070787,0.010820868847219344,
1.5840997624120048,1.1524175671300414,0.010811498714398567,
1.5931776962372557,1.1325751127036843,0.011139898749599147,
1.602255633241027,1.174225751202669,0.011216792285148089,
1.6113335670662776,1.2134467369098454,0.011411644779098852,
1.6204115040700489,1.183848599013382,0.01156673054974408,
1.6294894378952998,1.194054654321905,0.011699723335841466,
1.6385673748990708,1.219502651938969,0.011888261401583418,
1.6476453119028422,1.1828501985695636,0.011991430405796035,
1.656723245728093,1.1848376215237528,0.012146789266082423,
1.6658011827318642,1.1854335250667762,0.01236998115458791,
1.6748791165571149,1.1920936542393221,0.01253380522205075,
1.683957053560886,1.1714033988515078,0.012633679076800066,
1.6930349873861368,1.2258963813731825,0.012696395892414884,
1.7021129243899082,1.2449860146410217,0.012951488614482178,
1.7111908582151591,1.1903653614335516,0.013111030002383915,
1.7202687952189302,1.2170685955647111,0.01316124554631118,
1.7293467322227012,1.2365747571270522,0.013554764011064964,
1.738424666047952,1.2125412810932685,0.013471145167313648,
1.7475026030517233,1.266060519231432,0.0138364963407411,
1.7565805368769742,1.2231857364668626,0.01366101784282946,
1.7656584738807455,1.2576049521706865,0.014121450081673545,
1.7747364077059962,1.2492230038500391,0.014128302494334933,
1.7838143447097674,1.2369477343750468,0.01430206747482753,
1.792892278535018,1.2661759558384682,0.014612607969549444,
1.8019702155387896,1.259827102530183,0.014339732159849976,
1.8110481525425606,1.2808838884686666,0.014773715222365808,
1.8201260863678115,1.2617518841937665,0.014698874403708439,
1.8292040233715827,1.2282686530609381,0.01491449778731688,
1.8382819571968334,1.2573091248533639,0.015183082153792684,
1.8473598942006046,1.2799630351772628,0.015115530933989292,
1.8564378280258556,1.308720923608468,0.015375069968000142,
1.8655157650296266,1.2949903339150586,0.01532597429886639,
1.874593702033398,1.2998136739408896,0.01562443161507548,
1.8836716358586487,1.2611309929883108,0.01564086134309953,
1.89274957286242,1.3083792563216115,0.015874204035671136,
1.9018275066876706,1.2487223025126344,0.016102718977081775,
1.9109054436914419,1.306956372084436,0.015851257733879864,
1.9199833775166926,1.217529969241562,0.016374893949489187,
1.929061314520464,1.2968887668866795,0.016181817691572096,
1.9381392483457147,1.2711667992245181,0.016545015019719302,
1.947217185349486,1.3164610092484024,0.0167366679157013,
1.956295122353257,1.273014915678792,0.016571779932908523,
1.9653730561785079,1.333126966927363,0.017000139994194446,
1.9744509931822791,1.279434791742087,0.016792361310873274,
1.98352892700753,1.385100871232683,0.017178144591559554,
1.992606864011301,1.3097817426595029,0.017182379864050922,
2.001684797836552,1.2949033801676781,0.017440685036581256,
2.010762734840323,1.3411581771222856,0.01772410906154724,
2.0198406686655743,1.2622174502383832,0.017479121326312456,
2.028918605669345,1.3184548568785674,0.017760222375780982,
2.0379965426731164,1.2917734955521751,0.01785317450239027,
2.0470744764983673,1.3151868038466323,0.018006562106748017,
2.0561524135021383,1.2731418874535636,0.01828111545032698,
2.065230347327389,1.303565390208882,0.018067148191856675,
2.07430828433116,1.280962123292222,0.018617532055586326,
2.083386218156411,1.3335843381367618,0.018523832369021085,
2.0924641551601826,1.3039050154381189,0.018640996203386932,
2.101542088985433,1.322076398208695,0.0194672428502334,
2.1106200259892045,1.3228665492667737,0.019963848668930848,
2.119697962992976,1.3342929968782233,0.020550862334859442,
2.1287758968182264,1.3427615928363623,0.02053855885005966,
2.137853833821998,1.284569288865479,0.02111603429691872,
2.1469317676472484,1.3760627736755648,0.021279758913280416,
2.15600970465102,1.2974426484816353,0.021831618307627712,
2.1650876384762703,1.3294015781252946,0.022161104718561187,
2.1741655754800417,1.3231188962187603,0.02212557846071836,
2.183243509305292,1.350270061418014,0.022886187721512224,
2.1923214463090637,1.2892683055322731,0.02289350463386702,
2.201399383312835,1.2482177314436684,0.023396963498252613,
2.2104773171380856,1.3407516996023912,0.02369568005117107,
2.219555254141857,1.3121793536539044,0.023627777054733855,
2.2286331879671075,1.2788978842150838,0.024370028591998764,
2.237711124970879,1.316637305140292,0.024420157816380357,
2.24678905879613,1.2885112726721126,0.024722122274666542,
2.255866995799901,1.3063076842630952,0.02554608714811116,
2.264944929625152,1.388365583024706,0.02536134357449594,
2.2740228666289233,1.2798145559096645,0.025897158928740668,
2.2831008036326943,1.3233869777734073,0.025836243029145913,
2.292178737457945,1.2787805761415605,0.026158325634251477,
2.3012566744617162,1.3110039691906274,0.02647880706103929,
2.310334608286967,1.2926678320633118,0.02663399471474574,
2.3194125452907386,1.2809399171523512,0.025966826839937385,
2.328490479115989,1.2762846379778783,0.025334265835951147,
2.3375684161197605,1.3246834530026728,0.02515644566794982,
2.346646349945011,1.322298550602718,0.025380615217411327,
2.3557242869487824,1.2057915679478153,0.025097466818624514,
2.3648022239525535,1.3183244178016347,0.025293116501797667,
2.3738801577778044,1.2743713483758206,0.024950318915091793,
2.3829580947815754,1.3149039954219048,0.025147269883131127,
2.3920360286068263,1.2645908666691215,0.025147723826399255,
2.4011139656105973,1.2420839534647534,0.02518728413712866,
2.410191899435848,1.2291393274722604,0.025313846212827604,
2.4192698364396192,1.3065585746490678,0.025239646467074342,
2.4283477702648706,1.2526279030359597,0.025278021085228638,
2.437425707268641,1.345332775589034,0.025266517216517806,
2.4465036442724126,1.296756723748575,0.02547572349594471,
2.4555815780976635,1.349991087867621,0.0254429187507187,
2.4646595151014346,1.2600790473828427,0.02572914268590825,
2.473737448926686,1.268607124180304,0.02576515982947725,
2.4828153859304565,1.3092591874609292,0.02564990857485083,
2.491893319755708,1.3410161018648419,0.025932630010031047,
2.500971256759479,1.344732109729553,0.02584239659686186,
2.5100491905847298,1.287042161249074,0.02645575771016617,
2.5191271275885008,1.306816837538685,0.02639676875143689,
2.528205064592272,1.2213286038692481,0.026418881587047922,
2.5372829984175227,1.3362606884418549,0.02672767162878687,
2.546360935421294,1.2466857026881135,0.026548275349516825,
2.5554388692465446,1.2215801084210833,0.026969700299979613,
2.564516806250316,1.2847980242284651,0.027019505133748952,
2.5735947400755665,1.3033529746582655,0.02716405903754898,
2.582672677079338,1.2237868847983804,0.027333813649981435,
2.5917506140831095,1.2508024983016637,0.027290424652029955,
2.60082854790836,1.2288223522902832,0.027703546629699552,
2.6099064849121314,1.3229567842432983,0.027825036351960035,
2.618984418737382,1.3219122019284477,0.02780362458793495,
2.6280623557411533,1.2655771623702872,0.028289237636749412,
2.637140289566404,1.268713241112786,0.027998498008915462,
2.6462182265701752,1.2685075532104853,0.028385718556617305,
2.655296160395426,1.241483430303687,0.028341752959984083,
2.664374097399197,1.1959646312576209,0.028727316705085906,
2.6734520344029686,1.2854761012468665,0.02887207719780238,
2.682529968228219,1.2979624846909341,0.02872981293593072,
2.6916079052319906,1.1984005618307274,0.029114675896411497,
2.7006858390572415,1.2640815071564901,0.029048481197632866,
2.7097637760610125,1.2543841399545201,0.02952858491626945,
2.7188417098862634,1.2044685753189233,0.029454891681895443,
2.727919646890035,1.1840853308392076,0.02952134291788144,
2.7369975807152853,1.2312591130161863,0.03012519632490959,
2.746075517719057,1.2261790871608904,0.02990973873262197,
2.755153454722828,1.2112907168956055,0.030084805567017772,
2.7642313885480787,1.1970931890963374,0.0301638522743283,
2.77330932555185,1.2256250844567615,0.030431834356207096,
2.7823872593771006,1.3019469506715915,0.030851023144313303,
2.791465196380872,1.263281662998614,0.03055287078882402,
2.8005431302061226,1.3032760773860215,0.030976625744210704,
2.809621067209894,1.206388770192334,0.030917758065217814,
2.8186990010351445,1.1661774223461048,0.03135353215536554,
2.827776938038916,1.1349704796458382,0.031381359817564874,
2.836854875042687,1.2304876757533991,0.031294585043662684,
2.845932808867938,1.1213084549783172,0.031784174189008814,
2.855010745871709,1.1969244347067152,0.03175376871341266,
2.86408867969696,1.2395744660706198,0.03217808228603607,
2.873166616700731,1.1659241902738715,0.03195981759127555,
2.882244550525982,1.189939237789647,0.03226667080411348,
2.8913224875297527,1.266364382599984,0.03268377748872495,
2.900400421355004,1.1854265813130045,0.032683609774037066,
2.909478358358775,1.256501459727703,0.03265208589651137,
2.918556295362546,1.2148507478854746,0.03263506820586211,
2.9276342291877975,1.196027642822467,0.03325458683866955,
2.936712166191568,1.2764123824305724,0.033513611697210594,
2.9457901000168194,1.1855535458668331,0.03341084116734686,
2.9548680370205904,1.2342938576158038,0.03343298826701395,
2.9639459708458413,1.2364550216982777,0.03364915428215715,
2.9730239078496123,1.2285152924300622,0.03406113239125485,
2.9821018416748633,1.1284030763788837,0.033895354294267245,
2.9911797786786343,1.0820870976146952,0.03407563782132423,
3.0002577156824057,1.1731237694967722,0.034373667487594205,
3.009335649507656,1.163131446501488,0.03459834391582013,
3.0184135865114277,1.1576996673504523,0.03490722941665205,
3.027491520336678,1.0807138061437331,0.034557340213148637,
3.0365694573404496,1.2131353958783568,0.03516789632883206,
3.0456473911657,1.196164968033216,0.03520222575653368,
3.0547253281694715,1.1294011411049254,0.03551169400830991,
3.0638032619947224,1.2594607506676403,0.03538958684822987,
3.0728811989984934,1.1540991436516543,0.03561550962980583,
3.081959136002265,0.9738166100330071,0.03583900662347779,
3.0910370698275154,1.03993050202628,0.036018686586242,
3.100115006831287,1.1494654508420352,0.03600880506840446,
3.1091929406565377,1.2957006534168616,0.03657722896703713,
3.1182708776603087,1.0943134552117586,0.036436126302563356,
3.1273488114855597,1.186081985900666,0.03717570391741041,
3.1364267484893307,1.1310951842480925,0.036536097447419306,
3.1455046823145816,1.111821702239793,0.03686941744435111,
3.154582619318353,1.1932948296621446,0.03715792577228025,
3.163660556322124,1.014973918802684,0.037456676569571155,
3.172738490147375,1.102583472860465,0.03762193856262903,
3.181816433508187,1.1597813873508724,0.03760573216908419,
3.1908943514408357,1.048085738841467,0.03762689123839113,
3.1999723011586885,1.2646563421879315,0.03817592296284564,
3.209050219091337,1.011307647333184,0.038262926895701266,
3.2181281688091903,0.959997124379038,0.03832671334664028,
3.227206118527043,1.0751976708850288,0.038321204190425014,
3.2362840364596916,1.0021270355111784,0.038814866362905896,
3.245361986177545,1.1092301164284661,0.03901502800066571,
3.2544399041101935,0.9324623921831806,0.038818975939270056,
3.2635178538280463,1.0522652635193688,0.03922536557371128,
3.272595771760695,1.0659489361370016,0.039374986123866224,
3.2816737214785476,1.069730931159132,0.03952559984855247,
3.290751639411196,1.1060919724947562,0.03996059816729041,
3.2998295891290494,0.9996373328654766,0.03959453241237854,
3.3089075388469023,1.0811515767735187,0.040148181496790156,
3.317985456779551,1.0456623515965264,0.040034402940599144,
3.327063406497404,1.121998780866893,0.04067041166998764,
3.3361413244300526,0.9625610156821309,0.04042030901719755,
3.3452192741479054,1.0090722284707334,0.040822686190249625,
3.3542971920805544,1.113233252320579,0.041187555209144126,
3.3633751417984072,1.041970929324361,0.040923323612908576,
3.372453059731056,1.0642156975915995,0.041141486862250595,
3.381531009448909,0.994984242506368,0.04122043535975387,
3.390608959166762,1.0306187391870194,0.04188146924310954,
3.39968687709941,0.979089125243409,0.04214891605895258,
3.4087648268172632,1.120413934849364,0.04172177890368931,
3.417842744749912,1.2151769994115547,0.04220437854350465,
3.4269206944677646,1.0409292249024573,0.042279781146539935,
3.435998612400413,1.0225552745246653,0.04249784326516729,
3.4450765621182664,0.9538766645493982,0.04272842723466032,
3.454154480050915,0.9128807975150611,0.042924566306628296,
3.4632324297687678,1.0752789906422628,0.042961714241136685,
3.472310379486621,1.0395468225057056,0.043316750739696874,
3.4813882974192696,1.052253158414151,0.04474017044788825,
3.4904662471371224,0.8801563953308247,0.044764203108751184,
3.4995441650697714,1.0175513261269569,0.04594892242150212,
3.508622114787624,0.902254813902963,0.04635055655870886,
3.5177000327202728,1.06349514866801,0.04715853403305758,
3.526777982438126,0.965026310576446,0.04748251883352872,
3.535855900370774,0.8267982194473137,0.04793096540101049,
3.544933850088627,1.1609637052607407,0.048801727142778424,
3.55401179980648,0.957659413774333,0.04936927086366038,
3.5630897177391287,0.9100091114544321,0.04966502835419,
3.5721676674569816,0.9605124826418087,0.050279398222245676,
3.58124558538963,0.9666356515572171,0.05065978272933348,
3.5903235351074834,0.8828520840811717,0.05154954496634683,
3.599401453040132,0.9226110287055229,0.05148597040857616,
3.6084794027579847,0.8799423049551085,0.050669313665386156,
3.6175573206906337,0.9537297960747203,0.05092424087194946,
3.6266352704084865,1.0125550298774817,0.050384367107142204,
3.6357132201263394,1.1212975555450844,0.050888641444615954,
3.6447911380589884,0.9682199930658761,0.05011887569099969,
3.653869087776841,0.854107386128753,0.05048398083210188,
3.6629470057094893,1.0013969855819713,0.05047307953863139,
3.672024955427343,0.7021714320849044,0.05066867136421572,
3.681102873359991,0.7699708082774498,0.050783193254498586,
3.690180823077844,0.9276837022428732,0.0499994037496951,
3.699258741010493,0.7421945292082955,0.05094925381605682,
3.7083366907283457,0.8193595728846053,0.050698923566877156,
3.7174146404461985,0.8435081287197761,0.050852678123842206,
3.726492558378847,0.7707254517925669,0.05135283178990619,
3.7355705080967003,0.9878447472553803,0.05081810731602379,
3.744648426029349,0.9737382235512034,0.05172155420882927,
3.7537263757472017,0.8306924928310517,0.0510783949684937,
3.7628042936798507,0.9777060129521083,0.05161252942147067,
3.7718822433977035,0.8915297640998457,0.051663299762109864,
3.780960161330352,0.6455103727019356,0.05185969043466092,
3.7900381110482053,1.0150744616561496,0.05229301319545445,
3.799116060766058,0.9284688392406627,0.05190082501807491,
3.8081939786987062,0.9472479182924713,0.05227703273935457,
3.8172719284165595,0.8300969138866204,0.052464624421145946,
3.826349846349208,0.6627830742781405,0.05213475056765775,
3.835427796067061,0.8929983865805844,0.05270193664619171,
3.84450571399971,1.025829229938609,0.0518047444662889,
3.8535836637175627,0.8671998419538369,0.05275570341345274,
3.8626615816502112,0.8861865165646653,0.052554048309989304,
3.8717395313680645,0.872314741053843,0.0526305595508491,
3.8808174810859173,0.7999808105026072,0.0531249194365009,
3.889895399018566,0.9436982748401538,0.05276093095231788,
3.8989733487364187,0.8307807787267523,0.05302803708037582,
3.9080512666690677,0.8173378920652894,0.052893150330176046,
3.9171292163869205,0.8550819552161598,0.053357022271702054,
3.926207134319569,0.9737777918877304,0.053335707672945376,
3.9352850840374223,0.9127353303800017,0.05367012692712449,
3.9443630019700704,0.8788612799519767,0.05411588966220516,
3.953440951687923,0.8740913249935589,0.0535542030155447,
3.9625189014057765,0.99012028091392,0.05402670855558649,
3.971596819338425,0.872694598596892,0.05443589759915438,
3.980674769056278,0.71597256941244,0.054685608696966495,
3.9897526869889264,0.7898034273320134,0.055095139539332476,
3.998830636706779,0.8647013277116953,0.054595445954387374,
4.007908554639428,0.8806555976293414,0.05528871819410867,
4.016986504357281,0.8348986603062934,0.05509005370560039,
4.02606442228993,0.6981254334245579,0.05687331547287234,
4.035142372007782,0.8502714076789734,0.058235011266981815,
4.044220321725636,0.8231635088158827,0.058946650627618155,
4.053298239658284,1.0867085762293662,0.060528272336588675,
4.062376189376137,0.9348791925038202,0.06026853239310515,
4.071454107308786,0.6893621820382996,0.061423107456388966,
4.080532057026639,0.6549792423344672,0.06186789679633786,
4.089609974959288,0.879201873411049,0.06253977207301649,
4.09868792467714,0.8488085664150359,0.06348198752609663,
4.107765842609789,0.695758100471487,0.06352333948532006,
4.116843792327643,0.6869565019537748,0.06396504830700263,
4.125921742045495,0.5901211666789986,0.06436670573024171,
4.134999659978144,0.5838811017735153,0.0644768578543605,
4.144077609695996,0.6470639471945555,0.0657226686454626,
4.153155527628645,0.9012176305474096,0.06506959544253114,
4.162233477346498,0.7801312624425379,0.06586227853805404,
4.1713113952791465,0.7597569238797504,0.06511335059091446,
4.180389344997,0.7769897089591887,0.06643051300168651,
4.189467262929648,0.9720106114861498,0.06702504659897511,
4.198545212647502,0.6157315040227056,0.06727689483360738,
4.207623162365354,0.6264810412482839,0.06853896665704828,
4.2167010802980025,0.7175880116719465,0.06786586837938631,
4.225779030015856,0.6968802167427943,0.0687694635891092,
4.234856947948505,0.9050843268485255,0.06886590281048023,
4.243934897666358,0.584681929790301,0.06783462360362645,
4.253012815599006,0.7676781050320888,0.06688142586588129,
4.262090765316859,0.5436999778302383,0.06544356556195542,
4.271168683249507,0.5708062391817714,0.06602423323495411,
4.28024663296736,0.6837599331816477,0.06529119463802385,
4.2893245826852135,0.6617852126394203,0.06530343051457463,
4.298402500617862,0.7456264487308433,0.065529569219569,
4.307480450335715,0.6573546612076695,0.06487312986074148,
4.316558368268364,0.870986507514073,0.06466487886692125,
4.325636317986216,0.8328942407262896,0.06466075958413008,
4.334714235918865,0.4415966011374122,0.06500626509771129,
4.343792185636718,0.5579952378966194,0.06495375083716823,
4.3528701035693675,0.8854594415375513,0.0650464043673912,
4.36194805328722,0.7883938415831596,0.06537793729586691,
4.371026003005073,0.6514694508313877,0.06529310205697697,
4.380103920937722,0.7470649625752319,0.06577251467624716,
4.389181870655574,0.6829436353889377,0.06535044830181752,
4.398259788588223,0.7331796731147098,0.06590245676202208,
4.407337738306076,0.6528203578876244,0.06609264854129675,
4.4164156562387245,0.7213696994587984,0.06605888210556532,
4.425493605956578,0.7695356641394524,0.06650689884736906,
4.434571523889226,0.6438483606171411,0.06649039140274092,
4.443649473607079,0.6187147875819068,0.06616229125141346,
4.452727423324932,0.5853106444233446,0.06695028970488574,
4.461805341257581,0.6344276313215829,0.06711506936733591,
4.470883290975434,0.5693858585722974,0.0673910836872612,
4.479961208908082,0.7245373505998474,0.06703035697996076,
4.4890391586259355,0.6266213268988204,0.06774200920032208,
4.498117076558584,0.7764898835544838,0.06777170060620208,
4.507195026276436,0.7000255351378118,0.06796582258358458,
4.516272944209085,0.43633881250141393,0.06824039625971683,
4.525350893926939,0.6395559554276969,0.06766726175767866,
4.5344288436447915,0.5134542882682309,0.06867331727266715,
4.54350676157744,0.7026831254443692,0.06870950230498182,
4.552584711295292,0.6475556293169987,0.06872605692544284,
4.561662629227941,0.6405973098499279,0.06936727196751455,
4.570740578945794,0.5554102478368598,0.0687981186705766,
4.579818496878444,0.5194997475266916,0.0696578823845688,
4.588896446596296,0.6739943774068369,0.0692387983065794,
4.597974364528945,0.829524825994239,0.06992945681732574,
4.607052314246798,0.7773427071779085,0.06988883524036343,
4.61613026396465,0.5900334835294042,0.06983973464937333,
4.625208181897299,0.6616507410433566,0.07091957466848252,
4.634286131615153,0.7708408523850716,0.06991067720486784,
4.6433640495478015,0.8507715326106512,0.07128163832796483,
4.652441999265654,0.4710656981466858,0.0710090507586355,
4.661519917198302,0.4991413325116252,0.07110181994064478,
4.670597866916156,0.5542845626649087,0.0712584330984983,
4.679675784848803,0.5743549043394454,0.07087433536646985,
4.688753734566657,0.6238253282784985,0.07187004991062858,
4.69783168428451,0.8533629419366073,0.0721789509819236,
4.706909602217158,0.6143742017399467,0.07207632720909395,
4.715987551935012,0.6457188376174554,0.07264585739584216,
4.72506546986766,0.6810111047742746,0.07249666370897141,
4.7341434195855125,0.8351943987467499,0.0730831598549698,
4.743221337518161,0.4769033623269817,0.07282984584505205,
4.752299287236015,0.5714570070433257,0.07287328642077238,
4.761377205168664,0.39940977521103205,0.07348094554385794,
4.770455154886516,0.7440197321001081,0.0734349104999446,
4.779533104604369,0.5929092956934845,0.07387003942799102,
4.788611022537018,0.644541502133058,0.07349065959843873,
4.79768897225487,0.5034327488837065,0.07451175488367377,
4.80676689018752,0.534218952469188,0.07420711631039464,
4.815844839905372,0.5687309410123174,0.07477511582732069,
4.824922757838021,0.40585272119405247,0.07478206411548322,
4.834000707555874,0.5852544027807067,0.07446569971291717,
4.8430786254885225,0.4616324863036282,0.07564457852090792,
4.852156575206375,0.4079733449356262,0.07522667423923268,
4.861234524924228,0.6014174495871626,0.07562762661681575,
4.870312442856878,0.3410419571416514,0.07556337146655522,
4.87939039257473,0.5595127611022663,0.07606542326938652,
4.8884683105073785,0.7082738032691783,0.07643407547229863,
4.897546260225232,0.5345009987903955,0.07619160080180384,
4.90662417815788,0.6170812683754502,0.07699153525450314,
4.915702127875733,0.5898518752932718,0.07675467875845424,
4.924780045808382,0.5885962832815336,0.07717081717917101,
4.933857995526235,0.3575162030099468,0.07711698928896461,
4.942935945244088,0.678372800119936,0.0772998452193489,
4.952013863176736,0.7064176193514548,0.07778400671056289,
4.961091812894589,0.566497659155907,0.07804814013599827,
4.970169730827237,0.629264766261884,0.07834569077143728,
4.979247680545091,0.7513207198570568,0.0783258089841702,
4.98832559847774,0.4696316259977321,0.07833526953147632,
4.997403548195592,0.2660896869879289,0.0788326613534606,
5.006481466128241,0.5655544878967993,0.07896383992223553,
5.015559415846094,0.3339726287428466,0.07899958828863658,
5.0246373655639465,0.49447245038416393,0.0797377341608015,
5.033715283496595,0.3798836223040281,0.0795041097982333,
5.042793233214449,0.6945062295290718,0.07997849026789978,
5.051871151147098,0.723916259579872,0.07949716414897347,
5.06094910086495,0.4519884071877772,0.08013077555459111,
5.070027018797599,0.504627674364565,0.08053680824831953,
5.079104968515451,0.8258841106068266,0.08066133448070893,
5.0881828864481,0.49860786994591055,0.08124397767649603,
5.097260836165954,0.4456400274186645,0.08054600576960529,
5.106338785883806,0.7824003953892876,0.08140382503592301,
5.115416703816455,0.6489380101798633,0.08174073910066489,
5.124494653534308,0.4289462524889037,0.08172857120905888,
5.1335725714669564,0.5969123207583017,0.08194235399374566,
5.142650521184809,0.24906062457565437,0.0822574109345474,
5.151728439117458,0.4659539951902809,0.08254159325049121,
5.1608063888353115,0.5370246858253247,0.08262193177090056,
5.16988430676796,0.3713431843489079,0.08256315521813881,
5.178962256485812,0.6339169461464434,0.08318846587833016,
5.188040206203666,0.36060685349459143,0.08357758861013734,
5.197118124136314,0.7731409704481956,0.08380399535484881,
5.206196073854167,0.734138164118812,0.08340924959560433,
5.215273991786816,0.5583800466425922,0.08393680613362513,
5.224351941504668,0.5078194593986337,0.08382052736686178,
5.233429859437317,0.7828080289717998,0.08474676367734228,
5.24250780915517,0.7044470370736647,0.0848521716960105,
5.251585727087819,0.689388026253722,0.08467779074745642,
5.260663676805671,0.7362677016792726,0.08541438405606107,
5.269741626523525,0.14575534231942577,0.08484961898351684,
5.278819544456174,0.4139399131093717,0.08564074676436571,
5.287897494174026,0.3983052815373548,0.0854874621507045,
5.296975412106675,0.41528237681335706,0.08616307332074678,
5.306053361824528,0.7682443224066943,0.08630584398450986,
5.315131279757177,0.4492910453641718,0.08608220499392778,
5.32420922947503,0.37844187493951537,0.08652839760582577,
5.333287147407678,0.17824568955880635,0.08682180063916406,
5.342365097125531,0.5209241243749498,0.08723934846956477,
5.351443046843384,0.4758822501615379,0.08686016949187454,
5.360520964776033,0.6470332245678064,0.08696900494634904,
5.369598914493885,0.43926832967153356,0.08762631547153198,
5.3786768324265335,0.33514948572813075,0.08748798356247485,
5.387754782144388,0.35467695777162167,0.08734830766646158,
5.396832700077036,0.5259727192084188,0.08755176513705208,
5.405910649794889,0.12057465118090986,0.08785712470222395,
5.414988567727537,0.7810546902104588,0.08844845113490932,
5.42406651744539,0.20004369797708962,0.08807745630585931,
5.433144467163243,0.363827314384931,0.08895937438943159,
5.442222385095892,0.4626336459436764,0.0881994924792483,
5.451300334813745,0.23904695242621002,0.08958161379768761,
5.460378252746394,0.19724420024132064,0.08995679328557464,
5.469456202464246,0.47257441709094944,0.08873472162605438,
5.478534120396895,0.33125173791857415,0.08994902158534879,
5.487612070114747,0.16193780947632144,0.08964088364455715,
5.496689988047396,0.12327904498370257,0.09043411835863062,
5.50576793776525,0.37729178782174616,0.09080632355129903,
5.514845887483102,0.5113216966393238,0.09054774531339219,
5.523923805415751,0.3715983367119451,0.09169643290318406,
5.533001755133604,0.43131131315463533,0.0912393411924381,
5.542079673066253,0.01668335739189349,0.09222263823874655,
5.551157622784105,0.5675440477086181,0.09223507191368727,
5.5602355407167545,0.6232703656138657,0.0918524684053949,
5.569313490434608,0.6848900188592321,0.09330586540244258,
5.578391408367256,0.040738528196047424,0.09236309428506959,
5.587469358085109,0.813785467520333,0.09385425315216031,
5.596547307802962,0.5805910609120957,0.0929492530909028,
5.60562522573561,0.23295439389155023,0.0944276742670511,
5.614703175453464,0.5032602545912688,0.09383463191092989,
5.623781093386112,0.3838915838820927,0.09393538519692197,
5.632859043103965,0.6235078369599278,0.094552002042805,
5.641936961036613,0.5003405292938717,0.09429123614820356,
5.6510149107544665,0.6277650193677121,0.09550709166004889,
5.660092828687115,0.3632957106502119,0.09506482336227799,
5.669170778404967,0.5956615143091105,0.09524339881769318,
5.6782487281228216,0.46939607938006456,0.09538622878256803,
5.68732664605547,0.5144531395543981,0.09579240699333194,
5.6964045957733225,0.18445454834892433,0.09585482635540504,
5.705482513705971,0.28506977877565437,0.09645180200152598,
5.714560463423824,0.34433449039938935,0.09643477403925257,
5.723638381356473,0.3455991349804037,0.09720274382970966,
5.732716331074326,0.36335958835303095,0.09620555631384647,
5.741794249006975,0.15354383087596787,0.09742174603563378,
5.750872198724827,0.33129660054096355,0.09757396524929415,
5.75995014844268,0.0657315224697971,0.09783190789448622,
5.769028066375329,0.3573788287405178,0.098163364376058,
5.778106016093181,0.5036824715581416,0.09801260026393904,
5.787183934025831,0.5274663575801976,0.09829201707875304,
5.796261883743684,0.539767461876742,0.09883124670422125,
5.8053398016763325,0.2667717296556084,0.098620402690381,
5.814417751394185,0.2675327820860344,0.09944218063936355,
5.823495669326833,0.5618236039636691,0.09982734260232959,
5.832573619044687,0.5200777884127078,0.09955227726357287,
5.84165156876254,0.5545620213737943,0.09993449354926077,
5.850729486695188,0.7174323911388719,0.09969812252202576,
5.859807436413042,0.6013936677088636,0.10089173580194322,
5.868885354345689,0.2662074797988002,0.10055406586417437,
5.877963304063543,0.45172110415622585,0.1008380843292801,
5.887041221996191,0.38894042168912607,0.10096310835159693,
5.8961191717140435,0.27615923937886244,0.10140882906632692,
5.905197089646693,0.5284491982115948,0.10150904332259708,
5.914275039364546,-0.1579722341011014,0.10210358386223492,
5.923352989082399,0.2575046754380988,0.10197486966088325,
5.932430907015047,0.5125305961930815,0.10197054075331984,
5.9415088567329,0.41281413991660915,0.10269095936776942,
5.950586774665549,0.5243004106348258,0.10423572893684248,
5.959664724383402,0.13553592201225004,0.10660505292808593,
5.968742642316051,0.4913896053698881,0.10823366682947623,
5.977820592033904,0.5245990186854518,0.11044998967709123,
5.986898509966553,0.38614761055933317,0.11097955023635785,
5.995976459684405,0.6053518815357385,0.11143633076323775,
6.005054409402258,0.6611617439208612,0.11335943825350198,
6.014132327334906,0.16456057892519477,0.11368673634120363,
6.02321027705276,0.23631796439800767,0.1147839345213655,
6.032288194985409,0.03861568115147162,0.11493369191574489,
6.041366144703261,0.2985735050677434,0.11584141820064682,
6.0504440626359095,0.6497390582904751,0.11725279479913325,
6.059522012353763,0.2825732952530686,0.11634338161868973,
6.068599930286411,0.642770952659631,0.11823721311051068,
6.077677880004265,0.1541524897302106,0.11783161734958894,
6.086755829722118,0.11217805026102724,0.11888979871724525,
6.095833747654766,0.7238618075464603,0.12027245210626064,
6.104911697372619,0.49699734260041084,0.11834366801473416,
6.113989615305267,0.2548972889990704,0.12088551219039856,
6.1230675650231206,0.38666565145681747,0.12089587445784325,
6.132145482955769,0.7639477352379387,0.12176290197102518,
6.141223432673622,0.32261985633761575,0.12209726031505624,
6.150301350606271,0.192960134885829,0.12178356312412043,
6.159379300324123,0.06865898211691059,0.12389806676675175,
6.1684572500419765,0.28069427731315405,0.12067386079997004,
6.177535167974625,0.4441623529768265,0.11989501170320345,
6.1866131176924775,0.5781317955121104,0.11778959417705326,
6.195691035625127,0.5042359143758472,0.1167276341431924,
6.20476898534298,0.6066116187649528,0.11727411129838594,
6.213846903275629,0.6982787715835609,0.11538540130898757,
6.222924852993481,-0.04772801627150961,0.11562968164164279,
6.23200277092613,0.5869591229365997,0.11553334616822558,
6.241080720643983,0.16561660061146788,0.11578630839398783,
6.250158670361836,0.4586505579039909,0.1167212869469952,
6.259236588294485,0.4384255871525091,0.11442425191473439,
6.268314538012338,0.08240320760438424,0.11601553558556975,
6.277392455944986,0.485542821230246,0.11644237918229285,
6.286470405662839,0.804093827452297,0.11612365439012327,
6.295548323595487,0.04897336108058924,0.11627676932112552,
6.304626273313341,0.06806646568125256,0.1161225216335124,
6.313704191245989,0.2536469179403166,0.11729861742598101,
6.3227821409638425,0.18927190657776968,0.11699243119341676,
6.331860090681695,0.5606962031370162,0.1168427100897428,
6.340938008614343,0.7038358417056321,0.11679355465273046,
6.350015958332197,0.4361240828804353,0.11790644464219024,
6.359093876264845,0.5115954879126908,0.11816696104189793,
6.3681718259826985,0.3205007168169737,0.11774485534070885,
6.377249743915347,-0.013521209959217344,0.11737169061105088,
6.3863276936332,0.6632827185324377,0.11815984752012086,
6.395405611565848,0.4588111323669805,0.11906519249225263,
6.404483561283701,0.3504988609978909,0.11844109226424311,
6.4135615110015545,0.6861839035991356,0.11883435646204416,
6.422639428934203,0.8502839706049364,0.11922815605930726,
6.431717378652056,0.12296918152011706,0.11889378255339766,
6.440795296584705,0.7246154517443022,0.1202279954335787,
6.449873246302557,-0.004758760747007318,0.11906148144437584,
6.458951164235206,0.5704865744416834,0.12050120396804262,
6.468029113953059,0.33714536015066754,0.12025622224522133,
6.4771070318857085,0.5671315062470259,0.11975323307491204,
6.486184981603561,0.32665741697243766,0.12088909147321203,
6.495262931321414,-0.20281023271948873,0.12028176813794335,
6.504340849254063,0.7763724453610562,0.12167897240621794,
6.513418798971915,0.2783107599316659,0.12197752532493075,
6.522496716904564,0.5693467706628265,0.12137694016742967,
6.531574666622417,0.16936679098324864,0.1217592484621804,
6.540652584555065,-0.03950982922642056,0.12131931509681299,
6.549730534272919,0.21003614004371154,0.12275025937089529,
6.558808452205567,0.4989053710322941,0.12219853578925195,
6.5678864019234195,0.24702697130030177,0.12265314737947289,
6.576964351641273,0.9385198253473094,0.12390258381219792,
6.586042269573921,0.3956208025550788,0.12281063984841821,
6.595120219291775,0.23212533558572945,0.12407922560262216,
6.604198137224423,0.3615301761335547,0.12275034829556077,
6.613276086942276,0.4309919422824073,0.1238387975279728,
6.622354004874925,0.08734186586735633,0.12493539852190272,
6.631431954592777,0.3426414806628058,0.12372191118752979,
6.640509872525426,0.25883141107302227,0.12469302543308172,
6.64958782224328,0.5172434275449421,0.12447307906917947,
6.658665771961132,0.32360776193858154,0.1252784491081869,
6.667743689893781,0.4248746588298867,0.12529395169691848,
6.676821639611634,0.5976595976421915,0.1258535604595252,
6.685899557544282,0.1138707920831442,0.12635919996979064,
6.694977507262135,0.7577726088449167,0.1256968344859952,
6.704055425194784,0.33647313184337646,0.12647900259056846,
6.713133374912637,0.17722871135491866,0.12593949794516285,
6.7222112928452855,0.9829885425128289,0.12710886504408253,
6.731289242563139,0.5987321740177967,0.1279601622365176,
6.740367192280991,0.19916553595007436,0.12673570750313498,
6.74944511021364,0.5720681231324547,0.12775227086897303,
6.758523059931493,0.6242571742737907,0.12762527556346231,
6.767600977864142,0.42420424282708347,0.1287356803892707,
6.776678927581995,0.4905658583106373,0.12842134764999164,
6.785756845514643,0.4455652565534163,0.12815959357622556,
6.794834795232497,0.16506521936397991,0.1292097524518374,
6.803912713165144,0.6188253787964089,0.1285331243572674,
6.8129906628829975,0.6108920258199764,0.1297371367694218,
6.822068612600851,0.48030709932282023,0.12908312881696785,
6.831146530533499,0.351317524593934,0.129637330902914,
6.8402244802513525,0.16364572609027844,0.13106456899036584,
6.849302398184001,0.33792038840206096,0.1298565094771893,
6.8583803479018535,0.24642018906660668,0.1305250601109378,
6.867458265834502,0.2658033912831413,0.13082484578943715,
6.876536215552355,0.7264725474555974,0.1313399765107994,
6.885614133485005,0.48550728625857237,0.1315839072679698,
6.894692083202857,0.530017345205446,0.13123117823191296,
6.90377003292071,0.3551901684952796,0.13242768106240413,
6.912847950853359,0.14986555332316026,0.1318952340685411,
6.921925900571211,0.40429998256319793,0.1320996707037583,
6.93100381850386,0.22315151212717937,0.1322304343952699,
6.940081768221713,0.47628087083259457,0.13173973981318923,
6.949159686154362,0.2707592418730281,0.13319889559079592,
6.958237635872215,0.5475746373459659,0.13140830503245532,
6.9673155538048634,0.11916848493806691,0.13330969320973907,
6.976393503522716,0.36340685256282323,0.13255264540325437,
6.985471453240569,0.45846778518322184,0.13371459596735769,
6.9945493711732185,0.44247670530055033,0.1334979559536687,
7.003627320891071,0.33517220367849593,0.13358495000626852,
7.012705238823719,0.5892314621193363,0.13428506021702208,
7.021783188541573,0.3147719981168812,0.133903936432605,
7.030861106474221,0.5301027262764524,0.13457433368401128,
7.039939056192074,0.2260271193319217,0.1349381488416478,
7.049016974124722,0.3087631205405883,0.13493475414019057,
7.058094923842576,0.5939939098097111,0.13587892216183795,
7.067172873560429,0.3918253290876058,0.13542260744314283,
7.076250791493077,0.14908317924519543,0.13612574678036166,
7.08532874121093,0.253588199692352,0.13568768550725321,
7.094406659143578,0.6155724818995915,0.13690750980306268,
7.103484608861431,0.16508415740468194,0.1374050603916285,
7.112562526794081,0.3696442802344361,0.13659888003107948,
7.121640476511933,0.09597448371468627,0.13793916716523086,
7.130718394444582,0.5873295045523678,0.13781335863330016,
7.139796344162435,-0.07791618144737888,0.1394083385785116,
7.148874293880287,0.16564035076147576,0.13856860878484245,
7.157952211812936,0.16219030416921312,0.1388785834724383,
7.16703016153079,0.02458299563785043,0.139711847732193,
7.176108079463439,0.5622344236445163,0.13913047961719816,
7.185186029181291,0.5029768198676144,0.14046758290600106,
7.19426394711394,0.680984821762347,0.13940034377851354,
7.203341896831793,0.6868682605102481,0.1408888986182554,
7.2124198147644405,0.5067383890469557,0.14122698732200706,
7.221497764482294,0.2697288759206466,0.14073077508058213,
7.230575714200147,0.34764204371142265,0.1414755634884455,
7.239653632132796,0.7441890070868554,0.14051835708091912,
7.248731581850649,0.39686832716516846,0.1426175186115592,
7.257809499783297,0.3956298311551699,0.14206344039060204,
7.26688744950115,-0.11924556158937136,0.14189643616157846,
7.275965367433798,0.6095812387507877,0.14293462298103782,
7.285043317151652,0.17107537110601345,0.14208604646680506,
7.294121266869505,0.6429526316320279,0.1436179742773713,
7.303199184802153,0.6120377667974704,0.1431205698251412,
7.312277134520007,0.21794754217908593,0.14363802915503926,
7.321355052452655,0.7377341938690599,0.14424430760689605,
7.3304330021705075,0.7946149090169166,0.1440508005171362,
7.339510920103157,0.3586227150046271,0.14515817650573884,
7.348588869821009,0.5741257379144333,0.14353920171295592,
7.357666787753658,0.2943558672708182,0.1450531627801912,
7.366744737471511,0.6647397646360941,0.14570378614132548,
7.3758226871893635,0.6199196958096618,0.14590534586812634,
7.384900605122012,0.36005810189691206,0.14609123486356096,
7.393978554839865,0.6316890911763213,0.14557217194947492,
7.403056472772515,0.5485504024815336,0.14672003621115995,
7.412134422490367,0.6156927936706434,0.14658689709601933,
7.421212340423016,0.2710236567839812,0.1465670736315893,
7.430290290140869,0.3610297897505379,0.14767763644841342,
7.4393682080735175,0.6500662891767509,0.14698221796727887,
7.44844615779137,-0.20654570602213101,0.1485133202045518,
7.457524107509224,0.6226627475469472,0.14725807123264084,
7.466602025441873,0.10216698591463301,0.14798483598549786,
7.475679975159725,0.7125981925712015,0.14933669567690622,
7.4847578930923735,-0.1499164210764074,0.1490055909823363,
7.493835842810226,0.6621925134951904,0.1499096218265854,
7.502913760742874,0.7316200708496793,0.14824760490701205,
7.5119917104607286,0.41446592377717145,0.14995625813527083,
7.521069628393377,1.138971545718035,0.14959313046500178,
7.5301475781112295,0.057486021551951844,0.15072578498902303,
7.539225527829083,0.22333512405356296,0.15099698450876997,
7.548303445761731,0.7050138243765885,0.15021820626566695,
7.557381395479584,0.2904716301735427,0.1521306972710774,
7.566459313412232,0.4397443319037109,0.15122508373578228,
7.575537263130086,0.6212583494807131,0.1507045282037179,
7.584615181062735,0.17010937191217143,0.15213019436605343,
7.593693130780587,0.19657544229100912,0.15207655652198857,
7.602771048713236,0.23371993480801265,0.1536338350587982,
7.611848998431088,0.3455455885014689,0.15198932146637478,
7.6209269481489414,0.5070066540655812,0.15304544449382076,
7.630004866081591,0.4446392145077173,0.1532385643260631,
7.639082815799443,0.7227710365330942,0.154014185698135,
7.648160733732092,0.03136786969286691,0.1543189464530534,
7.657238683449945,0.47157366783293325,0.15295195103708517,
7.666316601382594,0.2548404515500088,0.15504550172510037,
7.675394551100446,0.951224341768274,0.15473223002893335,
7.684472469033095,0.16544763718311817,0.15468273095908092,
7.693550418750949,0.3496250716533241,0.15529097041715625,
7.702628368468801,0.4912707301902565,0.1551635215813087,
7.71170628640145,0.8463130180663418,0.15664997620077778,
7.720784236119303,0.7522364910738273,0.1553201062273407,
7.729862154051951,0.4490360694194795,0.15595453862300743,
7.738940103769804,0.28057823461357123,0.15686654840003464,
7.748018021702453,0.4754815232706151,0.15722266823376038,
7.757095971420306,0.1365484706758023,0.15741330520183555,
7.766173889352954,0.3866508494220019,0.15698824776937068,
7.775251839070807,0.2914742123107799,0.15810895755274534,
7.78432978878866,0.12480718095446498,0.1581172422153925,
7.793407706721308,0.5024321171019063,0.15878348121048258,
7.8024856564391625,0.3370246008961333,0.15860856223160272,
7.811563574371811,0.8790334292555508,0.15819647649735832,
7.820641524089663,0.40306824626719995,0.159311109323407,
7.829719442022312,0.7333777023760073,0.15904716489484627,
7.838797391740165,0.962561978288339,0.159800410349812,
7.847875309672814,0.6468645752840682,0.160535198779151,
7.856953259390667,0.41904989022873346,0.16050130718768826,
7.86603120910852,0.8774147538623871,0.16138674662547314,
7.875109127041168,0.30047573385375465,0.15968553216083167,
7.884187076759021,0.45078960047372246,0.16503060790016064,
7.89326499469167,0.8454271827037978,0.16752163152154106,
7.902342944409522,0.8241483407851018,0.1702394501203581,
7.911420862342171,0.28188558631557725,0.172395592292426,
7.920498812060025,0.1692457891956945,0.17231301344984024,
7.929576729992673,0.43611480725460045,0.17496585103473355,
7.938654679710526,0.1036196588613371,0.1766930658519073,
7.947732629428379,0.5712708774416958,0.1803985574710302,
7.9568105473610276,0.0398274888730208,0.18384184585128333,
7.965888497078881,0.6853531984147371,0.18686696631363076,
7.974966415011529,0.531400121852194,0.1901381948293168,
7.984044364729382,0.549436246048856,0.19041616941969877,
7.99312228266203,1.2313158734539351,0.19477718513135198,
8.002200232379884,0.8405968836389095,0.1971123411653466,
8.011278150312531,0.12149771512123708,0.19952522255609942,
8.020356100030385,0.03548284377168786,0.20223490886500325,
8.029434049748238,0.4021533280383087,0.20231572820130364,
8.038511967680886,-0.16386798678186174,0.2049341751292693,
8.04758991739874,0.17366254085585903,0.20690299009502502,
8.056667835331389,0.7705079926431214,0.21085634899026615,
8.065745785049241,0.8567597341214176,0.21242072559491001,
8.07482370298189,0.5442635687561002,0.21416641432511385,
8.083901652699742,0.20624668566112697,0.21691210441351563,
8.09297957063239,0.850074245505661,0.21560150649820292,
8.102057520350245,-0.322555021678462,0.21933851712319924,
8.111135470068097,0.5112069126212615,0.2202038278620754,
8.120213388000748,0.9130824848159647,0.22100553548363108,
8.129291337718598,0.4270962783408343,0.22500545813630796,
8.138369255651247,0.4946423076821301,0.2216453884408944,
8.147447205369101,0.03609481248315332,0.22656757029284186,
8.15652512330175,0.5248538341990208,0.2263675565937327,
8.165603073019602,0.533996084320503,0.2291533551470512,
8.174680990952252,1.475671317520645,0.23167986732480017,
8.183758940670103,0.947666949809983,0.2305645409501372,
8.192836890387957,0.18397754379071926,0.23424506994694927,
8.201914808320605,1.3215397647924463,0.23214123776209253,
8.210992758038458,0.35519045523328036,0.23593320563490855,
8.220070675971106,0.23345999497138606,0.23690318235826593,
8.22914862568896,-0.0922288153826388,0.23866923663032957,
8.238226543621609,-0.8245099243338424,0.23928143995293616,
8.247304493339461,0.5867332689563239,0.23672327122009218,
8.25638241127211,0.002892002467445456,0.24167690311333126,
8.265460360989962,1.4288477924188305,0.24073124562976705,
8.274538310707817,0.5621970031787871,0.24183526485686882,
8.283616228640465,1.4052011334859322,0.2422182166028924,
8.292694178358317,0.44199064197732785,0.24425318678852959,
8.301772096290966,0.4960200333391804,0.2476779309772858,
8.310850046008818,0.5002573016189291,0.24499792454250507,
8.319927963941467,0.9141566209465609,0.24943090733491147,
8.329005913659321,0.1951683569553581,0.24790590991330666,
8.33808383159197,0.4974222383455731,0.2531480975588848,
8.347161781309824,0.04679344177588812,0.25416379923518834,
8.356239731027674,0.932502413486685,0.2502875691442078,
8.365317648960323,0.23223083110714934,0.25757601701348315,
8.374395598678177,0.5473019061937497,0.25523668986996145,
8.383473516610826,0.3747029120370357,0.26148363705697564,
8.392551466328678,0.9710408896186122,0.2580962997993424,
8.401629384261327,0.656512180548437,0.2576245498695534,
8.410707333979179,0.5923105568776187,0.2660392931789694,
8.419785251911827,0.14455317634212445,0.2618989458817723,
8.428863201629682,-0.08373003091952949,0.2643769756230401,
8.437941151347534,1.3698702362500754,0.2655471507442131,
8.447019069280183,0.5515083422498832,0.2675805919684906,
8.456097018998037,0.8236509238677086,0.2734234632618926,
8.465174936930685,0.690447536296502,0.26656972939228224,
8.474252886648538,0.21260399608322708,0.2718616364637907,
8.483330804581186,1.0662577693617967,0.2741305509597645,
8.492408754299039,0.68747637836808,0.2753438582902845,
8.501486672231687,0.4675907580490337,0.279923461021994,
8.510564621949541,0.728216979469165,0.27503945167496513,
8.519642571667395,1.099102063692197,0.2791621247171743,
8.528720489600044,0.7700638298298043,0.28276701599722015,
8.537798439317895,1.1836037415660767,0.28153438824221316,
8.546876357250543,0.6811304307161838,0.28363543239465994,
8.555954306968397,0.46778872630752505,0.2837260566754761,
8.565032224901046,0.7332503073006941,0.28784290476928504,
8.574110174618898,1.171502738833698,0.2907035823510348,
8.583188092551548,0.7179920095231496,0.2856421281628152,
8.592266042269399,0.8209239810168515,0.29248321474690286,
8.601343991987253,0.38851812723383305,0.2914986241793854,
8.610421909919902,1.4292671493034308,0.29737419583928093,
8.619499859637754,0.2585831494207052,0.292522312011364,
8.628577777570403,1.389223023108517,0.29555923920378824,
8.637655727288257,0.919184924047158,0.2976210667203851,
8.646733645220905,-0.06612556192568812,0.29913971096225817,
8.655811594938758,0.2766117247701257,0.2964305704012454,
8.664889512871406,0.6777550875679594,0.2997132179472854,
8.673967462589259,1.0307233076055187,0.3024837375408857,
8.683045412307113,0.6188876632324306,0.303200501571737,
8.692123330239761,-0.6623667913324152,0.3036842221067029,
8.701201279957614,0.7640645142602428,0.30244193641269584,
8.710279197890262,0.3797684899345606,0.3083944068721666,
8.719357147608115,-0.3920992012603559,0.31214123284433704,
8.728435065540763,0.5798607796367576,0.30564715303635587,
8.737513015258617,0.45464303222098623,0.3142697298623354,
8.746590933191266,0.332461012481997,0.3104869818622332,
8.75566888290912,0.5651706819154249,0.3177648113409149,
8.76474683262697,1.574872777746662,0.3155240223448395,
8.77382475055962,1.114647607192818,0.31506835568022556,
8.782902700277473,1.885246634714106,0.3244441548638158,
8.791980618210122,0.60072379677089,0.318709390959734,
8.801058567927974,0.0722336751370302,0.32431548967158774,
8.810136485860625,0.4960738282772464,0.32312593263686157,
8.819214435578475,0.4709496784874765,0.3252851856847042,
8.828292353511124,0.8030446950465359,0.33084787859216164,
8.837370303228978,-0.17042111380531969,0.3253764100119811,
8.84644825294683,1.2271608877209232,0.33330914145135415,
8.855526170879479,0.09822754846634218,0.33064899298782946,
8.864604120597333,0.12155198539692813,0.3350047767293918,
8.873682038529981,0.6778069188723601,0.33452003240740447,
8.882759988247834,0.16721798841147412,0.3371203129069684,
8.891837906180482,0.5519730152058276,0.34247771198948995,
8.900915855898335,0.4641400322674917,0.3390321928719678,
8.909993773830983,0.14149637362408846,0.3440450897650452,
8.919071723548837,0.7507556306642071,0.3422203164526513,
8.928149673266692,-0.19519221711739124,0.3461450746024337,
8.937227591199338,1.2777892573027159,0.3471872934121936,
8.94630554091719,-0.33171361877715794,0.3426942049044848,
8.95538345884984,0.4529597846592369,0.35039326303998564,
8.964461408567693,1.3277567541737356,0.34516822376010503,
8.973539326500342,1.143969065880902,0.3502528096667092,
8.982617276218196,1.5898337844844206,0.35011716449257596,
8.991695194150845,0.7701781853295321,0.35180919632756125,
9.000773143868695,0.8614898446704773,0.35496714190149303,
9.00985109358655,0.4900093797689622,0.34860182481474683,
9.018929011519198,0.6895948893965315,0.3569617102627684,
9.02800696123705,0.7777323244500585,0.353787184777171,
9.0370848791697,1.3869900489066624,0.3593440533535583,
9.046162828887553,1.3216182784768769,0.36441770694610104,
9.055240746820202,-0.8547210058010516,0.35686456397412947,
9.064318696538054,0.19788793648635583,0.36479057454438674,
9.073396614470703,0.18566522475783348,0.3631863507298337,
9.082474564188555,0.05155145268607461,0.367863856297397,
9.091552513906409,0.9189263140155073,0.36960550085595506,
9.100630431839058,1.6281588160691292,0.37233328057069603,
9.10970838155691,0.584651290794654,0.37513334886695104,
9.118786299489559,0.10009431328930016,0.37024508000486445,
9.127864249207411,0.6325948648844129,0.3788789740564535,
9.13694216714006,-0.3983056480129601,0.3753705611786108,
9.146020116857914,0.6138019209498277,0.3843827554408734,
9.155098034790562,0.40536318337553945,0.38517106862759776,
9.164175984508416,0.4180573288979159,0.37874327611887815,
9.173253934226267,0.004381628753454914,0.390362143053943,
9.182331852158915,0.5312815346817613,0.3818964669677241,
9.19140980187677,2.9762877321087005,0.3942479837376602,
9.200487719809418,1.5116575780105148,0.38854893281537534,
9.209565669527272,0.8582550751115131,0.39297855864327974,
9.21864358745992,0.7611640111551597,0.40357530263730446,
9.227721537177771,0.9600255292453632,0.3897231084394508,
9.23679945511042,-0.34724610775160003,0.40510797851691643,
9.245877404828274,1.7950960661959618,0.3966413396086086,
9.254955354546127,0.3505400104594549,0.40435918764085566,
9.264033272478775,0.6104013351530194,0.41143724663020254,
9.27311122219663,1.0059882361413905,0.4023521079536077,
9.282189140129278,1.3499336812521245,0.41514765129727715,
9.29126708984713,-0.42158399533160507,0.40549162249878,
9.300345007779779,0.5655151983017439,0.4169224182507855,
9.309422957497631,1.355543121202485,0.41591098683379213,
9.31850087543028,0.1297640753139741,0.4168674349638464,
9.327578825148134,0.29842584172244635,0.42315303223541245,
9.336656774865988,1.0643184282050464,0.4185520394566969,
9.345734692798635,1.033447292433214,0.428171937955904,
9.354812642516487,-0.14137699291760136,0.42570720837013937,
9.363890560449136,0.2094167986802379,0.4277822781583067,
9.37296851016699,0.27047720259334634,0.43317227258886715,
9.382046428099638,1.518166910439211,0.43279184540069515,
9.391124377817492,-0.06231558153587861,0.4377154733825905,
9.400202295750141,1.0025074889298993,0.4325592370635267,
9.409280245467992,2.2704741944163156,0.44529265565997933,
9.418358195185846,1.0407299760655981,0.4401275594029297,
9.427436113118494,-0.183651575737968,0.44824960289377397,
9.436514062836347,0.792858035061341,0.4509148073417369,
9.445591980768997,0.011178134658126563,0.44180037575169934,
9.45466993048685,-0.5495257004681943,0.4583990028021453,
9.463747848419496,1.1126889020797572,0.4483650468544061,
9.47282579813735,1.37704286065494,0.46244964115384335,
9.481903716069999,-0.28034028725866594,0.4610127507399138,
9.490981665787851,0.5898139610241644,0.4546413137796603,
9.500059615505705,0.2186865582183257,0.4718582248863156,
9.509137533438354,0.5053695692883939,0.4598252058657857,
9.518215483156206,-0.0028559995439129595,0.4732159162324095,
9.527293401088855,0.35411226087470893,0.47024795366853955,
9.536371350806707,-0.5361793241291307,0.47162660191686967,
9.545449268739356,0.9603544879754368,0.48510566609306255,
9.55452721845721,1.0092190376719785,0.4692410892399396,
9.563605136389858,0.802148981812761,0.48865247126329475,
9.572683086107713,0.407944324725761,0.47802213075848377,
9.581761035825563,-0.806103181716884,0.48893304431288004,
9.590838953758212,0.5446322826093625,0.492479438279385,
9.599916903476066,0.947239396644832,0.4847183846534097,
9.608994821408714,1.7613819003604154,0.5058475808138388,
9.618072771126569,2.439117366242017,0.48843767347649547,
9.627150689059217,-1.675929290955639,0.5037820331932548,
9.636228638777068,0.8131110094338734,0.5018889968069488,
9.645306556709716,1.2219072373417752,0.5062502326293967,
9.65438450642757,0.9732870762971264,0.5177097346870058,
9.663462456145423,0.715427677010258,0.500053830140611,
9.672540374078073,1.4658164069867317,0.5220940554695022,
9.681618323795925,0.7661995308240963,0.510067006570259,
9.690696241728574,-0.7239715556816263,0.5227156723074502,
9.699774191446426,1.9460164304863408,0.5266542186189425,
9.708852109379075,0.165839487164853,0.5219788380910027,
9.717930059096927,0.15305675090208762,0.5391082799426505,
9.727007977029576,0.12314832224957967,0.5207226705734239,
9.73608592674743,0.06838315951148893,0.5400423481144724,
9.745163876465284,-0.37403469809110573,0.5387392867873765,
9.754241794397931,1.8063814560678018,0.5402993052517254,
9.763319744115783,-0.4457179989241428,0.5544253186502767,
9.772397662048432,3.2124765282757486,0.5417896742996617,
9.781475611766286,1.8380625481946502,0.5578779545327924,
9.790553529698935,0.9944730704701754,0.5470848618310251,
9.799631479416789,0.8080256612455393,0.5637623464319035,
9.808709397349437,1.0747787139898488,0.5644434638207482,
9.817787347067288,0.5899935127233057,0.5565521565044068,
9.826865296785142,0.49031503908319995,0.5795334690129779,
9.83594321471779,-0.3654056436496629,0.5586768095070688,
9.845021164435645,0.08757020145799652,0.5818347231802337,
9.854099082368293,-0.4712880429275059,0.5734876755248465,
9.863177032086146,1.013411268204049,0.5796199445265403,
9.872254950018792,-0.1521531169892333,0.5972208181429041,
9.881332899736647,-0.6939558947036766,0.5729293404900493,
9.890410817669295,1.159457322345179,0.6016055821382968,
9.89948876738715,0.885189609140791,0.5873716678761888,
9.908566717105002,-0.6547708987141119,0.6040987911841014,
9.91764463503765,0.1902253668486574,0.6062150787688484,
9.926722584755503,1.3755831874473832,0.6037167093612316,
9.935800502688151,1.4410138085462756,0.6214996152563969,
9.944878452406003,-0.6901089101402468,0.6001254008971454,
9.953956370338652,0.06479702238641301,0.6169448563051951,
9.963034320056506,0.7246168763333872,0.612751114144681,
9.972112237989155,-0.5510087640360813,0.6134572883082149,
9.981190187707009,0.8496998079039589,0.6324457889571958,
9.99026813742486,0.08014928270778576,0.6005201054951405,
9.999346055357508,-0.9007993639347127,0.6262961158106404,
10.008424005075362,2.1067872649853085,0.6158034238202867,
10.01750192300801,1.5181894171993149,0.6227457055916588,
10.026579872725865,0.19103944391356545,0.6272195367516776,
10.035657790658513,1.4577903077203829,0.6186618334727475,
10.044735740376364,-0.35547132393925224,0.6392624536976161,
10.053813658309013,1.801304779441714,0.6138756583131351,
10.062891608026867,3.534962372829396,0.638061857996892,
10.07196955774472,-1.3820413407522425,0.6308632992506046,
10.08104747567737,-1.0696838259980987,0.6380868321014725,
10.090125425395222,0.6536248605660153,0.6519900594814405,
10.09920334332787,-0.6706979223610084,0.6293663874114219,
10.108281293045723,0.08337944953882032,0.6584900381922467,
10.117359210978371,-0.6714152204788286,0.6450643116350425,
10.126437160696224,1.1433072998143745,0.6602259483865106,
10.135515078628874,1.7990798959787868,0.6657475547991922,
10.144593028346726,2.3881777746560924,0.6637874241746453,
10.153670978064579,-0.9150425037091802,0.6845263280136792,
10.162748895997227,-1.156202123865803,0.6560065495828208,
10.17182684571508,1.0078445901836108,0.6933563884238576,
10.180904763647728,1.2045600071966027,0.6798581454605085,
10.189982713365582,0.9954516327501519,0.6907345805616779,
10.19906063129823,1.4967105821148965,0.7091774265567978,
10.208138581016085,1.3811101430443342,0.6776303533816087,
10.217216498948734,-3.28902303919556,0.7099110743910003,
10.226294448666584,-0.3144603726724573,0.6944244944219933,
10.235372398384438,1.3179591691601384,0.7251496848025741,
10.244450316317087,2.4968166434753516,0.7145860251942077,
10.253528266034941,1.8506801327694409,0.7192287603421259,
10.26260618396759,-1.3987388684334598,0.7488516612754742,
10.271684133685442,-1.763193850282228,0.7074347396285527,
10.280762051618089,0.6389211379781082,0.75762979672195,
10.289840001335943,-0.22414681121484903,0.7298308476052587,
10.298917919268591,1.5332649435604628,0.7518162615945524,
10.307995868986445,0.31786699859291784,0.7819635175816948,
10.317073818704298,4.2631703847459805,0.7317254713739894,
10.326151736636946,0.670475109860017,0.7809063843253301,
10.335229686354799,1.9297870889917388,0.7507377863998015,
10.344307604287447,2.0799646139299677,0.7905795119302581,
10.3533855540053,0.746613219294652,0.7788423271175241,
10.36246347193795,1.1150822257368909,0.7822879740596713,
10.371541421655802,1.9989932993696518,0.8230248319757081,
10.380619339588451,0.7385722612254377,0.7750794668089189,
10.389697289306305,-0.38101604725560884,0.8188054924918942,
10.398775239024156,1.151244623227118,0.797409341228959,
10.407853156956804,1.9041702718901772,0.8270353405180749,
10.416931106674658,2.2955977053896377,0.8459645859145634,
10.426009024607307,-1.3520767998615235,0.8046309294486049,
10.435086974325161,0.20467203996302438,0.8668057076360776,
10.44416489225781,3.8640516023571556,0.8161520873262061,
10.45324284197566,0.01189223720826519,0.8675440078248634,
10.462320759908309,-0.8928876276320338,0.8518483343806978,
10.471398709626163,-1.4195477172411368,0.8640968399647637,
10.480476659344017,1.2013788520359099,0.9135040075391683,
10.489554577276666,-0.8764098372343955,0.8420773007137276,
10.498632526994518,3.365620896558659,0.9189295319911076,
10.507710444927167,1.6804648297838158,0.8692092129843643,
10.516788394645019,-1.2466495841635044,0.9121075732956219,
10.525866312577667,1.3467267356190467,0.9323048790771172,
10.534944262295522,-0.06483878935977537,0.8954972770420393,
10.54402218022817,2.9298000707342977,0.9715951790415198,
10.553100129946023,-0.03200402667938302,0.8980157669466015,
10.562178079663875,-1.9699176794536113,0.9659544374659794,
10.571255997596523,0.14260174021611605,0.9357794901796961,
10.580333947314376,1.0353998542450595,0.9690561629494427,
10.589411865247024,-1.7053186860768574,1.0228607424822413,
10.598489814964879,-1.351505892741493,0.9310208697643286,
10.607567732897527,-1.4862658258991779,1.0255001462321605,
10.616645682615381,-0.8813383666564605,0.9689834463867311,
10.62572360054803,-3.0649046179025645,1.0207541743452337,
10.63480155026588,-2.5269480164422298,1.030254743619377,
10.643879499983735,-0.7698997757516901,1.008032767070251,
10.652957417916383,-1.5398009106707906,1.0990053572657101,
10.662035367634237,0.22971631636997542,1.0021373830363827,
10.671113285566886,-1.005316133366461,1.0986234821626462,
10.680191235284736,1.3734266066987912,1.059292390843132,
10.689269153217385,-1.0176612023606322,1.089305257724806,
10.698347102935239,3.679555331694446,1.1734476232091426,
10.707425020867888,-1.1379070899412795,1.0477343401700987,
10.716502970585742,2.17312362663135,1.173955309809524,
10.725580920303594,0.01075445143133804,1.0998345942165646,
10.734658838236243,-0.4837892166962913,1.1773159248283023,
10.743736787954095,-0.9426639002394894,1.1764398871713502,
10.752814705886744,7.333907458439716,1.1487214350572386,
10.761892655604596,-1.2549191356672544,1.2891443394416289,
10.770970573537246,3.4373423745747442,1.1333432792280258,
10.780048523255099,2.69601081773209,1.2983700188537108,
10.789126441187747,4.912864760009225,1.1922333763148771,
10.798204390905601,-1.797797929484427,1.288311998753296,
10.807282340623452,0.8277212368984149,1.3810222729288388,
10.8163602585561,0.5146005622767308,1.1933142574796596,
10.825438208273955,-4.193049745019502,1.386547847027882,
10.834516126206603,3.312758114659909,1.272729384935399,
10.843594075924457,3.0980084297112875,1.3909891094048275,
10.852671993857106,-2.3792886172232723,1.3635438926757486,
10.861749943574956,2.586073860117928,1.3781670957745076,
10.870827861507605,-3.016160096608038,1.5549070235584956,
10.87990581122546,2.23329981362122,1.329453256699618,
10.888983760943313,-1.4992180438612495,1.5282537133397276,
10.898061678875962,-1.2475964853614643,1.4440959244245546,
10.907139628593814,-5.094669380031875,1.5117181581079058,
10.916217546526463,1.296352255500691,1.736928850444766,
10.925295496244315,3.431135643963426,1.4055224660108647,
10.934373414176964,4.9379924759185565,1.855216964036394,
10.943451363894818,2.002229797184086,1.48068278430991,
10.952529281827466,2.0654045701340444,1.8051435726867764,
10.961607231545319,-2.703628331311342,1.6605273199358352,
10.970685181263171,1.7452382279355891,1.7138353558878918,
10.97976309919582,1.7166843509255745,2.1295728258059228,
10.988841048913672,1.5130273322164562,1.547757200497211,
10.997918966846322,-2.604131141075226,2.2484341247456974,
11.006996916564175,1.9825049184869536,1.6886326711940582,
11.016074834496823,9.103778874684878,2.2763997291080447,
11.025152784214677,-0.3961313060818958,2.074859266837503,
11.034230702147326,0.7395188570630619,1.9893358662409113,
11.043308651865177,8.801335075340717,2.592163056761727,
11.05238660158303,-2.1759414741749605,1.8934360299837631,
11.06146451951568,-6.212923333161766,2.7625193537914785,
11.070542469233533,1.554022199252804,2.0465406637607013,
11.079620387166182,-11.631852742151343,3.038073098676813,
11.088698336884033,-6.046321977653792,3.163733114057237,
11.097776254816681,-1.6813295040152194,2.3283445991691645,
