,wavelength,50uM,20uM,10uM,2uM_10mm,1uM_10mm
0,260.0,0.05056655839614578,0.0626786113917165,0.30515051674566795,-0.5747807094568342,-0.20062370036521873
1,259.9,0.09408065273136995,0.05456099930064496,0.3329008547672701,-0.5935362227057269,-0.23662472608594295
2,259.8,0.11326743958349525,0.062309258683658456,0.4437501204444791,-0.5861084311135286,-0.3109678218975833
3,259.7,0.16191879555521013,0.06895489159996883,0.5304176470588234,-0.6160260004662368,-0.3616723443935038
4,259.6,0.1444690527624524,0.04274442847152072,0.4836728028595852,-0.6567607156733235,-0.23566332271349763
5,259.5,0.14823970937912812,0.03538453259771548,0.4091450306939156,-0.6493899564845754,-0.13305931307793933
6,259.4,0.16123114771932548,0.09493450928588078,0.5999917476105369,-0.6469402789649547,-0.34348715517911255
7,259.3,0.1607292625689642,0.13784731913901624,0.5805409822052996,-0.7169407646281765,-0.43646083611780245
8,259.2,0.1703324329784754,0.13694837982749236,0.7015963322713497,-0.7111533335923539,-0.484911220763074
9,259.1,0.16412078949413317,0.11377149739684511,0.7241811640376097,-0.6298251262724377,-0.1454217654829436
10,259.0,0.15021466003574482,0.1973782850260316,0.72963997979641,-0.5918116714585437,-0.14639403217033184
11,258.9,0.1406125759577279,0.1323070285181444,0.6408323801383171,-0.4558545691195897,0.12072945061776362
12,258.8,0.14355001631828426,0.2085729310746756,0.7782750407957107,-0.3780107700676043,0.11038214313466474
13,258.7,0.1629084435465071,0.22006360245551332,0.8489626311290699,-0.34743053850338035,0.07758579532209166
14,258.6,0.13624878234517057,0.21842595772787318,0.7509538037143524,-0.2767022107389852,0.2356415960836118
15,258.5,0.0987931587535939,0.17360935193099694,0.5563864014297926,-0.2893905625922761,0.30366224259849245
16,258.4,0.10766848706193177,0.19512957883285423,0.5589935970160853,-0.3166167456678841,0.18196595695081205
17,258.3,0.0943826528867822,0.13783102416660195,0.461967899603699,-0.319981657471443,0.1720966353252002
18,258.2,0.12306397699898979,0.11561826093713568,0.4237127360323256,-0.3376888608283473,0.08440795710622426
19,258.1,0.13397400419613023,0.14133444323568267,0.5639309736576269,-0.2818568536793846,0.09499968917553815
20,258.0,0.1068917600435154,0.05057687854534153,0.6702828269484808,-0.3406518299790193,0.011379322402673165
21,257.9,0.09553850959670523,0.05433558551558007,0.6488223482788095,-0.2912807793923383,-0.07192057657937682
22,257.8,0.08435581319449843,0.06747204911026507,0.9047837749630897,-0.3458064729194188,-0.2224372367705338
23,257.7,0.05860975677985858,0.006756981894475145,0.8655090892843269,-0.43699857020747535,-0.3291258528246172
24,257.6,0.018475239723366225,-0.0031014764161939657,0.850415599502681,-0.2819464760276635,-0.0876941098764474
25,257.5,0.01807981505944517,0.012788837516512526,0.8245924135519467,-0.27622422488149817,-0.145367448908229
26,257.4,0.042678705416116264,0.016384594762607847,0.8748156911958972,-0.3227789610692363,-0.09568950967441135
27,257.3,0.028975719947159844,-0.08561921672235605,0.6426302587613647,-0.28240273525526466,0.031601383168855336
28,257.2,0.03131133265988032,-0.10767717771388614,0.7470821182687079,-0.29125905276245234,-0.045723692594607096
29,257.1,0.008587450462351381,-0.11380951899914524,0.817698553889191,-0.3470856282539436,-0.021395298780013828
30,257.0,0.049776795399797964,-0.0019852708058123677,0.8576636032325745,-0.31241264278498726,-0.06299636335379594
31,256.9,0.059948117180822116,-0.011026264667029318,0.8429535884684124,-0.24449791359079953,0.05698895019037999
32,256.8,0.06459978863936591,-0.0490397194809232,0.672466353252001,-0.2883802743025877,0.03152533996425506
33,256.7,0.03157857020747534,-0.13638077162172668,0.5292661356748776,-0.3461975522573626,0.023415875359390836
34,256.6,0.03905253088818091,-0.07766455435542781,0.4633149506566167,-0.3148813311057581,-0.09388619939389227
35,256.5,0.007788996814049276,-0.1068705765793768,0.3475337399953377,-0.2868892843266766,0.0184133188281918
36,256.4,0.01664585748698423,-0.046812739917631525,0.3548230243220141,-0.27837516124018963,0.17587163726785293
37,256.3,0.030140267309037214,0.0007875903333592692,0.2652984458776906,-0.21704903255886254,0.09334846530421934
38,256.2,0.048758902789649554,-0.06108441992384797,0.16972843266765095,-0.15382997124873737,0.18538790115782125
39,256.1,-0.006098665008936181,-0.20375233506876986,-0.08927472220063709,-0.09680843111352867,0.15614928898904343
40,256.0,0.011950732768668877,-0.25488867433367013,-0.04572369259460724,-0.06294476260781724,0.27857341673789743
41,255.9,-0.0072165001165591545,-0.3505102882896885,-0.2374557696790738,-0.004470254098997539,0.37811940321703325
42,255.8,0.009557544486751108,-0.2801295866034657,-0.11143045302665325,-0.07543757479213614,0.3159758100862537
43,255.7,0.02822973611003185,-0.40340920040407174,-0.19584384179034894,-0.0781262452405004,0.28415172896106944
44,255.6,0.04048811795788327,-0.36547450462351394,-0.05557128759033346,-0.11926290310047404,0.24542401118968063
45,255.5,0.04354342528556999,-0.3003380682259694,-0.13497668816535863,-0.15785211360634077,0.08479360478669694
46,255.4,0.06551741285259151,-0.28580295283238794,-0.1601252622581396,-0.17833489393115234,0.13808359623902403
47,255.3,0.08350532426761986,-0.32583698422565865,-0.057613590799595965,-0.11148748543010337,0.08580932473385644
48,255.2,0.08209798181676897,-0.42976360245551326,0.026712891444556568,-0.14019107933794392,0.0576353174294816
49,255.1,0.0573894806123242,-0.5034277410832233,0.015230367549926184,-0.24399820110342685,-0.030846382780324758
50,255.0,0.02827623109798741,-0.5124252816846686,0.0951463439272671,-0.21079719480923143,-0.12133779625456523
51,254.9,0.005616333825472073,-0.5608648030149972,-0.056418626155878435,-0.15859896650866426,0.07975302665319761
52,254.8,0.04800574916465926,-0.5064911958971171,0.020189470821353632,-0.09739233429170885,0.2773838837516513
53,254.7,0.04965132411220764,-0.5537330367549926,0.01547479213614114,-0.06416688553889194,0.4574161706426295
54,254.6,0.09377452451627945,-0.48866449607584117,-0.15656209495687307,-0.08597499028673554,0.5375385500038853
55,254.5,0.10220825907218897,-0.4476935037687466,-0.20777176159763777,-0.14205142202191326,0.5031724531820653
56,254.4,0.11089391390162406,-0.42760723443935034,-0.3179963866656305,-0.11001550625534236,0.49240690807366533
57,254.3,0.10621953811484962,-0.44665877302043683,-0.3176650555598726,-0.13888748154479746,0.5347846996658638
58,254.2,0.08786455528790116,-0.44878526692050663,-0.2438814204677908,-0.16860951122853376,0.5408138394591653
59,254.1,0.10834624928121842,-0.32139660424275396,0.057814562126039255,-0.19080326365684977,0.4665793767969541
60,254.0,0.1503794565234284,-0.2783968878700754,0.31528055792990917,-0.2015525137928355,0.49159759111042023
61,253.9,0.13081495221073897,-0.26351957805579296,0.30396641541689323,-0.14156257284948337,0.5618832387908927
62,253.8,0.12960086813272204,-0.4058588779236927,0.2254898282694848,-0.22033518532908536,0.41085057113994894
63,253.7,0.08599541331882818,-0.4743384994949103,0.07302320304607965,-0.08451930608438887,0.6066563913279974
64,253.6,0.08481315875359392,-0.4733445061776362,0.19870089362032795,-0.09214535317429494,0.632473059289766
65,253.5,0.08410704328230631,-0.3952834408267931,0.396239412541767,-0.10027111275157366,0.6412180278187892
66,253.4,0.09036214002642008,-0.42771586758877933,0.39316509441293035,-0.12354848084544248,0.7177446499339499
67,253.3,0.09176633211593753,-0.41022049887326134,0.28969201958194124,-0.12667439972025812,0.7339472841712643
68,253.2,0.10752194094335223,-0.41386242520786387,0.2371515968606728,-0.13039780091693218,0.6182366850571139
69,253.1,0.08024622115160464,-0.5361344665475173,0.24831365296448837,-0.13452857642396457,0.8021308804102883
70,253.0,0.08561487139637888,-0.5438990209029452,0.27662345170564917,-0.1664775856709923,0.6038536560727328
71,252.9,0.12518699463827804,-0.3928663532520009,0.42287082912425206,-0.14458529023234132,0.8375018338643251
72,252.8,0.11269602921749941,-0.3690349560960448,0.4358959437407724,-0.1371520669826716,0.7786769834485974
73,252.7,0.1285380013987101,-0.2491935814748621,0.5588143523195278,-0.11213928432667658,0.7893121687776827
74,252.6,0.09805662600046625,-0.3533075918874815,0.4942862615587847,-0.14275482166446501,0.6993530577356437
75,252.5,0.064046845908773,-0.3672425091304685,0.4590673945139482,-0.18508915999689188,0.7001352164115315
76,252.4,0.015460669826715356,-0.3844717266298857,0.25245800761519943,-0.18593921439117259,0.6286708990597563
77,252.3,-0.010473321936436379,-0.4286772709612247,0.1273397777605099,-0.2648584816225037,0.416776509441293
78,252.2,9.233817701453294e-05,-0.37306796176859125,0.3478379128137384,-0.256390527624524,0.44477670370658184
79,252.1,-0.022933544175926635,-0.4350377418602843,0.384773183619551,-0.3619330639521331,0.37998246172973815
80,252.0,-0.0119409557852203,-0.3789531626388998,0.4401434998834408,-0.40239076462817625,0.33048919884994943
81,251.9,-0.0428948853834797,-0.34215911492734485,0.324818548449763,-0.37698147097676593,0.29040899836817136
82,251.8,-0.0459811531587536,-0.3726470083145543,0.309332892998679,-0.33304750951899925,0.27452683192167215
83,251.7,-0.039394725308881835,-0.3381016667961769,0.2125896417748076,-0.3211060105680318,0.2411058434998835
84,251.6,-0.05136066671847076,-0.2865470899059756,0.40201326443391094,-0.39044111819100175,0.13823568264822428
85,251.5,-0.04283948247727093,-0.23492733312611697,0.35841334991063806,-0.38232893775740157,0.06027510296060284
86,251.4,-0.0628290683036755,-0.27350568031704103,0.19379067526614355,-0.45438258994482866,-0.04754329784754036
87,251.3,-0.08714008081436007,-0.34841638433444716,0.14087003652187421,-0.5005869842256586,-0.21769539979796412
88,251.2,-0.0547652296215712,-0.3405459126583262,0.2782094956873107,-0.45491217654829436,-0.025159437407723823
89,251.1,-0.07043230243220139,-0.4719349910637967,0.16247173828580322,-0.3612106535084312,0.20074862848706174
90,251.0,-0.040166020669826726,-0.42501633382547216,0.2607847385189215,-0.34503517755847385,0.3038740772398789
91,250.9,-0.045393447820343484,-0.4999514803014999,0.12425459631673003,-0.31367550314709775,0.24385969383790504
92,250.8,-0.08929862149351155,-0.580350874193799,-0.025344113761753072,-0.29602533219364363,0.18987988188670446
93,250.7,-0.1036436288755925,-0.6289451977620639,-0.20791841634936675,-0.2800861333436941,0.20260625534229545
94,250.6,-0.09509311368404694,-0.5580674994172042,-0.21788550780946467,-0.2623246134120755,0.333976322946616
95,250.5,-0.10645614111430571,-0.5678417670370658,-0.2592530111119746,-0.3028502098065117,0.3129558085321315
96,250.4,-0.11342495765016707,-0.47808362732147014,-0.37749476260781734,-0.32668432279120363,0.36557770611547147
97,250.3,-0.08717810241666021,-0.37697060766182305,-0.04858074442458626,-0.33937267464449467,0.3231727562359156
98,250.2,-0.07610403916388217,-0.39774398166135677,-0.17984761053694912,-0.32128797109332513,0.36732126816380445
99,250.1,-0.06542974590100242,-0.43054032947392956,-0.18298167689797187,-0.3000610536949257,0.26143110575802336
100,250.0,-0.06342546429403993,-0.3956663726785299,-0.0996003030538503,-0.2098357914367861,0.34588251612401893
101,249.9,-0.04131427305928978,-0.36499380293729117,-0.035816349366695255,-0.2893579726474474,0.39490865646126333
102,249.8,-0.05685424508508819,-0.28135170953454036,0.2116119434299479,-0.22066651643484342,0.4482475328308339
103,249.7,-0.08702818867044836,-0.28741615510140645,0.044767720879633224,-0.3155602882896885,0.38014541145388125
104,249.6,-0.10341658559328619,-0.3262606535084312,0.08516295749475483,-0.3678454231097987,0.34067898826637677
105,249.5,-0.10743927111663688,-0.33736296138006067,0.0920611624834874,-0.3645402595384257,0.2993006216489239
106,249.4,-0.1218461993938923,-0.35212349055870695,0.15831054549693063,-0.42151563058512703,0.19097707669593583
107,249.3,-0.09730053928044138,-0.4012012316419302,0.1611355505478281,-0.39797482710389304,0.4010572927189372
108,249.2,-0.10541109021680005,-0.3682935348511928,0.1779025339964256,-0.34723499883440834,0.40303984769601364
109,249.1,-0.10511234905587069,-0.33020675266143446,0.3118863151760044,-0.2976113761753051,0.31021282150905277
110,249.0,-0.11912602533219364,-0.3428896728572539,0.4082602136918176,-0.2609042349832932,0.42586910404848866
111,248.9,-0.1244208050353563,-0.379232892998679,0.41828270805812423,-0.22172025798430336,0.6850080503535629
112,248.8,-0.12619532753127669,-0.3432359410210583,0.2781035783666174,-0.17379131245629031,0.6705000932473388
113,248.7,-0.13538243297847544,-0.3662390104126195,0.14624194576113145,-0.15722475716838916,0.6769691972958273
114,248.6,-0.1518023335146476,-0.3673579318517367,0.0006061729738130574,-0.2271872212293107,0.6120608905120833
115,248.5,-0.13206933918719405,-0.36743451822208406,-0.1311289020125884,-0.13092467169166205,0.6871481233973115
116,248.4,-0.09339496029217498,-0.3381065552879011,0.016787080581241738,-0.13569638278032475,0.7439904188359625
117,248.3,-0.09838784847307483,-0.31481587963322716,-0.03495217266298854,-0.03736980340352784,0.8563279586603466
118,248.2,-0.0924489828269485,-0.41644517833553507,-0.12111509829823607,-0.04928142823840235,0.8951751728961068
119,248.1,-0.11657282042116716,-0.3948616726241356,-0.09278194342994797,0.004394210894397412,1.1808043126894086
120,248.0,-0.10845933638977388,-0.32848220141425133,0.06136143445489161,0.049148352630352096,1.1624235838060455
121,247.9,-0.15305248379827494,-0.4077227511850183,-0.17799704483642864,0.027549366695158874,1.1559599114150285
122,247.8,-0.16206229994560573,-0.39932758139715596,-0.08803684746289528,0.0009260975988809782,0.9023069391561116
123,247.7,-0.20062261403372444,-0.3435360400963556,-0.043996425518688306,-0.07638811484963871,0.6778491258062012
124,247.6,-0.2164243919496464,-0.32940558318439667,0.061025758023156434,-0.021297528945528058,0.6428257984303365
125,247.5,-0.15011363120677595,-0.17778629652653663,0.3863956197062709,-0.0068411725852824444,0.5778088584971637
126,247.4,-0.15504123086486904,-0.17575485663221696,0.34676678996036986,-0.06392517678141271,0.5837022068536794
127,247.3,-0.14670146398321546,-0.17941850959670522,0.23949807288833638,-0.1287900303053851,0.39357246872328855
128,247.2,-0.1969214826326832,-0.252577504079571,0.10032814515502371,-0.13605487217344006,0.47260308493278425
129,247.1,-0.17042477115548998,-0.24542672701841636,0.1996579516667962,-0.19181355194653826,0.4246687077472996
130,247.0,-0.1628834579221385,-0.2800888491724299,0.3108227966430958,-0.17362293107467555,0.3988194498407026
131,246.9,-0.20546547983526306,-0.3039338254720647,0.25705916465925865,-0.15840614266842806,0.35912489703939693
132,246.8,-0.19824572072422098,-0.30186707980418065,0.35177477814904035,-0.19097436086720015,0.3708029606029996
133,246.7,-0.24672543631983837,-0.4321834058590411,0.24142468179345722,-0.22657887559250908,0.32129340275079643
134,246.6,-0.26130617763618,-0.40033759810397085,0.3926680977542933,-0.2940482088740385,0.1882449529878001
135,246.5,-0.2777673587691351,-0.45481983837127987,0.3473018082213071,-0.2723568847618308,0.19574064029839142
136,246.4,-0.2736642847152071,-0.5441706037765172,0.2689039801072345,-0.21343698034035277,0.2508285103737663
137,246.3,-0.29225358924547357,-0.611664379516668,0.20517814515502375,-0.19499921905353954,0.3461703939700052
138,246.2,-0.2557734913357681,-0.5638169088507266,0.3274463843344471,-0.17093969228378275,0.37846159763773407
139,246.1,-0.31752252886782195,-0.6451500046623669,0.2009713264433911,-0.24522303986323724,0.23236087497086028
140,246.0,-0.26569061154712875,-0.5712990170176392,0.24388848162250365,-0.3055225852824618,0.10526552179656513
141,245.9,-0.27124936980340353,-0.5236036327608983,0.3230119791747611,-0.3416485391250291,-0.10926322169554757
142,245.8,-0.29713273851892147,-0.5443998197218121,0.1903850260315487,-0.4162469228378273,-0.12251646592586819
143,245.7,-0.26766230320926254,-0.5097501903799828,0.2850327438029373,-0.41255067992851036,0.004926513326598756
144,245.6,-0.228302340508198,-0.45268791281373844,0.24561411920118112,-0.44837517678141275,-0.07378363509208197
145,245.5,-0.2445983992540213,-0.5203364907918254,0.10967602766337704,-0.48388735332970706,-0.08816666407646266
146,245.4,-0.23209363742326525,-0.5492573509985236,0.1924599191856399,-0.5029633343694149,-0.14443320382314107
147,245.3,-0.22604168466858346,-0.6188667573238015,0.16881591421244857,-0.42535581241743714,-0.018407887170720203
148,245.2,-0.21998321392493586,-0.6136415028362732,0.11642757790038083,-0.5054727601212217,-0.03976516434843434
149,245.1,-0.23401318517367317,-0.5682111197451241,0.04752157121765487,-0.5943618346413861,-0.10248451317118656
150,245.0,-0.23212731369958814,-0.627744801460875,-0.05678797886393655,-0.5793378700753749,-0.18854369414872932
151,244.9,-0.24897957417048722,-0.5734553850338022,-0.05072081746833483,-0.6321417281840082,-0.2857866578599737
152,244.8,-0.2372450213691817,-0.5871757518066673,0.09920922371590646,-0.6221909316963244,-0.1842635480612325
153,244.7,-0.23173623436164428,-0.6194913979330173,0.008902486595694939,-0.6004371435231952,-0.23514731525371046
154,244.6,-0.26487151760043515,-0.6029221268163805,-0.008658062009480062,-0.6221855000388531,-0.467758046468257
155,244.5,-0.2781486611236304,-0.5622145698966509,-0.13900154635169792,-0.6955916349366696,-0.5980146242909317
156,244.4,-0.28652101795011264,-0.6815263579143679,-0.17939678296681943,-0.7463233157199471,-0.6560138627710003
157,244.3,-0.2961353775740151,-0.7528529827492424,-0.28948724609526766,-0.8036300178724066,-0.6893207863858886
158,244.2,-0.32970899557075134,-0.8268851161706426,-0.48577376796953925,-0.8158240888957962,-0.6461391094879166
159,244.1,-0.35862996441059913,-0.821240537726319,-0.5616572818400809,-0.7453211749164659,-0.5536977309814284
160,244.0,-0.39819730779392337,-0.8112460163959904,-0.4753477014531044,-0.7002112596161318,-0.5783248659569509
161,243.9,-0.3934340700909162,-0.8193671590644184,-0.5112851767814127,-0.7501553500660503,-0.7891872406558396
162,243.8,-0.43537613412075526,-0.8348552587613645,-0.6993992268241512,-0.6279077511850183,-0.5576085243608672
163,243.7,-0.4726612036677287,-0.8875233254332117,-0.8612137345559095,-0.6752527935348512,-0.5779989665086641
164,243.6,-0.47547121734400505,-0.8883807125650788,-0.925088396922838,-0.7078753283083379,-0.5801010179501126
165,243.5,-0.5014981990830678,-0.9455451052917866,-1.0413073991763153,-0.6764124524050042,-0.33832708058124183
166,243.4,-0.5126282084078017,-0.9067834396612015,-1.108901660579688,-0.721693464915689,-0.3979069313854999
167,243.3,-0.5261158829745901,-0.8949581781801228,-1.3342763377107778,-0.6563343305618151,-0.31721422798974275
168,243.2,-0.5463748790115781,-0.928083141269718,-1.337171411143057,-0.6442869142901545,-0.37697875514803003
169,243.1,-0.5375647305928977,-0.898906993161862,-1.238836684280053,-0.687131828424897,-0.4392364130857099
170,243.0,-0.5297959395446421,-0.8027139688398478,-1.2456240834563679,-0.6670971598414795,-0.6327555054782811
171,242.9,-0.5533927977309814,-0.8461552789649546,-1.384862450073821,-0.6877238790892845,-0.5866570285181442
172,242.8,-0.5193598787784599,-0.8783506138783123,-1.3100180122775664,-0.6900350493433832,-0.5103205144144843
173,242.7,-0.5722075160463129,-0.8801615284792913,-1.2617131960525294,-0.6955644766493123,-0.5657288522806746
174,242.6,-0.5623669822052996,-0.8927697633848783,-1.3388780379205845,-0.7008956484575337,-0.5807202269018573
175,242.5,-0.5636437476105369,-0.887545323645971,-1.2732869717926802,-0.6738595733934262,-0.6579421011733623
176,242.4,-0.5921427852980029,-1.0058609456834253,-1.1709773579920741,-0.721174741627166,-0.7663688476183075
177,242.3,-0.6463064045380372,-1.0568022884451007,-1.3699183308726401,-0.8039749281218433,-0.7723925557541379
178,242.2,-0.6549680514414485,-0.9480776155878468,-1.0831338775351622,-0.7760480612324192,-0.7851080658947862
179,242.1,-0.6665753948247727,-0.9878425083534076,-1.0062319278887248,-0.7840977776050977,-0.7435395912658326
180,242.0,-0.6833704056259228,-0.9659754701219986,-0.8714741355194655,-0.820503461807444,-0.6400502214624292
181,241.9,-0.6917217962545653,-0.9400004693449375,-0.5703088258605953,-0.7439714080348125,-0.6651064573781958
182,241.8,-0.7483256419302199,-1.0145160202812962,-0.5478299114150285,-0.8327980184940558,-0.8821337633071724
183,241.7,-0.7417210723443936,-1.0092752855699745,-0.3150850182609372,-0.8155715168233741,-0.8538185329085402
184,241.6,-0.757974112363043,-1.1176949708602069,-0.4254856290310048,-0.7261800139871009,-0.8043415650011656
185,241.5,-0.7734084929675965,-1.1587631898360402,-0.6164670510529179,-0.714224935892455,-0.7908656228145156
186,241.4,-0.7486649032558863,-1.0641676159763773,-0.5763694692672314,-0.6303873028207321,-0.5702099696946149
187,241.3,-0.7337115502370036,-1.07112285336856,-0.2977254409822053,-0.5787702618696091,-0.3999709612246485
188,241.2,-0.7389118191001631,-1.0131996580930918,-0.12339096277877076,-0.5776676354029062,-0.21391496619783978
189,241.1,-0.7165127500194265,-0.8755696052529335,-0.07607036288755936,-0.5032322014142514,-0.2525503457922141
190,241.0,-0.7456286067293496,-0.8712487217344005,-0.07116557619084624,-0.5826538969616908,-0.2959058357292721
191,240.9,-0.7451777791592198,-0.8802951472530887,-0.20232380915378043,-0.599942862693294,-0.32583426839692275
192,240.8,-0.7624287232885228,-0.8488621454658482,-0.227760261092548,-0.6559486828813428,-0.16705605719170072
193,240.7,-0.7672324811562672,-0.8533541261947315,-0.27821492734478215,-0.6315578250058281,-0.10922520009324728
194,240.6,-0.7552339498018494,-0.7547152265133267,-0.10343505322868914,-0.6840520786385889,-0.19707139637889523
195,240.5,-0.7521976532753127,-0.6644003419069081,0.024469616908850775,-0.601376820265755,-0.20021632605486042
196,240.4,-0.7445379299090839,-0.6755488188670449,0.08243626544409027,-0.675744358536017,-0.4156195663998759
197,240.3,-0.7642841774807677,-0.6299663493666952,0.13210877302043678,-0.7352535977931466,-0.6513263423731447
198,240.2,-0.8054648317662602,-0.6644030577356439,0.09318008392260474,-0.7200313777294273,-0.6400882430647292
199,240.1,-0.8290175848939313,-0.6882561815214859,0.1330701763928821,-0.8092056142668428,-0.7836306550625535
200,240.0,-0.8385262444634392,-0.6789870580464683,0.2691440593674723,-0.8109084388841401,-0.8375887403838682
201,239.9,-0.8845736638433445,-0.762132154790582,0.1587347579454503,-0.8965385189214392,-0.9379331805113061
202,239.8,-0.9228440360556377,-0.8355573004895486,0.1668007692905431,-0.9633397583339811,-0.9010250679928513
203,239.7,-0.9418711321781023,-0.8028560066827257,0.3087734322791204,-0.9914458699199626,-0.9550754914911802
204,239.6,-0.9814472748465306,-0.7277334680239335,0.25555948403139317,-0.984229912969151,-0.9903486751107314
205,239.5,-1.0097505555987256,-0.8236320965109954,0.10415746367239101,-0.9270671497396848,-0.7950914523272985
206,239.4,-1.0592829264123087,-0.8471810474784368,0.20122661434454892,-1.013617895718393,-0.6940083067837441
207,239.3,-1.080833570596006,-0.8870032442303212,0.15188543787396078,-1.0673913046856789,-0.7727130235449532
208,239.2,-1.1119146009790974,-0.8466949141347425,0.06249121920895168,-1.0350865218742717,-0.6791527235993475
209,239.1,-1.136600397855311,-0.8774380954231097,0.0893887870075375,-1.07157368093869,-0.805264946771311
210,239.0,-1.117447287279509,-0.9139143911725853,0.18515977154402058,-1.0772932162561195,-0.6553729271893698
211,238.9,-1.141681170254099,-0.9378462739917633,0.09853026653197601,-0.98021863392649,-0.39965049343383313
212,238.8,-1.1934253119900537,-0.957701697878623,0.02377436475250598,-1.0544911181910017,-0.5514272981583653
213,238.7,-1.1850018975833398,-1.0045850493433832,-0.1100073587691351,-1.0593280091693213,-0.4881539202735253
214,238.6,-1.2202881171808222,-1.0192125029139794,-0.34534478203434626,-1.0869018183231023,-0.3107614189136686
215,238.5,-1.2189541021058357,-1.0059185212526227,-0.3412167223560494,-1.125958151371513,-0.24647232108166914
216,238.4,-1.2318401662910872,-1.098340888957961,-0.460561100318595,-1.2304387986634548,-0.4846179112596161
217,238.3,-1.2377856585593288,-0.9932709068303678,-0.4354940010878856,-1.3393788367394515,-0.5687923070945686
218,238.2,-1.2436637982749243,-0.9852890861760822,-0.36166148107856094,-1.3726504545807756,-0.492586152770223
219,238.1,-1.2922152117491645,-0.9476476998989822,-0.18870121221540148,-1.4439219480923149,-0.5832731059134354
220,238.0,-1.3301042816069626,-1.0050901934882277,-0.137518703861994,-1.4497311057580233,-0.7347566011345095
221,237.9,-1.3245835449529877,-0.9664004973191391,-0.12005592509130475,-1.459823125339964,-0.8693367783044524
222,237.8,-1.3507456663299402,-1.0556507770611547,-0.04610390861760833,-1.5091751651254954,-0.8746543709689956
223,237.7,-1.3683594451783354,-1.1562314942886007,-0.20750017872406568,-1.4790620561038155,-0.9183194653819257
224,237.6,-1.3703463454813893,-1.1393037337788485,-0.08732475716838904,-1.5101311368404697,-0.8836003108244619
225,237.5,-1.3835170285181444,-1.144450229233041,0.028228323879089325,-1.5240877807133424,-0.9433865646126349
226,237.4,-1.411317337788484,-1.187512409666641,0.054734812339731154,-1.5755853252000933,-1.0189626466702928
227,237.3,-1.4243011718082215,-1.2255666019115705,0.1248303520087031,-1.5003079843033644,-0.9010848162250368
228,237.2,-1.4529499059756004,-1.3502611624834875,0.012530833786619027,-1.5148974162716609,-0.9842597870852435
229,237.1,-1.4864317289610691,-1.3297838138161473,-0.014991374621182604,-1.4623787201802783,-0.7393300567254643
230,237.0,-1.5556810163959904,-1.3706108672002486,-0.07554349211282915,-1.4204761986168315,-0.5181909860906057
231,236.9,-1.583896304297148,-1.398605629808066,0.03840724998057344,-1.4149141813660737,-0.38484922682415107
232,236.8,-1.5855008159142123,-1.378389000699355,-0.11691099541533928,-1.3978207553034423,-0.0914147952443858
233,236.7,-1.5651929349599814,-1.3945346025332197,-0.27872007148962624,-1.4156284443235683,-0.09458145155023708
234,236.6,-1.5620751635713732,-1.2899480379205845,-0.12873028207319903,-1.3417579027119437,0.07206179967363417
235,236.5,-1.5506339202735255,-1.2479586098375943,-0.22671195120055934,-1.2969956134897818,0.13538949413318832
236,236.4,-1.6011907016862226,-1.2782292369259458,-0.39108476960136773,-1.3316658831300026,0.14063647525060238
237,236.3,-1.6570770254098999,-1.3795731020281299,-0.703166081280597,-1.4003790659724922,0.15678479291320213
238,236.2,-1.6821006713808377,-1.3964383984769604,-0.7873622037454349,-1.397894082679307,0.19109114150283638
239,236.1,-1.6664998647913591,-1.3949745667884061,-0.6634715284792913,-1.5268063252777992,0.1627052995570752
240,236.0,-1.6946803900846994,-1.4487724182143136,-0.8121740150749865,-1.5043953065506253,0.09155601833864346
241,235.9,-1.7435457533607897,-1.427760051286036,-0.7671727329240813,-1.4100609954153394,0.26252286890978344
242,235.8,-1.7685574496852903,-1.4866473657626857,-1.101637905043127,-1.4531041650477894,0.24438656461263503
243,235.7,-1.7644847929132024,-1.4813487838992931,-1.1111215789882667,-1.4456763734555913,0.3570554355427773
244,235.6,-1.8045476120910717,-1.4777177208796335,-1.1628037998290466,-1.449323731447665,0.317290271194343
245,235.5,-1.8089972258916778,-1.3996376447276402,-1.2040246483798278,-1.588618587302821,0.0010483098919884927
246,235.4,-1.8134522713497554,-1.361072876680395,-1.2143991141502837,-1.6560879205843502,-0.18747365762685506
247,235.3,-1.859512726707592,-1.401864624290932,-1.2552723366228922,-1.7799378584194578,-0.2825711166368792
248,235.2,-1.8585697909705492,-1.3785410871085555,-1.2082015929753676,-1.7886122154013524,-0.3861148030149972
249,235.1,-1.8955039754448675,-1.4038553267542158,-1.412806698267154,-1.7460062941953531,-0.36282928743492143
250,235.0,-1.9219952552645894,-1.409577577900381,-1.577190379982905,-1.6926674178257828,-0.3595159763773409
251,234.9,-1.9819422861139173,-1.5418248581863394,-1.8801193488227521,-1.6892726319061315,-0.420719892765561
252,234.8,-2.0171959157665706,-1.6633772049110265,-2.030972771777139,-1.7383150672157903,-0.5675430258761367
253,234.7,-2.0775514072577512,-1.7358572422099618,-2.222976431735177,-1.8425186999766887,-0.7607090605330639
254,234.6,-2.071886188515036,-1.7519295166679618,-2.256326808609838,-1.9075709456834256,-0.6720100940243997
255,234.5,-2.1287371746056416,-1.8237414600979098,-2.265413971559562,-1.965790166291087,-0.6715158131944985
256,234.4,-2.1552034688009947,-1.8403270261869609,-2.1889742559639442,-2.043992454736188,-0.8278497785375709
257,234.3,-2.1862703768746603,-1.929810867200249,-2.1970619939389238,-2.06886129846919,-0.8153949879555519
258,234.2,-2.211126727795478,-2.024069135130935,-2.2213415028362733,-2.1790750602222393,-0.9644070790271196
259,234.1,-2.2807953391871942,-2.142883926490015,-2.444158955629808,-2.1297909161551014,-1.1032293806822595
260,234.0,-2.295043663066283,-2.1741458310669053,-2.510446903411299,-2.180612219286658,-1.3524066671847077
261,233.9,-2.324151915455747,-2.2472124873727566,-2.6069294350765406,-2.2085336545186105,-1.4062072344393504
262,233.8,-2.37345398399254,-2.306292625689642,-2.756609620017096,-2.3838594102105843,-1.712617895718393
263,233.7,-2.3678506861449997,-2.2813667495531904,-2.628590885072655,-2.4712439156111587,-1.9326380449141347
264,233.6,-2.426944946771311,-2.3492841945761134,-2.8569431968295906,-2.503597583339809,-2.217566500893621
265,233.5,-2.4006296526536635,-2.3324080348123397,-2.6131486828813433,-2.5512766726241356,-2.3188071645038466
266,233.4,-2.4527507514181366,-2.300494331338876,-2.491740275079649,-2.6665255808532136,-2.61415353951356
267,233.3,-2.6088131338876366,-2.4712113256663297,-2.7367732069313857,-2.6544319954930455,-2.5879946771310904
268,233.2,-2.640655682648224,-2.4512282578288915,-2.7389024166601916,-2.7084389657316033,-2.6749120599891216
269,233.1,-2.6219110327142747,-2.472669725697412,-2.631572865024477,-2.7940636141114306,-2.8990548372056884
270,233.0,-2.642071172585283,-2.5320323102028133,-2.602714468878701,-2.7370176315176002,-2.881863641308571
271,232.9,-2.661842405781335,-2.610356810941021,-2.4703069546973344,-2.745586071178802,-2.9161536949257902
272,232.8,-2.655312467169166,-2.6426452987800144,-2.3596152070867977,-2.713069453726008,-2.895562281451551
273,232.7,-2.7149531525371047,-2.6749120599891216,-2.4630937135752586,-2.699297486207165,-2.827786059522885
274,232.6,-2.7261554029062087,-2.655282049887326,-2.561113404304919,-2.782089525215635,-2.891977387520398
275,232.5,-2.7824621369181757,-2.693472033569042,-2.631741246406092,-2.8264118501826094,-2.998742046779082
276,232.4,-2.834408336312068,-2.804000831455436,-2.7711175771233196,-2.8973411492734478,-2.9481244308027046
277,232.3,-2.907402208407802,-2.9088128098531354,-2.7401897194809237,-2.964299906752662,-3.2297884606418528
278,232.2,-2.923726511772476,-3.0121419457611314,-2.8054184940554823,-2.9826942147797033,-3.3014483176625995
279,232.1,-2.954225268474629,-3.0219868249281223,-2.7453280674489084,-3.088163423731448,-3.377518680550159
280,232.0,-3.0081018789338723,-3.0703693138550006,-2.737582523894631,-2.9955020630973657,-3.2754686999766878
281,231.9,-3.0861591421244854,-3.230586914290155,-2.860870285181444,-2.972238274147175,-3.095957852202969
282,231.8,-3.118605691195897,-3.2480714196907297,-2.77721732846375,-3.054788604398166,-3.4836315409122696
283,231.7,-3.1740292377030075,-3.3237316924391953,-2.7551485041572774,-3.1028261830756088,-3.633724531820654
284,231.6,-3.226102537881731,-3.361495291009403,-2.5575230787162955,-3.070602875126273,-3.5054776672624137
285,231.5,-3.25407991918564,-3.3737273836350923,-2.4076908073665395,-3.0438818361955087,-3.3778065583961463
286,231.4,-3.299469021680006,-3.316130087807911,-2.088325643018106,-3.069293845675655,-3.337183192167224
287,231.3,-3.3697351153935813,-3.3770787162949727,-1.9407149195741706,-3.0798203978553116,-3.3931184008081434
288,231.2,-3.3764127950889735,-3.327914068692206,-1.824238456756547,-3.0083859546196288,-3.2188382391794237
289,231.1,-3.4855912829279667,-3.457220106457379,-2.0766041261947312,-3.18078676276323,-3.4035634781257285
290,231.0,-3.5387357059600593,-3.466348006838138,-2.0264536327608984,-3.2112502136918177,-3.525515051674567
291,230.9,-3.578450899059756,-3.5203088079881892,-2.2386576268552334,-3.165732924081125,-3.3901309891988496
292,230.8,-3.6437600621648922,-3.580923389540757,-2.326270261869609,-3.127363695702852,-3.302822527002875
293,230.7,-3.724841672235605,-3.612638837516513,-2.5543238324656152,-3.138235158131945,-3.281970393970006
294,230.6,-3.751171088662678,-3.6601305346180752,-2.596717919030228,-3.2107450695469737,-3.100335768124952
295,230.5,-3.822619111042039,-3.7750644067138084,-2.5669198461418916,-3.2622969306084393,-2.9679771388608285
296,230.4,-3.8729379858574875,-3.858032974590101,-2.5899500738208103,-3.286701367627632,-2.951676734789028
297,230.3,-3.9044296495454187,-3.9065621182687083,-2.690441168699977,-3.2779265249825165,-2.8000737431035816
298,230.2,-3.9237033429170878,-3.923487162949724,-2.626108617608206,-3.2736327997513404,-2.653511329551636
299,230.1,-3.967076214158055,-3.91793600901391,-2.4915718936980347,-3.354138110964333,-2.6408718626155876
300,230.0,-4.029967203356905,-4.049037209573394,-2.7049165358613725,-3.369927939233818,-2.8122678141269715
301,229.9,-4.065019861683115,-4.110841324112208,-2.8028656150439044,-3.3124365607273294,-2.6976000932473387
302,229.8,-4.059640348123398,-4.085144152614811,-2.7734912114383405,-3.4032565894785924,-2.843852902323414
303,229.7,-4.102064851969851,-4.111930371435232,-2.8149999378351085,-3.477233048410911,-2.8607833786619006
304,229.6,-4.186330499650323,-4.12729924625068,-2.824347820343462,-3.454998558551558,-2.85314103659958
305,229.5,-4.242381945761132,-4.133021497396845,-2.799443670836895,-3.3977298780013987,-2.7072630118890357
306,229.4,-4.3051566974900926,-4.171521085554433,-3.002571365296449,-3.490119655761909,-2.809562848706193
307,229.3,-4.374287574792136,-4.230446421633382,-3.179692283782734,-3.6421055792990913,-2.8334621415805428
308,229.2,-4.419374677131091,-4.303920452249592,-3.15502169554744,-3.668533308726397,-3.0311907685134822
309,229.1,-4.423410398632372,-4.239758998368172,-2.9534094335224186,-3.704425701297692,-3.218686152770223
310,229.0,-4.412433018882587,-4.13358367394514,-2.9000922837827336,-3.6493541261947318,-3.0140375942186655
311,228.9,-4.3990972134587,-4.024336747222007,-2.681125876136452,-3.578044611080893,-2.900869010801151
312,228.8,-4.450714254409823,-3.9787244036055642,-2.6115083223249673,-3.55569605641464,-2.832267176936825
313,228.7,-4.55811333126117,-4.194915234283939,-2.8558351387054164,-3.595290123552724,-3.0739759344160382
314,228.6,-4.615933325044682,-4.315185709845365,-3.0565783355350065,-3.5547808221307022,-3.0184589634004197
315,228.5,-4.624390415727718,-4.325736704483644,-3.013076190846219,-3.518945461962857,-2.84546067293496
316,228.4,-4.655379107933793,-4.328577461341208,-3.1515780247105445,-3.5404846996658637,-2.820344688787008
317,228.3,-4.689220506643872,-4.275651390939467,-3.1501766570829126,-3.5421956717693686,-2.701364231875049
318,228.2,-4.771053858108633,-4.318480010101795,-3.373651340430492,-3.6174024011189685,-2.9515192167223563
319,228.1,-4.820866502447743,-4.383263388763696,-3.4440673478902792,-3.725381035822519,-3.1805504856632223
320,228.0,-4.815778125728495,-4.363997299712488,-3.4701230087807917,-3.813148473074832,-3.4108744890822913
321,227.9,-4.819640034190691,-4.400185717615977,-3.4872055715284795,-3.893982399564845,-3.522163719014687
322,227.8,-4.870698700753748,-4.414392217732536,-3.656917709223716,-3.7604451006294206,-3.4554195120055953
323,227.7,-4.859990731214546,-4.416980402517678,-3.809335449529878,-3.8075375709068306,-3.450123645970939
324,227.6,-4.912240017095344,-4.5197663726785295,-3.850920219131246,-3.846143076385112,-3.6110799518222088
325,227.5,-4.928311205221852,-4.555083009557852,-3.9995629574947547,-3.974585480612325,-3.8184497707669602
326,227.4,-4.952375620483332,-4.510494533374778,-3.93370954231098,-3.980647210350454,-3.6014116015230395
327,227.3,-4.982080268863159,-4.527506484575337,-3.757951969850027,-4.028489249358925,-3.6226439505789108
328,227.2,-5.02144674955319,-4.564979489470822,-3.651985764239646,-4.061038456756547,-3.783268925324423
329,227.1,-5.0678026870774735,-4.62850815525682,-3.9658540912269795,-4.009236739451395,-3.626109348045692
330,227.0,-5.090144180589013,-4.588791875825628,-4.040577403061621,-4.026172647447354,-3.6563962701064567
331,226.9,-5.094278758256275,-4.552823440049732,-3.9925398243841794,-4.040998356515658,-3.844326186960915
332,226.8,-5.1245200543942815,-4.659550077706116,-4.023527430258761,-4.027155777449686,-3.995505509363587
333,226.7,-5.113155940632527,-4.605285103737665,-4.114991110420391,-3.859149180200482,-3.8689370269640224
334,226.6,-5.096114658481622,-4.54377973035978,-3.89764876835807,-3.9031754798352636,-3.875569080736654
335,226.5,-5.141274545030694,-4.6765864713652965,-3.8815439039552415,-3.932794308027042,-3.9992805113062397
336,226.4,-5.15527627166058,-4.77907913202269,-3.93156403760976,-4.000551519154558,-3.9129117258528243
337,226.3,-5.169286688942419,-4.83604907141192,-3.8811745512471836,-4.053656834252856,-3.887241712642785
338,226.2,-5.201356280985315,-4.889010447587226,-4.245280278187894,-4.032030690030306,-3.748283619550859
339,226.1,-5.221509902867356,-4.904251678452095,-4.301345846608129,-4.007821792680085,-3.6828104203900858
340,226.0,-5.213712215401351,-4.874165727717772,-4.2885923148651806,-3.9983924353096594,-3.9064208951744503
341,225.9,-5.209184385733158,-4.816704223327377,-4.145424687232885,-4.0128623708135835,-4.040463338254721
342,225.8,-5.249137485430103,-4.916043806822598,-4.321779742015696,-4.046014492190537,-3.872989043437719
343,225.7,-5.2790192058435,-5.069887357215014,-4.330779998445879,-4.021246134120756,-3.9022113606340825
344,225.6,-5.344200181832311,-5.1859374349211285,-4.5749384334447125,-4.04094675576968,-4.0526356826482255
345,225.5,-5.331443391094879,-5.2264222938845295,-4.8082118268707745,-4.1265958466081285,-4.020463975444868
346,225.4,-5.2984417266298856,-5.2205045030693915,-4.772042419768435,-4.31275775895563,-4.4027820498873265
347,225.3,-5.31275197140415,-5.2528310125106845,-4.529969741238635,-4.351105260704017,-4.719664946771312
348,225.2,-5.341582122931074,-5.2792261519931625,-4.552451371512938,-4.484623548838294,-4.900446802393349
349,225.1,-5.36602240888958,-5.194323914057037,-4.305517359546196,-4.423596161317896,-4.736568264822442
350,225.0,-5.40711615665553,-5.260394595539669,-4.188943126894086,-4.390892151682338,-4.687781117413941
351,224.9,-5.433901832310202,-5.256692920972881,-4.001643282306318,-4.465262405781335,-4.384444774263734
352,224.8,-5.424268244618851,-5.2827431502059214,-3.9014943818478525,-4.44922000543943,-4.344321120522186
353,224.7,-5.477676646204057,-5.252391048255498,-3.9952665164348438,-4.516922899992229,-4.270010614655374
354,224.6,-5.497616260781724,-5.271578378273371,-3.964061644261404,-4.529470028751263,-4.3455106535084305
355,224.5,-5.497601052140803,-5.228087096899527,-3.978542443080271,-4.452449125806202,-4.254041541689331
356,224.4,-5.517037695236615,-5.278797051052918,-4.007721307016862,-4.445762755458854,-4.099011174139405
357,224.3,-5.555897945450308,-5.276982877457457,-3.9390760198927666,-4.344473206931386,-3.889045022923305
358,224.2,-5.566554857409278,-5.298872457067371,-4.139938713186728,-4.315117814126972,-3.6658636490791836
359,224.1,-5.602349480146088,-5.384937069702385,-4.126685468956408,-4.349983623436165,-3.618760315486829
360,224.0,-5.591851172585283,-5.33590549770767,-4.230734299479369,-4.369358345636802,-3.757126357914368
361,223.9,-5.627253629652654,-5.303068412464062,-4.295528541456212,-4.310107110109567,-3.725639039552413
362,223.8,-5.590347689797188,-5.142038779236927,-4.174820817468334,-4.333281276711477,-3.6703067448908224
363,223.7,-5.604991438340197,-4.9819135169787865,-3.9497329318517367,-4.492067635402907,-3.8718049421089447
364,223.6,-5.638339642551869,-4.993912048333204,-3.9210429170875747,-4.565069111819102,-4.053602517678142
365,223.5,-5.733377353329708,-5.154105206309737,-4.082770518299791,-4.5835666213380994,-4.0114582873572155
366,223.4,-5.784906401429793,-5.296506970238558,-4.1242901080115,-4.697036661745281,-4.29374695780558
367,223.3,-5.860038173906287,-5.294255548216645,-4.34373450151527,-4.872414018183231,-4.3388079881886705
368,223.2,-5.924698797109333,-5.389152035900225,-4.763938386821043,-4.749115393581476,-4.11073269096278
369,223.1,-5.920349125806201,-5.37482875514803,-4.6710353174294825,-4.778660894397389,-4.239946390550937
370,223.0,-5.968870121998601,-5.3599867511073125,-4.654713186727796,-4.833949735799209,-4.477896441059912
371,222.9,-5.966086940710235,-5.329102346724687,-4.582787178490947,-4.9443345947626085,-4.484984754060144
372,222.8,-5.9829305105291795,-5.315618257051831,-4.5962848473074835,-4.943696375009714,-4.471975934416039
373,222.7,-6.011398913668506,-5.382416780635636,-4.43787598881032,-4.9891539163882195,-4.736323840236227
374,222.6,-6.04730868754371,-5.430720510529179,-4.333675071878157,-5.033560432046003,-4.729050850881964
375,222.5,-6.07263433367006,-5.428854736187739,-4.389311539358148,-5.003843834019738,-4.73588387598104
376,222.4,-6.07264193799052,-5.414669962701065,-4.325581902245707,-5.167499673634316,-4.795795057891057
377,222.3,-6.113401095656229,-5.395985060999301,-4.324223987877845,-5.192593931152381,-4.761195399797964
378,222.2,-6.174849436630662,-5.383913202269019,-4.5792131478747375,-5.194204417592665,-4.846108501049033
379,222.1,-6.17049216100707,-5.252545850493435,-4.369437104670139,-5.151302471054471,-4.84492983137773
380,222.0,-6.211528333203823,-5.180997342450851,-4.422803139327066,-5.110081622503691,-4.696765078871708
381,221.9,-6.214173550392416,-5.203036292641231,-4.558621734400497,-5.133655015929754,-4.8713928665786
382,221.8,-6.221947338565545,-5.171847715440205,-4.752292913202269,-5.189340368326988,-4.804116357137307
383,221.7,-6.299806889424197,-5.226169721812107,-4.992817569352709,-5.203400213691818,-4.990080013987101
384,221.6,-6.286340724220997,-5.242557032403451,-5.114725689641775,-5.298799129691507,-5.17218719403217
385,221.5,-6.2728115517911265,-5.325596211826872,-5.36005193099697,-5.232837081358302,-5.275997031626389
386,221.4,-6.255198859274224,-5.342942209961924,-5.462531012510685,-5.278240306162096,-5.449038775351621
387,221.3,-6.27121138550004,-5.446659709379128,-5.377742839381461,-5.103501169477038,-5.193745442536328
388,221.2,-6.323844146398322,-5.498857937679697,-5.549763431502059,-5.196040317818014,-5.35003595461963
389,221.1,-6.348295295671769,-5.538014756391328,-5.4154276789183315,-5.288128638588857,-5.460613637423266
390,221.0,-6.347584834874504,-5.441945030693915,-5.383630756080504,-5.32565324423032,-5.581668987489316
391,220.9,-6.34599553189836,-5.407880390861761,-5.282151099541535,-5.2324324228766805,-5.710915277022302
392,220.8,-6.289874560571916,-5.32105263035201,-5.1721002875126265,-5.269530643406637,-5.7247116869997665
393,220.7,-6.289226020669826,-5.2625346685834185,-5.1230687155179115,-5.218168890356671,-5.818559864791359
394,220.6,-6.266068692206077,-5.298011539358147,-5.045629574947549,-5.280763311057581,-5.7579860206698275
395,220.5,-6.276368201103428,-5.384106026109255,-4.9557410754526385,-5.252697936902635,-5.825371163260549
396,220.4,-6.320393957572461,-5.503594342994794,-4.98755429326288,-5.282498725619706,-5.9519993938923
397,220.3,-6.347727144300256,-5.5853435037687476,-5.16593535628254,-5.305118863159532,-6.246987279508898
398,220.2,-6.345110171730515,-5.610277527391406,-5.13416559173207,-5.334376486129459,-6.07862219286658
399,220.1,-6.320451533141658,-5.508952673090373,-5.11467137306706,-5.385708365063332,-5.881023925712953
400,220.0,-6.278024856632217,-5.481509223715906,-4.8896649623125334,-5.417442823840236,-5.967034221773254
401,219.9,-6.253446606573937,-5.467210385422334,-4.743797800916933,-5.524606709923072,-5.971537065817079
402,219.8,-6.254814297925247,-5.402869686844355,-4.614899137462118,-5.426095454192245,-6.016060362110499
403,219.7,-6.295011822208409,-5.376507137306707,-4.749240321703319,-5.234939132799752,-5.684153500660501
404,219.6,-6.304365136374233,-5.384274407490871,-4.793834229543866,-5.335126054860519,-5.670465723832465
405,219.5,-6.2865851488072115,-5.451689424197684,-4.6799486673401205,-5.4835026420079265,-5.68933530188826
406,219.4,-6.317105632139249,-5.449964872950502,-4.773508967285727,-5.495153547284172,-5.639038153702696
407,219.3,-6.295506103038308,-5.34819462273681,-4.857846312844821,-5.4154412580620095,-5.465980115005051
408,219.2,-6.3065247633848776,-5.3415489898205,-4.962422014142513,-5.404553500660502,-5.475165047789262
409,219.1,-6.289528020825239,-5.294413066283317,-5.270635985702075,-5.343976940710235,-5.506261286813272
410,219.0,-6.242892896106924,-5.378389206620562,-5.029041293029762,-5.387837574792136,-5.368948985935194
411,218.9,-6.274699595928199,-5.4648856360245555,-5.398116986556842,-5.380257696790738,-5.306099277333127
412,218.8,-6.299357148185562,-5.4167557191701,-5.357748908229079,-5.290162794311914,-5.186689719480923
413,218.7,-6.27040641386277,-5.3587727756624455,-5.240425106845909,-5.263732349055871,-5.043120149195742
414,218.6,-6.2635016908850725,-5.319105381148497,-5.2280626544409055,-5.194087636957028,-4.9804170953454046
415,218.5,-6.239796851348201,-5.372658807988189,-5.372484994949104,-5.193786179967363,-4.92310767736421
416,218.4,-6.257485587069702,-5.450393973890745,-5.538112526225814,-5.213503096588702,-5.105991584427694
417,218.3,-6.2778282306317506,-5.424229679850805,-5.38692777216567,-5.1847859235371825,-4.964420864092005
418,218.2,-6.31623439428083,-5.390129734245085,-5.325626085942964,-5.1340814010412625,-4.792020055948403
419,218.1,-6.317771553345249,-5.337673502214624,-5.4859957727873185,-5.169916761209108,-4.627739575724611
420,218.0,-6.260558818867046,-5.14945027585671,-5.235400823684825,-5.1832704911026495,-4.659770059833709
421,217.9,-6.273470955008158,-5.129939762219286,-5.337005408345637,-5.181991335768125,-4.641731525371046
422,217.8,-6.2597114803015,-5.1688684513171195,-5.218997218121067,-5.32730446810164,-4.786463470355117
423,217.7,-6.308816922837828,-5.263061539358147,-5.466262561193566,-5.425818439661201,-4.756067915144922
424,217.6,-6.334507576346259,-5.329813893853447,-5.4579466936047885,-5.412861220763074,-4.900164356204835
425,217.5,-6.37017618462973,-5.455486152770224,-5.682893356127126,-5.402331952754683,-5.001155163571374
426,217.4,-6.395651744502293,-5.41149244308027,-5.7818092703395765,-5.411726004351542,-5.109239715595617
427,217.3,-6.395910291397932,-5.373411092547984,-5.923456033879867,-5.464757992073976,-5.151047183153314
428,217.2,-6.379112347501748,-5.300157044059367,-5.930609526769758,-5.506307455901779,-5.012317219675189
429,217.1,-6.394092858807989,-5.364630818245397,-6.033159219830601,-5.3946950423498325,-4.82309456834253
430,217.0,-6.405635130934804,-5.400792077861528,-6.225630002331185,-5.458063474240423,-4.705406845908773
431,216.9,-6.446350835340741,-5.406576793068615,-6.17250839226047,-5.357059087730205,-4.556682632683192
432,216.8,-6.431110690807366,-5.314648706193179,-6.028249001476417,-5.266076109254799,-4.340334283938147
433,216.7,-6.447186224259849,-5.3800404304918805,-6.046216924391951,-5.3858604514725315,-4.628081770145311
434,216.6,-6.46049487139638,-5.376240986090606,-6.090490364441681,-5.349672033569043,-4.408561333436942
435,216.5,-6.41504710700132,-5.331549308415572,-6.080572157898827,-5.339322010257208,-4.262552948947082
436,216.4,-6.41113848628487,-5.470089163882198,-6.268083837127982,-5.38662903100474,-4.699089828269485
437,216.3,-6.4281015525681875,-5.5522565622814515,-6.203039738907452,-5.225075242831611,-4.69579824384179
438,216.2,-6.456164754060144,-5.5979177908151385,-6.324453578366618,-5.152187831222317,-4.64708713963789
439,216.1,-6.451579348822753,-5.63840808143601,-6.347369741238636,-5.210602591498951,-4.792052645893232
440,216.0,-6.497020595228844,-5.7527987877846,-6.211306721578989,-5.179329823607119,-4.789798508042583
441,215.9,-6.508354291708757,-5.823717223560494,-6.153475864480535,-5.223366986556842,-4.679563019659647
442,215.8,-6.510289048100085,-5.8537841634936685,-6.089876587147409,-5.125933914834098,-4.587572468723288
443,215.7,-6.545617634625844,-5.901721256507888,-6.058161139171653,-5.0011144261403375,-4.450857650167069
444,215.6,-6.5321960090139095,-5.796713738441216,-5.865744673245785,-5.057065929753671,-4.497417818012278
445,215.5,-6.565345414562127,-5.985830472453183,-5.687015984147952,-5.154107922138473,-4.687047843655296
446,215.4,-6.564974975522574,-6.038216092936514,-5.75050662833165,-5.180986479135908,-4.607457766726243
447,215.3,-6.601003159530655,-6.075246417748077,-5.925759056647759,-5.216832702618696,-4.575351239412542
448,215.2,-6.619080801927112,-6.047167464449454,-5.704804662366929,-5.337067872406559,-4.7971366772865025
449,215.1,-6.646009873339032,-6.053112413551946,-5.4305548449763,-5.391642450850882,-5.060599222938847
450,215.0,-6.641389705493823,-6.018124391949647,-5.391593565933639,-5.389969500349679,-5.0681166368793225
451,214.9,-6.684658288911338,-6.039199222938845,-5.472742528556998,-5.517322857253867,-5.322551767814127
452,214.8,-6.698975051674566,-5.999491090993861,-5.462036731680783,-5.56886928665786,-5.300933771077784
453,214.7,-6.712462943507655,-6.013629695392027,-5.415954549693061,-5.6757724531820655,-5.365423840236227
454,214.6,-6.792114941331883,-6.163385923537183,-5.668809068303677,-5.726976688165359,-5.39238658792447
455,214.5,-6.783542699510452,-6.208438806434067,-5.813502991685446,-5.723095768902012,-5.452411834641386
456,214.4,-6.803062990131324,-6.232063800606109,-5.905129621571219,-5.67123158753594,-5.519400466236693
457,214.3,-6.7983950237003645,-6.206217258528247,-5.672562343616443,-5.632112790426607,-5.538443857331572
458,214.2,-6.83559427305929,-6.267820401740616,-5.777138044914136,-5.604854017406171,-5.429609736576269
459,214.1,-6.815399370580464,-6.238625242831611,-5.6033250058279584,-5.633359355816304,-5.429588009946383
460,214.0,-6.850306460486442,-6.194501173362344,-5.435611718082213,-5.745319395446423,-5.445692874349213
461,213.9,-6.889866308182454,-6.180530950345792,-5.403651845520242,-5.678412238713187,-5.394928603621105
462,213.8,-6.914532551091771,-6.296404499184087,-5.340459942497474,-5.776842019581941,-5.492986315953066
463,213.7,-6.892419187194032,-6.153046763540291,-5.236519745123941,-5.879141856399098,-5.603672631906131
464,213.6,-6.927954176703706,-6.139171594529491,-5.2430974823218595,-5.877238060455359,-5.824681342761675
465,213.5,-6.980328390706348,-6.271709468490171,-5.419691530033415,-6.008896005905664,-6.151493309503458
466,213.4,-7.0730685103737665,-6.370511317895718,-5.672915401352088,-6.11165481777916,-6.375587201802783
467,213.3,-7.115371345092858,-6.422630787162949,-5.700187753516203,-6.022643530965887,-6.088822845597948
468,213.2,-7.195981487295051,-6.451782492812185,-5.739860579687621,-6.079301150050511,-6.262972647447356
469,213.1,-7.273146872328852,-6.47471223482788,-5.9680064884606425,-6.169838732613257,-6.007831401041262
470,213.0,-7.324074092781102,-6.49013814204678,-6.2218821586758875,-6.309152599269563,-5.970065086642318
471,212.9,-7.367377438806433,-6.522516252234052,-6.323953865879245,-6.261066135674878,-5.740327702230165
472,212.8,-7.413366196285647,-6.464897229776985,-6.278566936047869,-6.318647136529646,-5.794600823684823
473,212.7,-7.3956687699121915,-6.4684250913046855,-6.40930149972803,-6.388685643795167,-5.958740080814361
474,212.6,-7.44295569352708,-6.556686809386901,-6.40527664154169,-6.484880297614422,-6.278121540135209
475,212.5,-7.55575818323102,-6.573030666718471,-6.3886449063641315,-6.576406441836973,-6.323970160851659
476,212.4,-7.678743944362421,-6.670262767114773,-6.600218828191779,-6.626293499883441,-6.538080666718471
477,212.3,-7.748598318439661,-6.6998734478203446,-6.671172569741239,-6.731167942342063,-6.473802432201414
478,212.2,-7.787902878234516,-6.684640364441682,-6.769816901080116,-6.756107397622193,-6.499619100163184
479,212.1,-7.837774184474318,-6.709484765716062,-6.7629621493511545,-6.770637081358303,-6.469093185173674
480,212.0,-7.911097215012821,-6.783751818323103,-6.795204468101641,-6.827699358924548,-6.306203209262569
481,211.9,-7.965924365529567,-6.888745757246095,-6.957719659647214,-6.845650986867668,-6.3160888258605965
482,211.8,-8.019112241821432,-6.96394977076696,-7.173633475794546,-6.819581746833476,-6.074494133188282
483,211.7,-8.113510103349133,-7.1318042816069624,-7.252805315098299,-6.741797696013676,-5.9429339575724605
484,211.6,-8.143745967829668,-7.20690509363587,-7.281337811795789,-6.745360863314943,-5.995143049187972
485,211.5,-8.226181146942265,-7.413536207164504,-7.474835177558475,-6.826585869142902,-6.095780798818868
486,211.4,-8.344716642474163,-7.554203642862693,-7.604735438651022,-6.909255695858264,-6.508315183774963
487,211.3,-8.3873914370969,-7.706217811018727,-7.5719466951589105,-6.869607312145466,-6.675887248426452
488,211.2,-8.479209261325666,-7.794865176781412,-7.428067520397857,-6.948469546973347,-6.587177418602844
489,211.1,-8.521755977465226,-7.7829033091149284,-7.408434794467325,-7.061209029450617,-6.499195430880411
490,211.0,-8.560119448286581,-7.833267538270262,-7.592593511539358,-7.132722231719637,-6.652704934338333
491,210.9,-8.65397935845831,-7.8543173836350935,-7.741533904732303,-7.258217961768591,-6.626736179967364
492,210.8,-8.697749609759889,-7.901414742404228,-7.726769573393427,-7.384599051985392,-6.744630305385034
493,210.7,-8.767327621104982,-8.06482235527236,-7.892047305928976,-7.404701616287203,-6.717645831066905
494,210.6,-8.81769396860673,-8.190059266842802,-8.190862880565701,-7.3160162289222175,-6.622075817856866
495,210.5,-8.918301518222085,-8.406897007926025,-8.402166305851269,-7.235271924780481,-6.492525355505478
496,210.4,-8.99213186556842,-8.507662401507499,-8.42320311523817,-7.399734365529568,-6.5188525992695645
497,210.3,-9.036606820110341,-8.587726390550937,-8.332334201569665,-7.38029717926801,-6.399318113295517
498,210.2,-9.049205223715907,-8.57006589944829,-8.559633858108633,-7.318721194342995,-6.293330181055249
499,210.1,-9.058893888414017,-8.751995735876914,-8.789657490869532,-7.489769519776207,-6.477419916077396
500,210.0,-9.11931542886005,-8.758676131401042,-8.59694119745124,-7.5791230010101796,-6.873610443701921
501,209.9,-9.211053950889735,-8.869150612712723,-8.528600083145543,-7.725068921439117,-6.914668342528557
502,209.8,-9.302898607506412,-8.948794191467869,-8.441996106923616,-7.888656865335302,-7.159771885927423
503,209.7,-9.40920374854301,-9.046012712720492,-8.454363990986092,-7.944592073976222,-7.411561799673635
504,209.6,-9.490478725619704,-9.058087287279509,-8.42017713886083,-7.989099075297227,-7.43067037065817
505,209.5,-9.604852159297536,-9.194568816147333,-8.745610007770614,-8.075027896495456,-7.658582718159919
506,209.4,-9.66549650633305,-9.185809996891757,-8.661554565234285,-8.300001717305154,-7.868668365840391
507,209.3,-9.740858581086332,-9.344585492268243,-8.795678483176628,-8.297611788017718,-7.947753298624602
508,209.2,-9.81346354650711,-9.468060645737822,-8.890542380915377,-8.316440628642473,-7.726646817934572
509,209.1,-9.800833856554512,-9.473258741937991,-8.87812561193566,-8.29104762996348,-7.589008617608208
510,209.0,-9.882471668350298,-9.445693080270418,-8.764984186805501,-8.350342318750487,-7.720036490791826
511,208.9,-9.917844794467324,-9.425085371823764,-8.672928455979486,-8.390900505089752,-7.781544579998447
512,208.8,-9.970726325277798,-9.4469993938923,-8.531754246639212,-8.514443554277722,-8.035854782811409
513,208.7,-10.018814961535474,-9.50396933328153,-8.729395967052609,-8.53982297381304,-8.089709666640767
514,208.6,-10.064414812339733,-9.60066913124563,-8.757510226124797,-8.577559414095889,-8.161163120677598
515,208.5,-10.12244446810164,-9.606529889657317,-8.937939024011191,-8.805952463283859,-7.9890176004351545
516,208.4,-10.19498425363276,-9.612273867433368,-9.142359452948947,-8.897788211982283,-8.230156033879865
517,208.3,-10.295505765793767,-9.723413726785301,-9.465450734322792,-8.726267332349057,-7.892111399487141
518,208.2,-10.334073792835495,-9.8402839847696,-9.731889828269486,-8.729637675810086,-7.7649074131634155
519,208.1,-10.444434209340274,-9.924230250990753,-10.057789276556065,-8.795629598259382,-7.561160509752118
520,208.0,-10.55382344548916,-10.052515137151294,-10.42646845908773,-8.93564686455824,-7.67172732924081
521,207.9,-10.601746959359701,-10.102635756469034,-10.368702781878936,-8.966870747532829,-7.8883798508042595
522,207.8,-10.69429479835263,-10.188844308027042,-10.621128199549304,-8.900055928976611,-7.992439544642165
523,207.7,-10.841787111663688,-10.338108971171032,-10.719609581164038,-8.825253858108633,-7.997909223715907
524,207.6,-10.95416701841635,-10.45654354650711,-10.87657905043127,-8.964578588079881,-8.25222485818634
525,207.5,-11.063778952521563,-10.500461212992464,-10.786364651488073,-9.061821551791127,-8.502168008392262
526,207.4,-11.256837440360556,-10.576493554277723,-10.917245869919963,-9.121811492734476,-8.552351091770923
527,207.3,-11.312370706348588,-10.506805388919108,-10.857226054860519,-9.276714216333827,-8.727668699976688
528,207.2,-11.443753809930843,-10.512079528323879,-10.99563555054783,-9.299103508431113,-8.687387528168466
529,207.1,-11.526581154712874,-10.648291918563991,-11.200381878933873,-9.337964301810555,-8.895468894241978
530,207.0,-11.628627876291864,-10.653036471365297,-11.426539801072348,-9.453596141891367,-8.622457494754837
531,206.9,-11.74671536871552,-10.64275162794312,-11.127380402517678,-9.469510898282696,-8.774109371357525
532,206.8,-11.930624772709612,-10.820133265988034,-11.396975289455279,-9.562677403061622,-8.500761209107157
533,206.7,-11.940679857020747,-10.901597264744737,-11.323680503535627,-9.495721361411144,-8.211829621571221
534,206.6,-11.953970036521875,-10.899218198772244,-11.401429248581863,-9.601603376330718,-8.37432851814438
535,206.5,-11.991048703084934,-10.88971822985469,-11.473300940243996,-9.665810999300646,-8.342238285803095
536,206.4,-12.034755078094646,-10.951973171963635,-11.638982788095424,-9.623346301188905,-8.06296418525138
537,206.3,-12.094312115937525,-10.971130627865415,-11.558887567021525,-9.677839404771158,-8.19041802781879
538,206.2,-12.174567027741084,-11.100341611624833,-11.499937788483953,-9.714226078172352,-8.05570205921206
539,206.1,-12.289211935659338,-11.17300089362033,-11.761167922915533,-9.828421244851969,-8.064001631828425
540,206.0,-12.389847512627243,-11.275273572150128,-11.87837222783433,-9.795011119745125,-7.807073370114228
541,205.9,-12.448622391794235,-11.275718968062787,-11.804794995726162,-9.810290372212293,-8.16135866034657
542,205.8,-12.52559115082757,-11.427647859196519,-12.042766772865024,-9.846142027352554,-8.237190030305385
543,205.7,-12.546017441914678,-11.546663621882042,-12.204700777061156,-9.744545590177948,-7.966916186183854
544,205.6,-12.659923644416814,-11.649550077706117,-12.54061620172508,-9.76503380216023,-8.046348745046235
545,205.5,-12.638355618929209,-11.558803376330717,-12.311867378972726,-9.572212677752741,-7.918492959825939
546,205.4,-12.718822365374153,-11.619806321392494,-12.272770308493278,-9.653690255653121,-8.073572212293108
547,205.3,-12.813442924858187,-11.773226202502139,-12.327526847462895,-9.842972655217968,-8.215534011966742
548,205.2,-12.864240871862618,-11.747048329318517,-12.031235364053153,-9.85647303986324,-8.182460649623124
549,205.1,-12.928410473230246,-11.702155680317041,-11.853022682415107,-10.060304133965342,-8.337224865956951
550,205.0,-12.96506547051053,-11.576363924935892,-11.548643461030384,-10.134343056958583,-8.791376610459244
551,204.9,-12.970641610070711,-11.527297047167613,-11.377616862227056,-10.442019294428473,-8.778231999378352
552,204.8,-13.010148227523507,-11.46455325588624,-11.156151892143914,-10.28352081358303,-8.640697000543941
553,204.7,-13.08526696402207,-11.491871777138861,-11.063645333747765,-10.25533594296371,-8.150120561038152
554,204.6,-13.15098024244308,-11.534730270417283,-10.96620683036755,-10.273730250990754,-7.936889983681718
555,204.5,-13.215620225347736,-11.693315657782268,-10.909190721889814,-10.445264709767658,-7.935809083844898
556,204.4,-13.229089649545418,-11.682558260160073,-10.923742132255812,-10.523860793379441,-8.325258924547363
557,204.3,-13.213545332193645,-11.660236863781183,-11.014238977387521,-10.338068233739996,-7.651076167534384
558,204.2,-13.19384688320771,-11.691107689020125,-10.997873393426065,-10.53801569275002,-8.002412067759732
559,204.1,-13.172457016085167,-11.757564018183231,-10.760835861372291,-10.727173164193022,-8.007735092081749
560,204.0,-13.187761254176705,-11.732898861605408,-10.659307319916078,-10.895657747299714,-8.7165012122154
561,203.9,-13.232746241355196,-11.76369635946849,-10.72763757090683,-11.125764484419923,-8.77900872639677
562,203.8,-13.31216141891367,-11.860961049809621,-10.575518571761599,-11.155149751340431,-8.963033281529258
563,203.7,-13.321847150516746,-11.862145151138396,-10.724487209573395,-11.28214190302277,-9.124353508431113
564,203.6,-13.311269540756857,-11.77655037687466,-10.684526505555988,-11.091659107156733,-9.189001095656229
565,203.5,-13.35412423187505,-11.772310968218196,-10.8719132566633,-11.186514857409279,-9.509343958349522
566,203.4,-13.432264056259228,-11.829452004817782,-10.898799961146942,-11.087338223638202,-9.398657642396458
567,203.3,-13.479728051907685,-11.828588371279821,-10.78816796176859,-10.946929878001399,-9.257380231564223
568,203.2,-13.558923790504313,-11.758932795866036,-10.782964433910951,-11.254961889035668,-10.023303683269873
569,203.1,-13.510715657782267,-11.756876913513095,-11.08248232185873,-11.23658387598104,-10.085892672313314
570,203.0,-13.463189741238637,-11.788736300411843,-11.05804529489471,-11.375946627554589,-9.780443414406713
571,202.9,-13.506495259926957,-11.947704619628565,-11.18082248037921,-11.322317157510296,-10.436603931929444
572,202.8,-13.520527403838681,-11.871517476105371,-11.123230616209495,-11.12145718004507,-9.971550850881966
573,202.7,-13.505820648069003,-11.807157766726242,-11.118515937524284,-10.863926004351544,-8.85482380138317
574,202.6,-13.430225012044449,-11.670611329551635,-10.7160409822053,-11.379159452948947,-9.125564768047244
575,202.5,-13.492522864247418,-11.655638965731603,-10.858008213536406,-11.278608609837596,-9.836818587302822
576,202.4,-13.477476086720024,-11.616283891522265,-10.812485492268241,-10.863008054238868,-8.721596106923615
577,202.3,-13.529213710467015,-11.74440582795866,-10.838427088351855,-10.70687506022224,-8.045409068303675
578,202.2,-13.54413447354107,-11.86554536871552,-10.97305071878157,-10.637656733234905,-8.88494234206232
579,202.1,-13.48633294739296,-11.67921779081514,-10.580352746911181,-10.574329038775353,-9.527083751651256
580,202.0,-13.486361192011811,-11.800984688009947,-10.574193247338567,-10.248261209107156,-8.57854254409822
581,201.9,-13.405022121376954,-11.735845535783668,-10.51604735410677,-10.355797163726788,-8.079840345015151
582,201.8,-13.373507644727642,-11.89865946849017,-10.6516758411687,-9.673439762219287,-6.801271629497242
583,201.7,-13.25201884839537,-11.80060718781568,-10.757462802082523,-9.051965809309195,-4.439185018260939
584,201.6,-13.225541690885073,-11.812222787318362,-10.620297155956173,-8.151206892532443,-4.527449452171886
585,201.5,-13.170275662444634,-11.78385867200249,-10.546459204289379,-7.375267464449453,-1.5899547750407963
586,201.4,-13.068272394125419,-11.689763353795946,-10.702744284715209,-7.326980029528325,-1.599894708213537
587,201.3,-13.10766494677131,-11.661551324889269,-10.934741238635482,-8.480042151682337,-1.0468487761286813
588,201.2,-12.970887120988422,-11.505858295127826,-10.473495749475484,-8.284138561659802,-0.7476513559717154
589,201.1,-12.974036395990364,-11.728336269329397,-10.649801919341051,-7.930534944440127,-3.408370494987956
590,201.0,-13.001124071800449,-11.824680293729116,-10.639128712409667,-6.422223412852592,-5.239691833087265
591,200.9,-12.964288743492112,-11.814963058512706,-10.715508679773098,-6.91430442147797,-4.466386758877924
592,200.8,-12.843284451006294,-11.680670759188748,-10.865324656150442,-5.7924743297847545,-2.727762087186262
593,200.7,-12.666808813427616,-11.52282407723988,-10.803941495065663,-4.710957999844588,0.9407087574792147
594,200.6,-12.566185186106146,-11.213961022612478,-10.88543265210972,-2.9879276167534385,-0.8660777838215873
595,200.5,-12.438771537804026,-11.118586549071411,-10.739440562592277,-1.3348026653197607,0.950865956950812
596,200.4,-12.351445694304141,-11.091357650167067,-10.678247509519,-2.009631789571839,-1.552693604786697
597,200.3,-12.299041063019661,-11.104366469811175,-10.496232667650943,-2.377979640997746,-3.4663751651254953
598,200.2,-12.172996192400342,-10.961274885383482,-10.28392004040718,1.2590582018804881,2.766125883907064
599,200.1,-12.043632579065973,-10.952820510529179,-10.428928999922295,-0.06909068303675414,1.3648668894241986
600,200.0,-11.92175596239024,-10.947630561815215,-10.148650042738364,-1.609345792213847,1.1669372911648144
601,199.9,-11.849638759810398,-11.05146755769679,-9.963506566166759,-0.4291824151060692,4.430021812106612
602,199.8,-11.705325052451627,-11.02961871551791,-10.29991627166058,-0.5556314010412621,2.8897395446421634
603,199.7,-11.443205212526227,-10.592019947159843,-9.747685088196443,-1.225599191856399,5.437094560571918
604,199.6,-11.264689444401276,-10.435210711788018,-9.83899668194887,-0.82957704561349,-0.5880855544331344
605,199.5,-11.256208454425364,-10.251493045302666,-9.824564768047246,-1.1344831377729427,-2.1452331183464133
606,199.4,-11.076460786385889,-10.235407191700988,-9.931389175538117,1.2937393348356516,5.720355497707669
607,199.3,-10.717355443313389,-10.166732030460798,-9.77236653974668,0.6329782034346108,3.1404214002642012
608,199.2,-10.445887720879634,-10.02039231486518,-9.753279695392028,0.08383763307172262,0.7865691817546039
609,199.1,-10.239848658015386,-9.747600897505635,-9.386235441759268,-1.250421866500894,4.095442575180667
610,199.0,-10.101476097598882,-9.691747163726786,-9.739043321159375,-1.6217571295360944,1.222568326987334
611,198.9,-9.924744085787552,-9.372373851892144,-9.395724547361878,0.3266816069624681,0.13875169010801172
612,198.8,-9.758599460719559,-9.397845609604476,-9.718087986634549,3.5984717169166216,0.28309798741161024
613,198.7,-9.60817079337944,-9.02897088740384,-9.19239044991841,5.2293553889191084,-3.760933949801848
614,198.6,-9.428463319605253,-8.90780147253089,-9.062106713808378,6.805926559950268,-6.254444945217189
615,198.5,-9.17289840391639,-8.861401538581088,-8.713964628176237,7.148455027585672,-1.4924022068536802
616,198.4,-9.05001475794545,-8.733708703084934,-8.478350190379984,6.818231979951822,-0.8328903566710703
617,198.3,-8.815930961224648,-8.473393802937291,-8.41224148729505,6.0783777682803635,-2.3236087497086015
618,198.2,-8.508531738285802,-8.493952626466704,-8.206218719403218,9.626689486362578,-4.537606651643483
619,198.1,-8.258298537570907,-7.9270315253710475,-7.698375040795711,8.741275001942654,-5.678906519543088
620,198.0,-8.040348936203278,-7.493587974978632,-7.458790061387832,11.773660735099854,-0.12547128759033283
621,197.9,-7.875109225270029,-7.484604013520865,-6.997055723055405,10.34388553889191,-0.8334335224182144
622,197.8,-7.677802094956873,-7.798616279431191,-6.8545453259771545,12.863495648457535,4.12349708602067
623,197.7,-7.525592930297614,-7.676585946849017,-6.416954705105292,10.808509518999147,-0.5511502836273212
624,197.6,-7.4608539825938305,-7.474571470588235,-6.604324618074443,8.054822130701686,3.361603924158832
625,197.5,-7.262391864635947,-7.530163941642708,-6.374184204677909,8.297101212215402,8.829724112207632
626,197.4,-7.1350354660035755,-7.534983722899994,-6.091166062631129,7.411713886082836,12.175673999533764
627,197.3,-6.99204273774186,-7.531727444245863,-6.120067912036679,9.95918839847696,18.884949646437178
628,197.2,-6.798143646592587,-6.737266607350999,-5.906930759188749,8.043035433988656,21.189276012122154
629,197.1,-6.723617612557308,-5.7459798849949495,-5.145719813505324,8.284228184008082,24.25713046856788
630,197.0,-6.378923108555443,-5.732424097443468,-4.797195339187194,11.589771971404149,32.282621648923765
631,196.9,-6.396915365296448,-5.396129543088042,-4.345495444867511,9.812669438184786,30.07780324811563
632,196.8,-5.906468851037376,-5.26337874815448,-3.9033291957417053,11.31653244230321,30.220058357292714
633,196.7,-5.807527299401664,-5.318323765638357,-4.358124048488616,10.788656810941022,24.273425440982212
634,196.6,-5.360555011111975,-5.091005913046857,-3.9476911718082217,11.513348550780949,29.791609215945293
635,196.5,-5.258766727795477,-5.289698387598104,-4.527188732613257,10.502354145621261,27.29353562825395
636,196.4,-5.220111794234207,-5.786686898748933,-4.887405392804413,11.692783355350066,27.156223327375866
637,196.3,-5.185353531742948,-4.912146592586836,-4.928523039863238,17.124169243919496,29.718118890356674
638,196.2,-5.036899815059445,-5.57196804724532,-6.481368731059135,15.117036016784523,25.205443546507116
639,196.1,-5.142994207786153,-5.5262416388219755,-7.423049755225735,17.695579609915303,27.910952133032872
640,196.0,-5.011326485352397,-4.770687221229312,-6.872475227290389,16.80256080503536,32.17377123319606
641,195.9,-4.747999731136841,-4.092925001942653,-8.186773385655451,13.686418913668508,37.75887302820732
642,195.8,-4.9397144269174,-3.578867507187816,-8.852417577123319,12.974274302587613,45.11648760587458
643,195.7,-4.8068093729116494,-3.666165106068848,-9.650474714430027,13.899095461962858,46.428939000699366
644,195.6,-4.797537533607896,-3.04544886937602,-8.708598150594453,13.400143406636102,41.71349988344083
645,195.5,-4.563631895252156,-2.0505729077628416,-8.570270129769213,14.627969578055795,40.85578685212526
646,195.4,-4.169975779003807,-1.1098668661123632,-7.594462001709536,15.915598298236073,47.775446887870075
647,195.3,-3.9011119931618623,-1.4437807249980574,-9.061297396845132,14.934939700054395,52.899346646981115
648,195.2,-4.338173570596005,-0.2593806550625533,-7.579883433056181,11.386139132799753,44.26453213147875
649,195.1,-3.5782640500427383,-0.350309316963245,-5.713598515813195,12.275545885461188,45.1173023544953
650,195.0,-2.9739844433910947,-0.07527788406247572,-3.6575255116947707,13.84904273836351,40.9436167534385
651,194.9,-2.6135299852358385,7.604320460020271e-05,-3.5535912891444554,16.240547206465152,43.6605318206543
652,194.8,-1.473655384256741,1.0767598274924237,-2.0280288134276168,19.65860777838216,46.63316932162562
653,194.7,-1.3040301530810474,1.3645007957106225,-1.089617647058823,22.130419302199083,42.46475242831611
654,194.6,-0.30491261014841853,2.1999231195120057,0.7511004584660814,20.499265405237395,35.90656919729582
655,194.5,-0.7601767581008625,1.7021600540057504,0.04305674877612878,20.267822480379206,30.864361566555292
656,194.4,0.10038680705571525,2.9247402220063723,0.17897311368404714,16.802696596472142,28.13506232030461
657,194.3,0.6017070650400186,3.3666976510606887,2.62827041728184,12.779983914834098,22.002558085321315
658,194.2,1.6735584123086489,6.00930609604476,4.890007156733236,13.956833980884296,20.970869065195433
659,194.1,2.6367622705726945,7.191563377107778,4.4185447198694545,13.025005983370892,22.757123941254175
660,194.0,3.389837679695392,7.8581662561193575,7.150885694304142,12.235894785919653,25.528409899759115
661,193.9,2.4567473649856244,6.60807028906675,4.233596782966819,12.435481039707824,27.1480758411687
662,193.8,2.038511912347502,5.5130383658403925,0.06968816535861438,11.721381031937215,21.891697956329164
663,193.7,2.102240463128448,6.085766451938769,1.0306570052063104,13.036792680083924,25.49907894941332
664,193.6,0.1697610226124795,5.490696872328853,0.03128634703551163,13.56879637112441,32.27414826326832
665,193.5,-0.6124411065350842,3.977757568575647,0.7583136995881576,13.080571839303754,38.76655412230943
666,193.4,-0.8402556842023466,5.04655567254643,4.848786308182454,15.221758372833943,43.47308532131479
667,193.3,0.267724224104437,4.873432453959127,1.3622651254953768,13.630445683425286,37.64176649312301
668,193.2,-0.8844259227601213,2.4387354456445727,4.067866050198151,13.414292874349211,40.18356492345948
669,193.1,-0.2260438573315718,1.3192952832387912,6.624764488305231,18.446804996503225,38.76932426761987
670,193.0,0.5012768047245317,2.8620842606263115,9.529041321003962,16.223247377418602,33.079391483409744
671,192.9,0.5082282399564845,1.660816178413241,6.643009425751807,16.496622697956333,32.970323801383174
672,192.8,0.7525018260937136,1.7022054083456366,3.347660859429637,10.703659518999148,29.023409899759113
673,192.7,0.6210122620250215,2.0076247921361414,3.8584322014142525,10.51784251690108,28.72271334214003
674,192.6,-0.40305071101095646,0.7227363431502057,7.496654145621261,8.016050959670526,26.44712044447898
675,192.5,-0.8090236537415496,-4.046666291087108,2.2044870697023864,10.67068121066128,28.48540422721268
676,192.4,-2.530997036288756,-4.163900470121999,-0.025604833320382294,9.723734194576114,30.125167301266615
677,192.3,-3.391652939622348,-6.690243119123476,-7.161727282617143,6.799552509907531,28.23581956639988
678,192.2,-3.874264555216412,-8.834982353150982,-2.2912368642007923,5.594308454425365,20.168287357215014
679,192.1,-4.422025325977155,-9.261095485274693,-2.3602930779392337,6.084909336389774,21.28275483720569
680,192.0,-6.215021975289455,-12.28507844432357,-5.065107498640143,5.976143111352864,30.22174217110887
681,191.9,-5.562440920040407,-10.001826909627788,-5.448278343305619,4.3899226008236845,22.84777830445256
682,191.8,-6.012214748620718,-7.692802160230012,-1.2296892299323956,3.5156484458776904,19.130829916854456
683,191.7,-6.124378475406014,-8.838610303830912,-4.227355808532131,4.753969394280831,16.37985455513249
684,191.6,-5.8045733468023935,-9.82842124485197,-6.4780825782889115,2.749018878700754,7.429915370269641
685,191.5,-7.4029906441836975,-9.35782244152615,-7.650742120599892,2.03078809542311,5.530459320848552
686,191.4,-9.04176515657782,-8.39142194420701,-6.782526979563292,6.372874088895797,8.164959849250135
687,191.3,-8.979637858419457,-11.000219869453725,-6.147104530266532,4.082495676431735,11.120953665397469
688,191.2,-9.595283642862695,-12.753477426373458,-8.278937749630897,4.480139715595618,14.347505944517833
689,191.1,-8.765119978242288,-12.525021913124565,-5.421717538270261,2.460842291553345,10.038468870930142
690,191.0,-6.648066298857721,-13.850970976765872,-2.65348960292175,-0.3962013909394669,6.474524842645118
691,190.9,-7.1976739917631525,-14.7966225425441,-4.96399176315176,1.1539882197528948,0.8991674411376179
692,190.8,-6.378036879322403,-12.385319682959052,-4.564737780713343,-2.0853490947237545,1.5903349910637974
693,190.7,-5.67533792058435,-12.890884781257284,5.899513287745746,-2.97462820343461,1.1720430491879703
694,190.6,-5.4548517351775585,-12.276091767037068,1.8289585670992305,-4.6652288755925095,-8.93029668194887
695,190.5,-4.901708033258217,-10.48232762452405,5.716569632450074,-4.373125200093248,-14.54092726707592
696,190.4,-6.315876991219209,-11.405638783122233,-2.387262343616442,-10.09202501359857,-18.07357625767348
697,190.3,-5.981701869609139,-10.465532939622348,6.260191638821975,-11.867870118113299,-14.639729116481469
698,190.2,-6.703599564845753,-13.038259227601213,9.224638200326368,-6.370799195741705,-10.885150205921205
699,190.1,-6.845333234905587,-12.793155684202347,11.26661551014065,-3.4491024943663073,-14.832504614966197
