,,Well,A01,A02,A03,A04,A05,A06,B01,B02,B03,B04,B05,B06,C01,C02,C03,C04,C05,C06,D01,D02,D03,D04,D05,D06,E01,E02,E03,E04,E05,E06,F01,F02,F03,F04,F05,F06,G01,G02,G03,G04,G05,G06,H01,H02,H03,H04,H05,H06,A07,A08,A09,A10,A11,A12,B07,B08,B09,B10,B11,B12,C07,C08,C09,C10,C11,C12,D07,D08,D09,D10,D11,D12,E07,E08,E09,E10,E11,E12,F07,F08,F09,F10,F11,F12,G07,G08,G09,G10,G11,G12,H07,H08,H09,H10,H11,H12
,,Wavelength (nm),Buffer,Buffer,Buffer,Buffer,Buffer,Buffer,Ficoll,Ficoll,Ficoll,Ficoll,Ficoll,Ficoll,D-Sorbitol,D-Sorbitol,D-Sorbitol,D-Sorbitol,D-Sorbitol,D-Sorbitol,Glycerol,Glycerol,Glycerol,Glycerol,Glycerol,Glycerol,PEG200,PEG200,PEG200,PEG200,PEG200,PEG200,PEG1500,PEG1500,PEG1500,PEG1500,PEG1500,PEG1500,PEG4000,PEG4000,PEG4000,PEG4000,PEG4000,PEG4000,PEG8000,PEG8000,PEG8000,PEG8000,PEG8000,PEG8000,Sucrose,Sucrose,Sucrose,Sucrose,Sucrose,Sucrose,L(+)-Arabinose,L(+)-Arabinose,L(+)-Arabinose,L(+)-Arabinose,L(+)-Arabinose,L(+)-Arabinose,Dextran,Dextran,Dextran,Dextran,Dextran,Dextran,EG,EG,EG,EG,EG,EG,PEG400,PEG400,PEG400,PEG400,PEG400,PEG400,PEG2000,PEG2000,PEG2000,PEG2000,PEG2000,PEG2000,PEG6000,PEG6000,PEG6000,PEG6000,PEG6000,PEG6000,PEG10000,PEG10000,PEG10000,PEG10000,PEG10000,PEG10000
Protein,Gain,conc,0,0,0,0,0,0,4,8,12,16,20,24,4,8,12,16,20,24,4,8,12,16,20,24,4,8,12,16,20,24,4,8,12,16,20,24,4,8,12,16,20,24,4,8,12,16,20,24,4,8,12,16,20,24,4,8,12,16,20,24,4,8,12,16,20,24,4,8,12,16,20,24,4,8,12,16,20,24,4,8,12,16,20,24,4,8,12,16,20,24,4,8,12,16,20,24
E1A,1020,450,644,560,598,589,695,621,677,644,637,646,554,455,678,626,683,689,705,693,717,619,696,716,687,703,734,736,838,898,872,954,673,587,539,508,371,297,653,521,393,283,219,202,667,518,351,281,222,212,595,732,733,688,737,853,667,720,719,821,789,941,594,725,837,848,924,1015,591,614,573,609,612,686,638,665,572,650,641,693,544,589,516,460,306,294,604,566,389,311,239,222,620,547,345,293,244,228
E1A,1020,451,784,689,742,722,833,757,830,778,762,764,662,530,830,763,830,847,847,838,874,762,847,882,836,854,896,899,1036,1110,1073,1176,817,725,666,609,447,359,803,639,479,330,258,246,816,631,427,337,274,252,735,906,883,832,901,1041,828,878,878,1011,947,1136,719,852,977,998,1047,1151,729,753,701,750,750,845,780,819,713,797,806,850,671,721,623,560,373,347,747,688,475,372,285,259,762,665,418,348,291,269
E1A,1020,452,974,843,921,895,1019,939,1021,951,918,925,779,624,1019,932,1015,1027,1034,1019,1093,949,1044,1078,1034,1060,1125,1103,1290,1365,1326,1448,1011,878,820,756,542,442,977,774,571,406,307,291,1004,769,517,404,321,298,887,1114,1101,1033,1098,1276,1013,1079,1067,1232,1162,1395,863,1027,1163,1177,1218,1333,888,921,868,908,918,1046,956,994,871,974,963,1044,820,873,775,671,449,417,911,842,576,447,335,312,933,815,507,418,350,314
E1A,1020,453,1178,1030,1123,1104,1212,1143,1223,1152,1105,1091,903,733,1249,1127,1234,1231,1240,1216,1331,1152,1271,1327,1264,1299,1359,1352,1561,1649,1636,1780,1227,1070,989,910,663,529,1200,945,692,479,372,336,1214,929,617,487,389,350,1094,1342,1350,1258,1326,1551,1226,1302,1306,1498,1395,1686,1041,1232,1374,1381,1418,1546,1097,1128,1068,1118,1124,1265,1172,1222,1054,1191,1186,1287,1001,1063,921,833,541,510,1116,1038,693,555,401,366,1126,987,611,508,412,369
E1A,1020,454,1450,1264,1366,1352,1469,1391,1497,1376,1328,1316,1093,862,1510,1383,1482,1506,1498,1463,1607,1386,1555,1610,1528,1583,1656,1643,1901,2043,1991,2166,1501,1311,1203,1103,799,645,1468,1158,836,582,440,404,1484,1131,755,584,464,418,1343,1630,1636,1534,1625,1891,1498,1626,1588,1825,1725,2053,1268,1462,1613,1636,1646,1791,1330,1361,1295,1375,1367,1541,1418,1493,1286,1453,1448,1545,1217,1298,1141,1008,655,609,1357,1263,841,670,488,442,1380,1206,752,602,487,444
E1A,1020,455,1746,1531,1659,1632,1773,1707,1801,1658,1594,1563,1291,1029,1833,1663,1799,1820,1809,1781,1956,1679,1886,1957,1856,1919,2018,1983,2315,2465,2432,2634,1819,1566,1441,1344,971,770,1760,1395,1005,692,523,478,1806,1364,905,699,554,498,1614,1991,1986,1845,1974,2274,1833,1954,1935,2189,2077,2480,1513,1742,1930,1916,1916,2075,1611,1670,1564,1652,1646,1870,1726,1792,1563,1760,1761,1876,1492,1572,1365,1205,796,727,1647,1520,1013,802,581,524,1657,1461,890,728,583,521
E1A,1020,456,2124,1846,1985,1963,2103,2055,2160,1973,1890,1860,1529,1204,2195,1979,2153,2174,2148,2112,2344,2031,2272,2359,2235,2299,2428,2391,2780,2988,2905,3153,2170,1890,1728,1603,1163,908,2094,1664,1207,814,615,561,2155,1628,1078,841,651,589,1941,2389,2384,2239,2343,2706,2191,2350,2299,2645,2473,2947,1802,2061,2281,2261,2224,2406,1941,1988,1873,1991,1975,2235,2054,2172,1875,2101,2102,2258,1790,1884,1643,1452,933,874,1964,1822,1222,954,682,623,2001,1727,1042,856,679,613
E1A,1020,457,2520,2214,2391,2338,2495,2437,2562,2345,2222,2195,1779,1406,2603,2348,2551,2584,2529,2493,2797,2403,2688,2786,2663,2724,2868,2846,3309,3538,3449,3760,2597,2234,2061,1896,1371,1077,2500,1950,1422,966,721,646,2566,1905,1268,983,768,698,2324,2852,2817,2636,2780,3248,2614,2772,2757,3131,2903,3511,2121,2432,2662,2619,2563,2792,2299,2371,2215,2366,2357,2656,2472,2572,2244,2513,2481,2678,2123,2244,1959,1719,1107,1017,2330,2157,1435,1131,812,745,2356,2049,1252,1002,804,710
E1A,1020,458,2996,2609,2841,2782,2919,2896,3042,2766,2629,2596,2089,1631,3088,2791,3015,3043,2988,2941,3283,2862,3179,3308,3154,3237,3405,3360,3925,4162,4121,4463,3057,2626,2442,2259,1635,1285,2940,2334,1682,1143,843,758,3022,2270,1509,1160,899,810,2745,3381,3350,3141,3292,3811,3120,3298,3256,3706,3476,4153,2533,2866,3104,3081,2961,3239,2731,2820,2644,2809,2776,3137,2909,3049,2642,2981,2950,3152,2508,2649,2285,2037,1289,1197,2757,2568,1713,1342,956,863,2802,2431,1466,1189,940,832
E1A,1020,459,3527,3088,3360,3282,3469,3431,3572,3262,3069,2999,2427,1906,3607,3297,3539,3570,3495,3450,3899,3360,3764,3906,3734,3822,4002,3977,4627,4931,4842,5246,3601,3120,2851,2636,1911,1515,3480,2744,1972,1334,987,887,3564,2654,1769,1365,1050,945,3223,3989,3958,3692,3883,4518,3636,3906,3800,4353,4059,4866,2942,3325,3634,3580,3428,3731,3233,3341,3099,3294,3267,3685,3414,3585,3109,3520,3491,3738,2944,3131,2697,2389,1531,1393,3250,3018,2004,1567,1113,1004,3308,2858,1728,1397,1106,981
E1A,1020,460,4107,3593,3906,3841,3991,3953,4140,3775,3558,3476,2800,2184,4202,3807,4113,4140,4060,3990,4500,3913,4343,4516,4304,4429,4640,4609,5373,5763,5609,6076,4187,3581,3307,3058,2203,1741,4008,3188,2290,1526,1137,1019,4122,3069,2040,1573,1220,1098,3770,4649,4620,4306,4507,5225,4244,4529,4444,5073,4738,5669,3433,3867,4186,4102,3911,4259,3734,3836,3611,3844,3815,4282,3978,4172,3607,4081,4049,4333,3421,3617,3144,2759,1760,1634,3776,3457,2316,1794,1298,1142,3847,3310,1995,1624,1270,1116
E1A,1020,461,4676,4102,4453,4348,4585,4518,4737,4264,4038,3947,3182,2467,4782,4338,4699,4718,4637,4554,5141,4439,4969,5128,4906,5039,5288,5263,6114,6592,6390,6956,4767,4109,3789,3477,2523,1972,4607,3625,2594,1740,1287,1155,4672,3508,2340,1800,1375,1236,4312,5280,5235,4885,5156,5937,4845,5180,5051,5800,5396,6475,3896,4388,4721,4663,4384,4798,4263,4386,4112,4360,4348,4855,4502,4763,4123,4657,4592,4909,3889,4125,3581,3165,1991,1874,4307,3969,2640,2064,1480,1321,4348,3767,2280,1836,1440,1259
E1A,1020,462,5364,4676,5107,4996,5216,5173,5394,4884,4625,4490,3621,2815,5494,4973,5362,5404,5297,5208,5864,5090,5688,5885,5666,5773,6016,6019,7016,7502,7289,7938,5423,4696,4327,3975,2870,2254,5261,4137,2976,1991,1456,1318,5377,4032,2664,2048,1577,1422,4930,6048,6025,5602,5906,6805,5572,5941,5810,6640,6164,7407,4459,5014,5410,5313,4982,5423,4896,5036,4705,4996,4981,5577,5195,5413,4688,5319,5265,5614,4431,4737,4072,3610,2277,2114,4892,4549,3020,2348,1678,1495,4976,4310,2603,2096,1644,1430
E1A,1020,463,6129,5364,5837,5694,5959,5916,6132,5601,5251,5136,4120,3179,6253,5648,6107,6110,6002,5884,6702,5791,6512,6744,6447,6598,6917,6871,8006,8591,8379,9070,6219,5383,4927,4551,3285,2564,6004,4731,3381,2276,1667,1495,6121,4557,3051,2350,1781,1611,5614,6930,6852,6376,6772,7722,6312,6749,6601,7545,7053,8415,5077,5702,6124,6041,5645,6131,5586,5747,5375,5698,5678,6425,5930,6222,5395,6097,6059,6414,5082,5418,4687,4110,2598,2397,5603,5188,3436,2683,1896,1696,5666,4908,2941,2382,1869,1632
E1A,1020,464,6845,5964,6467,6330,6640,6606,6826,6197,5843,5652,4539,3513,6938,6274,6768,6811,6667,6551,7454,6448,7196,7474,7104,7341,7641,7653,8908,9497,9308,10095,6922,5968,5476,5076,3656,2851,6625,5228,3751,2515,1830,1650,6815,5059,3376,2587,1982,1788,6246,7707,7611,7101,7456,8615,7029,7485,7373,8404,7827,9339,5617,6321,6787,6640,6235,6789,6195,6366,5982,6342,6306,7107,6581,6874,5966,6737,6651,7080,5639,5975,5179,4556,2897,2673,6198,5760,3816,2953,2096,1875,6302,5441,3291,2648,2065,1788
E1A,1020,465,7510,6631,7146,7028,7308,7290,7564,6829,6435,6267,4986,3855,7659,6935,7478,7482,7347,7215,8177,7093,7928,8238,7864,8067,8481,8447,9809,10524,10217,11146,7628,6599,6045,5618,4000,3136,7375,5799,4123,2749,2033,1825,7473,5597,3675,2843,2183,1968,6926,8516,8460,7846,8237,9468,7784,8280,8169,9288,8619,10319,6166,6936,7470,7320,6826,7420,6814,7019,6595,7017,6951,7833,7245,7634,6596,7430,7364,7858,6228,6614,5719,5039,3192,2947,6834,6343,4206,3263,2319,2060,6937,5997,3614,2915,2285,1970
E1A,1020,466,8312,7240,7848,7726,8069,8024,8317,7544,7053,6864,5486,4255,8436,7665,8241,8248,8063,7953,9012,7824,8782,9102,8664,8923,9336,9302,10842,11606,11330,12304,8353,7249,6703,6154,4429,3476,8052,6379,4535,3035,2237,1996,8271,6162,4081,3133,2396,2152,7605,9376,9297,8628,9062,10441,8551,9106,8969,10212,9507,11378,6841,7699,8259,8067,7493,8158,7552,7749,7262,7744,7729,8690,7998,8434,7265,8195,8110,8676,6873,7295,6303,5574,3509,3234,7576,6958,4644,3604,2549,2280,7686,6650,3979,3207,2504,2165
E1A,1020,467,8919,7833,8485,8330,8654,8655,8895,8068,7574,7394,5881,4546,9076,8228,8861,8885,8676,8576,9729,8432,9419,9763,9310,9574,10023,9977,11633,12445,12127,13185,8980,7823,7189,6601,4750,3736,8654,6824,4899,3262,2404,2143,8857,6624,4368,3364,2558,2325,8189,10056,9959,9286,9755,11227,9219,9804,9599,10955,10213,12226,7373,8222,8837,8669,8042,8786,8097,8336,7832,8341,8309,9355,8578,9063,7828,8777,8746,9299,7373,7871,6745,5967,3805,3482,8128,7502,4969,3862,2750,2445,8192,7095,4296,3450,2687,2329
E1A,1020,468,9515,8370,9030,8895,9192,9187,9508,8625,8116,7878,6269,4863,9618,8761,9394,9452,9254,9117,10374,8986,10001,10407,9899,10218,10690,10637,12380,13256,12961,14062,9559,8317,7607,7063,5055,3970,9256,7252,5194,3464,2548,2265,9431,7039,4648,3589,2723,2460,8774,10720,10642,9929,10419,11941,9812,10423,10289,11663,10898,12993,7830,8788,9394,9210,8532,9300,8623,8887,8325,8828,8849,9985,9170,9631,8342,9349,9292,9932,7799,8347,7199,6372,4021,3731,8629,8020,5311,4124,2894,2606,8737,7563,4566,3673,2838,2459
E1A,1020,469,10085,8884,9573,9411,9800,9826,10142,9169,8608,8354,6651,5137,10288,9318,10019,10071,9866,9700,11029,9527,10667,11027,10522,10802,11380,11349,13206,14120,13798,14960,10212,8835,8165,7541,5399,4229,9852,7740,5539,3697,2711,2409,10060,7533,4975,3816,2929,2595,9301,11441,11342,10512,11075,12709,10409,11071,10918,12458,11561,13850,8284,9332,10026,9781,9074,9875,9137,9430,8891,9470,9429,10709,9762,10241,8887,9978,9936,10574,8312,8861,7643,6774,4291,3950,9247,8484,5654,4389,3110,2769,9323,8046,4831,3898,3034,2627
E1A,1020,470,10606,9279,10081,9860,10284,10291,10628,9592,9028,8766,7006,5395,10744,9737,10455,10539,10338,10158,11519,10001,11192,11603,10993,11342,11921,11887,13863,14810,14483,15711,10712,9259,8537,7889,5653,4409,10295,8100,5822,3866,2836,2529,10520,7829,5216,3994,3036,2736,9764,11951,11858,11006,11564,13301,10917,11649,11416,13017,12117,14508,8730,9806,10446,10320,9493,10351,9574,9951,9298,9921,9918,11212,10218,10745,9279,10490,10401,11084,8764,9309,8054,7106,4491,4148,9625,8945,5921,4593,3228,2889,9738,8439,5079,4102,3179,2762
E1A,1020,471,10876,9485,10323,10168,10506,10499,10915,9834,9294,9010,7143,5542,11037,10002,10777,10799,10587,10387,11864,10250,11475,11865,11289,11614,12214,12172,14185,15147,14879,16134,10969,9485,8737,8071,5827,4564,10551,8331,5969,3979,2901,2592,10774,8068,5337,4105,3141,2807,10020,12273,12173,11304,11901,13650,11200,11940,11773,13340,12413,14857,8936,10042,10737,10574,9765,10633,9862,10188,9539,10183,10209,11526,10475,11032,9524,10718,10660,11314,8988,9500,8282,7285,4604,4264,9927,9152,6040,4716,3316,2991,10000,8652,5202,4185,3266,2836
E1A,1020,472,11111,9775,10561,10367,10766,10799,11119,10066,9442,9163,7318,5680,11270,10180,10940,11006,10857,10590,12085,10504,11676,12168,11555,11916,12550,12461,14505,15499,15160,16435,11180,9728,8958,8304,5917,4646,10797,8510,6104,4073,2984,2650,11057,8235,5455,4196,3218,2868,10246,12531,12458,11578,12128,14024,11398,12200,12000,13610,12677,15136,9146,10252,10995,10813,9956,10899,10058,10443,9760,10450,10444,11871,10739,11299,9721,10955,10903,11644,9146,9723,8414,7486,4713,4330,10103,9353,6197,4820,3402,3049,10274,8847,5333,4297,3342,2883
E1A,1020,473,11409,10113,10929,10727,11081,11128,11452,10404,9736,9494,7536,5838,11661,10553,11386,11383,11168,10893,12462,10834,12105,12553,11903,12228,12899,12848,15009,15979,15638,16952,11593,10039,9237,8559,6112,4755,11114,8823,6302,4220,3055,2771,11394,8495,5625,4329,3328,2956,10582,12965,12829,11914,12505,14395,11820,12571,12355,14031,13039,15636,9434,10595,11338,11121,10305,11206,10406,10763,10069,10768,10773,12265,11062,11630,10015,11313,11240,11985,9437,10036,8678,7674,4872,4487,10428,9648,6396,4956,3527,3133,10558,9106,5507,4419,3427,2996
E1A,1020,474,11456,10073,10873,10679,11065,11109,11452,10376,9754,9464,7558,5846,11601,10578,11284,11387,11165,10908,12427,10799,12065,12507,11888,12196,12907,12846,14972,15983,15646,16942,11558,10041,9240,8540,6112,4812,11124,8811,6319,4200,3076,2732,11371,8507,5674,4343,3314,2968,10532,12912,12814,11898,12482,14368,11806,12559,12325,14060,13049,15597,9427,10586,11327,11109,10292,11212,10404,10714,10127,10784,10861,12296,11010,11635,10066,11308,11257,12011,9471,10045,8706,7679,4857,4486,10441,9630,6405,4985,3519,3153,10553,9141,5506,4441,3468,3011
E1A,1020,475,11607,10203,11045,10854,11268,11289,11562,10514,9860,9581,7650,5934,11782,10653,11403,11508,11263,11097,12620,10936,12191,12704,12064,12337,13046,13006,15113,16170,15816,17202,11744,10163,9410,8649,6206,4896,11304,8936,6386,4273,3121,2803,11540,8634,5731,4395,3349,3012,10671,13112,12944,12052,12641,14485,11949,12737,12481,14217,13189,15761,9523,10733,11534,11316,10406,11358,10518,10871,10258,10941,10975,12515,11167,11719,10182,11478,11423,12159,9583,10185,8818,7797,4954,4549,10533,9785,6505,5072,3562,3195,10755,9288,5578,4469,3503,3034
E1A,1020,476,11430,10062,10864,10730,11074,11114,11437,10402,9750,9478,7576,5872,11617,10543,11342,11345,11158,10951,12453,10774,12100,12519,11924,12232,12873,12833,14954,15996,15631,17004,11579,10044,9275,8575,6148,4808,11155,8819,6313,4228,3084,2754,11373,8514,5663,4353,3337,2976,10560,12956,12801,11914,12468,14367,11807,12554,12323,14013,13028,15610,9452,10626,11430,11223,10338,11267,10430,10760,10151,10892,10902,12466,11018,11648,10077,11379,11221,12016,9470,10056,8729,7690,4895,4533,10464,9659,6431,4994,3536,3166,10562,9124,5520,4431,3487,3004
E1A,1020,477,11257,9893,10725,10494,10931,10981,11314,10247,9615,9354,7481,5800,11474,10370,11181,11192,11005,10795,12324,10651,11924,12333,11790,12118,12738,12726,14798,15834,15406,16786,11487,9960,9163,8513,6068,4756,11011,8696,6223,4194,3086,2734,11300,8429,5630,4315,3320,2966,10401,12726,12602,11759,12332,14164,11677,12351,12182,13830,12837,15349,9295,10460,11253,11118,10188,11122,10260,10649,9997,10763,10836,12314,10939,11456,9931,11204,11134,11880,9326,9941,8606,7651,4843,4459,10336,9513,6378,4955,3503,3140,10462,9045,5449,4409,3442,2988
E1A,1020,478,11024,9724,10538,10363,10686,10723,11109,10071,9436,9185,7352,5722,11197,10202,10978,10982,10791,10588,12094,10460,11690,12135,11546,11831,12511,12471,14488,15532,15222,16449,11233,9748,9004,8331,5993,4695,10855,8564,6173,4120,3017,2700,11078,8266,5533,4257,3255,2913,10191,12495,12424,11556,12105,13907,11452,12146,11910,13562,12602,15107,9172,10287,11023,10891,10038,10919,10131,10482,9835,10595,10629,12156,10725,11292,9785,11029,10924,11695,9229,9797,8524,7474,4779,4391,10195,9425,6218,4877,3461,3103,10288,8913,5370,4368,3382,2943
E1A,1020,479,10853,9579,10353,10165,10526,10524,10947,9931,9339,9036,7212,5623,11070,10072,10792,10852,10669,10441,11889,10281,11475,11948,11372,11643,12281,12268,14272,15263,14890,16148,11102,9606,8892,8217,5891,4607,10668,8430,6070,4061,2981,2671,10925,8155,5426,4192,3228,2875,10033,12288,12189,11366,11918,13673,11258,11939,11751,13310,12437,14823,8993,10132,10901,10740,9871,10808,9975,10321,9707,10454,10548,12040,10593,11158,9639,10871,10799,11523,9079,9629,8366,7389,4679,4357,10032,9229,6160,4814,3425,3078,10126,8813,5285,4304,3357,2919
E1A,1020,480,10618,9373,10095,9932,10293,10334,10698,9668,9093,8852,7065,5500,10813,9799,10517,10579,10358,10194,11601,10052,11244,11601,11120,11360,12019,11956,13948,14876,14567,15772,10814,9381,8671,8012,5786,4531,10434,8233,5931,4000,2924,2624,10701,8000,5336,4116,3161,2850,9772,11945,11850,11057,11628,13329,10959,11673,11446,12972,12102,14508,8834,9872,10608,10462,9619,10549,9724,10099,9504,10162,10260,11737,10387,10813,9390,10617,10535,11238,8850,9415,8198,7236,4606,4234,9766,9028,6028,4718,3350,3015,9873,8562,5200,4205,3308,2863
E1A,1020,481,10458,9189,9968,9782,10127,10129,10525,9604,8998,8756,6995,5440,10681,9664,10411,10468,10202,10045,11464,9892,11064,11431,10940,11188,11869,11789,13703,14686,14393,15537,10700,9278,8529,7969,5711,4490,10259,8157,5877,3926,2914,2608,10566,7918,5264,4093,3146,2840,9654,11824,11673,10907,11469,13175,10799,11502,11255,12782,11932,14255,8688,9788,10518,10310,9479,10412,9633,9946,9371,10066,10175,11584,10193,10683,9260,10487,10389,11052,8730,9318,8036,7172,4541,4212,9664,8940,6009,4683,3331,2991,9757,8440,5140,4171,3257,2868
E1A,1020,482,10145,8989,9711,9557,9886,9911,10277,9323,8766,8545,6837,5320,10427,9433,10151,10140,9931,9773,11181,9673,10787,11180,10643,10908,11529,11502,13398,14341,13966,15156,10441,9059,8375,7752,5568,4400,10024,7932,5744,3881,2829,2566,10250,7728,5177,3984,3093,2797,9392,11489,11349,10612,11163,12812,10553,11156,11026,12472,11661,13844,8516,9503,10199,10079,9234,10163,9390,9680,9176,9838,9923,11341,9930,10447,9039,10198,10116,10739,8548,9065,7873,6952,4447,4127,9388,8757,5807,4591,3258,2947,9533,8284,5036,4083,3227,2825
E1A,1020,483,9921,8707,9436,9272,9614,9625,10031,9064,8522,8333,6680,5196,10142,9184,9838,9924,9661,9507,10885,9393,10495,10885,10361,10632,11247,11198,13030,13900,13594,14635,10176,8817,8168,7577,5433,4301,9802,7731,5649,3776,2812,2539,10001,7546,5036,3914,3050,2741,9159,11161,11068,10333,10836,12471,10257,10881,10670,12119,11271,13432,8258,9276,9940,9779,8977,9864,9145,9480,8944,9580,9638,11068,9673,10128,8818,9915,9840,10494,8265,8856,7694,6797,4356,4052,9181,8515,5712,4510,3203,2915,9289,8038,4919,3997,3196,2793
E1A,1020,484,9844,8672,9378,9193,9519,9556,9958,9047,8482,8287,6645,5194,10076,9130,9819,9833,9629,9428,10803,9355,10416,10781,10255,10497,11159,11140,12910,13792,13445,14605,10116,8765,8143,7555,5431,4322,9726,7726,5588,3829,2824,2555,9950,7459,5011,3924,3077,2765,9092,11143,11008,10235,10785,12372,10191,10791,10584,11995,11138,13306,8177,9177,9845,9729,8966,9778,9069,9418,8867,9546,9581,10962,9623,10084,8797,9880,9782,10430,8277,8819,7715,6804,4376,4050,9122,8479,5692,4505,3224,2933,9231,8029,4912,4014,3225,2801
E1A,1020,485,9577,8488,9132,8983,9333,9318,9767,8838,8335,8135,6513,5098,9865,8925,9565,9606,9399,9181,10582,9125,10193,10534,9997,10261,10923,10931,12626,13480,13145,14280,9863,8584,7910,7410,5327,4243,9509,7593,5506,3752,2822,2545,9723,7339,4950,3894,3051,2756,8877,10817,10721,10020,10479,12021,9954,10504,10348,11714,10850,12948,8011,8945,9584,9502,8735,9564,8840,9183,8697,9325,9393,10702,9384,9865,8566,9675,9550,10192,8090,8616,7522,6672,4281,3996,8909,8284,5561,4435,3213,2921,9012,7851,4818,3963,3199,2796
E1A,1020,486,9496,8430,9083,8961,9261,9329,9680,8748,8269,8136,6490,5086,9753,8809,9455,9536,9319,9153,10458,9080,10096,10400,9927,10148,10817,10767,12544,13348,13020,14099,9813,8556,7910,7385,5321,4245,9480,7523,5507,3778,2849,2590,9681,7291,4948,3925,3097,2825,8851,10737,10664,9918,10382,11919,9866,10441,10227,11630,10776,12799,7941,8899,9491,9391,8606,9438,8804,9152,8646,9241,9331,10645,9306,9813,8522,9599,9478,10097,8056,8570,7477,6650,4279,3991,8876,8278,5595,4459,3213,2967,8978,7839,4828,3986,3239,2843
E1A,1020,487,9510,8421,9079,8901,9231,9255,9661,8803,8309,8085,6537,5099,9775,8835,9409,9452,9270,9124,10471,9072,10135,10363,9890,10099,10846,10777,12502,13343,13016,14070,9818,8546,7983,7417,5353,4309,9455,7586,5529,3828,2921,2646,9663,7338,5011,3981,3163,2891,8767,10703,10606,9868,10361,11913,9873,10394,10175,11520,10696,12740,7911,8848,9479,9310,8588,9410,8828,9132,8635,9273,9296,10603,9301,9791,8564,9549,9521,10098,8055,8600,7499,6679,4309,4057,8879,8305,5647,4525,3309,3038,8982,7868,4868,4023,3283,2923
E1A,1020,488,9462,8365,9041,8879,9207,9241,9610,8785,8308,8121,6558,5159,9740,8777,9417,9441,9238,9093,10435,9016,10031,10375,9842,10040,10787,10731,12449,13261,12908,13950,9781,8554,7961,7417,5370,4355,9437,7546,5557,3916,2991,2715,9645,7326,5039,4024,3266,2967,8801,10684,10574,9810,10274,11809,9797,10360,10149,11436,10605,12540,7914,8823,9430,9217,8508,9308,8771,9116,8578,9218,9286,10530,9268,9789,8530,9573,9472,10057,8030,8600,7537,6708,4367,4113,8850,8294,5656,4556,3366,3117,8975,7863,4899,4103,3366,3015
E1A,1020,489,9487,8387,9045,8926,9262,9270,9690,8819,8350,8161,6610,5198,9769,8846,9439,9486,9255,9084,10465,9060,10098,10378,9842,10043,10823,10780,12444,13235,12951,13983,9803,8619,8042,7522,5473,4447,9507,7674,5676,3999,3123,2825,9739,7405,5110,4138,3380,3097,8806,10687,10536,9848,10285,11786,9794,10337,10111,11430,10547,12570,7941,8813,9410,9258,8510,9345,8832,9169,8645,9240,9317,10554,9368,9837,8553,9645,9521,10138,8110,8660,7618,6816,4439,4216,8930,8393,5749,4665,3486,3269,9043,7958,4979,4229,3532,3134
E1A,1020,490,9664,8655,9290,9128,9450,9500,9941,9077,8632,8409,6833,5411,9961,9050,9653,9673,9465,9306,10694,9253,10289,10565,10055,10264,11107,10997,12730,13550,13217,14238,10061,8864,8284,7778,5682,4650,9745,7918,5887,4220,3286,3026,9965,7667,5349,4380,3597,3334,9012,10899,10805,10009,10449,11977,10040,10525,10285,11628,10717,12704,8128,9009,9584,9380,8638,9496,9013,9360,8889,9544,9489,10818,9571,10074,8753,9857,9754,10338,8285,8937,7862,7048,4617,4427,9161,8619,5909,4900,3682,3501,9250,8165,5192,4446,3762,3370
E1A,1020,491,9837,8748,9396,9278,9579,9662,10118,9215,8739,8605,6967,5523,10114,9180,9770,9789,9602,9399,10819,9385,10389,10719,10178,10326,11225,11131,12896,13689,13331,14376,10249,9066,8484,7976,5855,4824,9926,8065,6088,4414,3479,3221,10158,7781,5489,4616,3820,3544,9162,11009,10908,10101,10577,12126,10179,10659,10408,11714,10783,12728,8227,9123,9665,9407,8646,9507,9160,9519,9049,9644,9640,10888,9732,10222,8878,10002,9909,10502,8427,9089,8043,7236,4784,4591,9307,8833,6092,5099,3893,3702,9408,8383,5357,4658,3981,3587
E1A,1020,492,10115,9034,9650,9519,9844,9966,10369,9526,9054,8872,7249,5751,10363,9389,10031,10081,9845,9681,11113,9663,10679,10933,10400,10558,11510,11464,13197,14033,13628,14663,10534,9335,8760,8291,6068,5087,10235,8409,6341,4675,3731,3456,10432,8099,5795,4889,4118,3848,9387,11334,11139,10323,10756,12331,10427,10903,10629,11922,10938,12885,8487,9304,9814,9621,8783,9697,9447,9855,9288,9944,9893,11160,10024,10548,9189,10306,10204,10808,8717,9377,8336,7534,5026,4852,9589,9106,6387,5355,4175,4013,9715,8685,5582,4908,4263,3866
E1A,1020,493,10582,9445,10133,9985,10255,10395,10861,9987,9501,9387,7702,6144,10816,9861,10484,10553,10262,10109,11585,10063,11086,11421,10793,10989,11997,11959,13810,14648,14161,15230,11041,9870,9351,8824,6517,5480,10788,8854,6787,5112,4158,3876,10962,8547,6175,5316,4559,4300,9863,11737,11571,10762,11179,12751,10861,11332,10996,12301,11258,13311,8827,9686,10171,9915,9135,10027,9888,10284,9730,10373,10335,11654,10519,11051,9607,10809,10724,11332,9158,9888,8861,8052,5386,5255,10052,9630,6783,5849,4607,4470,10181,9160,5997,5384,4769,4328
E1A,1020,494,11102,9938,10582,10448,10783,10890,11403,10506,10039,9932,8148,6534,11341,10302,10970,10949,10728,10564,12130,10509,11614,11894,11252,11410,12588,12560,14424,15226,14802,15808,11599,10436,9858,9388,6959,5935,11350,9398,7272,5555,4609,4306,11556,9027,6635,5819,5057,4783,10279,12293,12079,11189,11623,13295,11370,11790,11400,12768,11666,13706,9270,10071,10548,10297,9397,10363,10389,10788,10253,10911,10821,12161,10984,11584,10094,11319,11196,11867,9623,10479,9363,8546,5776,5720,10536,10182,7236,6340,5033,4966,10719,9729,6473,5830,5254,4817
E1A,1020,495,11770,10570,11308,11127,11472,11615,12141,11210,10766,10671,8785,7083,12081,10897,11672,11663,11348,11161,12868,11217,12351,12615,11942,12075,13409,13290,15261,16181,15611,16680,12353,11146,10675,10194,7610,6538,12151,10165,7976,6210,5203,4908,12348,9720,7321,6518,5772,5485,10923,13011,12703,11795,12226,13913,12074,12542,12021,13399,12241,14267,9862,10649,11087,10785,9854,10865,11088,11569,10955,11662,11547,12865,11766,12378,10805,12098,11942,12644,10316,11255,10107,9301,6357,6349,11290,10919,7914,7024,5713,5659,11475,10490,7084,6484,5947,5484
E1A,1020,496,12519,11284,11968,11817,12179,12302,12887,11946,11485,11399,9456,7635,12817,11606,12352,12325,12009,11803,13578,11822,12976,13349,12530,12642,14197,14062,16118,16977,16365,17482,13156,11900,11409,10946,8208,7189,12914,10940,8640,6864,5858,5549,13107,10430,7937,7231,6482,6201,11569,13691,13416,12404,12847,14652,12803,13166,12624,13961,12734,14850,10350,11232,11628,11244,10265,11307,11760,12270,11638,12373,12182,13519,12423,13083,11452,12859,12749,13366,10932,12028,10860,10050,6971,6995,12034,11680,8601,7749,6390,6415,12228,11235,7683,7175,6699,6214
E1A,1020,497,13351,12113,12813,12624,13059,13198,13865,12858,12406,12384,10294,8356,13683,12432,13187,13201,12858,12620,14489,12614,13856,14171,13334,13449,15175,15081,17154,18111,17456,18558,14120,12867,12421,11949,9003,8005,13899,11826,9515,7701,6597,6323,14102,11298,8779,8133,7362,7071,12338,14587,14259,13215,13650,15498,13693,14000,13389,14777,13397,15605,11091,12018,12337,11928,10820,11963,12648,13188,12538,13261,13092,14439,13381,14021,12331,13770,13578,14273,11822,13029,11818,11007,7711,7782,13011,12700,9388,8621,7280,7354,13162,12220,8509,8053,7621,7154
E1A,1020,498,14366,13003,13854,13614,13980,14233,14896,13866,13449,13507,11238,9164,14710,13293,14191,14111,13773,13571,15592,13543,14805,15123,14271,14325,16325,16215,18466,19406,18617,19755,15345,14062,13612,13178,9972,8967,15002,13018,10580,8759,7578,7254,15225,12330,9709,9220,8450,8195,13273,15585,15245,14033,14460,16386,14681,15018,14243,15688,14104,16384,11873,12782,13078,12635,11481,12669,13621,14253,13513,14250,14016,15442,14428,15203,13393,14906,14670,15447,12818,14211,12909,12078,8553,8782,14071,13824,10379,9733,8290,8425,14174,13280,9452,9108,8716,8226
E1A,1020,499,15841,14368,15277,14963,15465,15772,16446,15376,14933,15012,12581,10303,16212,14687,15578,15571,15087,14843,17108,14833,16245,16637,15569,15581,17923,17717,20172,21116,20249,21395,16899,15528,15039,14757,11215,10203,16640,14490,11954,10088,8865,8544,16886,13790,11010,10617,9963,9620,14668,17108,16677,15359,15728,17859,16160,16415,15515,17062,15306,17686,13142,13995,14273,13739,12405,13734,15002,15780,14936,15836,15441,16949,15909,16651,14664,16345,16059,16846,14137,15734,14431,13526,9702,10043,15537,15396,11746,11179,9574,9890,15742,14802,10720,10488,10230,9665
E1A,1020,500,17158,15624,16549,16326,16784,17064,17913,16739,16337,16497,13870,11391,17599,15941,16934,16833,16342,16066,18511,16112,17577,17896,16791,16757,19365,19216,21661,22766,21721,22920,18321,17001,16595,16286,12483,11482,18179,15947,13328,11435,10109,9801,18360,15068,12318,12009,11387,11078,15894,18560,18008,16508,16904,19189,17541,17681,16765,18264,16281,18793,14219,15088,15346,14754,13263,14724,16340,17130,16279,17167,16774,18241,17278,18088,15982,17768,17483,18254,15398,17203,15824,14933,10820,11281,16932,16855,12980,12587,11005,11335,17138,16259,11932,11860,11665,11035
E1A,1020,501,18728,17039,18083,17753,18271,18609,19589,18349,17903,18107,15323,12607,19168,17338,18407,18334,17786,17501,20175,17570,19092,19398,18141,18105,21036,20835,23521,24658,23447,24697,20035,18711,18330,18000,13860,12908,19838,17632,14892,12995,11605,11252,20109,16678,13857,13727,13093,12784,17233,20103,19467,17833,18242,20637,19070,19175,18036,19656,17442,19989,15441,16409,16514,15800,14241,15843,17876,18691,17784,18821,18302,19843,18791,19690,17465,19348,19048,19917,16850,19008,17535,16613,12116,12755,18519,18613,14534,14277,12563,13101,18737,17962,13448,13453,13444,12760
E1A,1020,502,21007,19177,20234,19924,20469,20914,22012,20599,20169,20600,17456,14398,21451,19517,20608,20492,19898,19576,22481,19561,21290,21604,20142,20181,23528,23316,26242,27331,26066,27384,22624,21171,20785,20543,15877,14992,22416,19979,17129,15243,13744,13438,22640,18844,16013,16127,15407,15198,19357,22455,21737,19840,20268,22803,21303,21388,20094,21803,19252,21965,17350,18275,18322,17576,15781,17610,19980,21049,20049,21043,20532,22151,21108,22194,19573,21697,21332,22239,19031,21488,19955,19042,13993,14891,20882,21126,16660,16668,14826,15499,21195,20384,15485,15771,15929,15136
E1A,1020,503,22860,20921,22106,21789,22369,22837,24062,22646,22209,22667,19265,15973,23424,21268,22421,22290,21626,21301,24467,21289,23118,23409,21921,21747,25560,25311,28441,29504,28082,29456,24642,23140,22884,22671,17558,16765,24521,22071,19115,17158,15694,15370,24756,20814,17897,18303,17671,17428,21070,24394,23511,21489,21862,24666,23261,23263,21722,23537,20724,23554,18872,19778,19826,18931,16992,18966,21803,22935,21940,23013,22381,24053,23028,24108,21366,23651,23204,24100,20792,23512,21971,20983,15676,16786,22816,23195,18612,18764,16851,17687,23198,22401,17258,17844,18150,17412
E1A,1020,504,25196,23099,24364,23928,24678,25255,26618,25099,24594,25115,21486,17838,25823,23405,24727,24558,23897,23536,27019,23398,25442,25768,23963,23836,28161,27786,31164,32328,30614,32058,27252,25685,25515,25385,19724,19078,27148,24597,21448,19637,18050,17673,27326,23098,20277,20977,20325,20085,23288,26812,25744,23488,23896,26948,25583,25473,23773,25726,22519,25566,20737,21807,21715,20768,18595,20743,24013,25416,24248,25342,24597,26452,25384,26693,23646,26088,25553,26574,22993,26156,24440,23476,17758,19050,25307,25695,20864,21397,19409,20473,25698,24965,19521,20383,20903,20106
E1A,1020,505,27815,25530,26870,26406,27143,27808,29344,27751,27308,28102,23865,19950,28464,25762,27249,26970,26300,25912,29710,25789,27982,28319,26457,26195,30927,30511,34176,35509,33484,34952,30031,28413,28197,28167,22024,21409,29911,27258,24064,22263,20682,20260,30220,25718,22807,23751,23318,23114,25523,29411,28284,25772,26113,29467,28230,27978,26120,28181,24562,27804,22914,23879,23847,22820,20343,22867,26535,28052,26740,28040,27129,29047,27952,29288,25993,28752,28245,29274,25383,28922,27140,26297,19908,21616,27841,28498,23322,24291,22117,23424,28181,27706,21914,23212,23860,22984
E1A,1020,506,30319,27935,29302,28942,29700,30436,32148,30434,30015,30773,26363,22006,31131,28170,29828,29580,28701,28305,32475,28134,30526,30825,28685,28470,33760,33264,37114,38478,36293,37816,32790,31235,31136,31141,24419,23961,32902,30084,26824,25133,23466,23059,33258,28312,25560,26899,26415,26209,27950,32106,30797,27949,28380,31926,30837,30513,28474,30592,26662,30015,25006,26045,25970,24817,22166,24964,28979,30550,29340,30688,29667,31635,30596,32088,28481,31371,30728,31948,27885,31884,29954,29064,22169,24251,30657,31412,25982,27292,25056,26663,31025,30586,24548,26173,27068,26122
E1A,1020,507,33055,30403,32121,31552,32385,33303,35172,33310,32908,33915,29049,24268,33935,30757,32497,32360,31463,30981,35470,30791,33296,33667,31331,31117,36877,36302,40426,41963,39360,40902,35829,34246,34248,34320,26936,26694,36140,33104,29691,28292,26483,26061,36258,31029,28437,30164,29870,29595,30503,34967,33551,30472,30790,34647,33684,33221,30974,33311,28909,32584,27305,28444,28313,27077,24216,27328,31717,33500,32186,33569,32325,34472,33464,34996,31102,34285,33621,34738,30455,34951,32993,32097,24732,27135,33471,34493,28876,30553,28147,30028,33903,33566,27281,29250,30514,29448
E1A,1020,508,36196,33431,35051,34538,35474,36529,38525,36563,36214,37341,32086,26830,37201,33770,35521,35473,34311,33953,38743,33618,36344,36851,34125,33718,40160,39460,43904,45412,42641,44233,39303,37589,37566,37838,29810,29763,39551,36468,33006,31668,29996,29520,39754,34161,31600,33991,33703,33557,33411,38163,36482,33099,33553,37580,36920,36312,33823,36294,31480,35428,29866,31059,30911,29706,26476,29924,34639,36719,35041,36690,35365,37544,36529,38253,33927,37392,36713,37932,33335,38271,36263,35318,27488,30388,36635,37869,32085,34368,31814,34070,37207,36847,30504,33070,34506,33438
E1A,1020,509,39290,36198,37890,37367,38285,39411,41715,39544,39267,40506,34853,29250,40224,36448,38482,38338,37227,36675,41902,36337,39373,39640,36870,36428,43387,42641,47361,48889,45928,47556,42680,40818,40958,41256,32640,32802,42798,39674,36316,35085,33312,32880,43134,37217,34920,37783,37614,37462,36187,41240,39499,35794,36031,40624,39857,39317,36512,39209,33947,38078,32382,33621,33551,32175,28657,32457,37572,39807,38046,39645,38263,40685,39587,41331,36814,40493,39658,41046,36219,41690,39548,38614,30290,33705,39894,41326,35150,38081,35389,37900,40509,40267,33588,36665,38472,37212
E1A,1020,510,41863,38588,40365,39812,40874,42123,44583,42217,42001,43357,37299,31301,42963,38874,40922,40822,39655,39251,44593,38847,41998,42367,39312,38797,46227,45284,50434,51875,48571,50420,45543,43733,43895,44199,35048,35418,45910,42423,39057,38204,36381,36085,46110,39901,37949,41227,41060,41128,38526,43922,41936,38043,38337,43017,42550,41774,38878,41743,36058,40481,34461,35780,35652,34394,30525,34771,40006,42260,40608,42380,40676,43191,42282,44090,39235,43105,42217,43635,38630,44661,42268,41374,32736,36667,42624,44128,37968,41404,38663,41444,43086,43148,36265,40001,42069,40881
E1A,1020,511,44392,41030,43021,42376,43558,44722,47388,44967,44747,46275,39812,33490,45748,41320,43705,43393,42186,41800,47357,41253,44504,44954,41856,41252,49086,48106,53405,54954,51395,53268,48399,46447,46749,47209,37433,38286,48792,45199,41964,41336,39648,39254,49081,42653,40926,44701,44769,44609,40936,46773,44476,40282,40614,45668,45112,44392,41205,44240,38283,42930,36704,38101,38019,36732,32582,37196,42657,44995,43236,45031,43318,45804,44899,46799,41610,45588,44828,46228,41103,47513,45072,44328,35171,39514,45179,47215,40789,44833,42002,45121,45842,46030,39132,43358,45800,44372
E1A,1020,512,47324,43787,45787,45139,46360,47885,50683,47966,47795,49464,42623,35964,48816,43932,46479,46433,45003,44578,50589,43935,47494,47914,44609,43921,52293,51142,56686,58298,54460,56618,51640,49685,50091,50633,40155,41364,52069,48595,45339,44997,43156,42908,52496,45572,44340,48775,48875,48942,43698,49529,47362,42859,43265,48585,48139,47149,44058,47294,40820,45706,39068,40730,40744,39228,34857,39875,45245,48006,45993,48107,46060,48822,47880,49899,44335,48790,47663,49378,43800,50692,48399,47538,38084,42903,48401,50515,44054,48874,45826,49219,49045,49271,42484,47186,49927,48527
E1A,1020,513,49208,45597,47563,46988,48253,49720,52750,49930,49742,51590,44453,37483,50618,45796,48418,48206,46815,46331,52810,45730,49398,49753,46368,45604,54143,53082,58832,60627,56545,58610,53815,51718,52159,52897,41997,43427,54338,50615,47600,47505,45903,45493,54690,47588,46747,51604,51727,51948,45391,51584,49280,44442,44889,50445,50097,49276,45807,49208,42487,47655,40595,42424,42372,41012,36521,41750,47157,49888,47940,49913,48074,50744,49898,51873,46152,50759,49601,51222,45708,52963,50426,49726,39948,45347,50469,52733,46299,51596,48661,52237,51018,51387,44726,50015,53031,51674
E1A,1020,514,50886,47146,49326,48475,50047,51470,54630,51867,51733,53610,46139,39003,52461,47515,50268,49895,48520,48093,54658,47426,51274,51735,48019,47199,56224,54947,60728,62664,58473,60577,55808,53703,54172,55004,43737,45441,56265,52642,49692,49936,48269,48108,56692,49492,49069,54446,54805,54831,46986,53439,51092,46031,46499,52171,52002,50904,47477,50978,43973,49394,42228,43991,44155,42676,37950,43416,48858,51696,49696,51897,49796,52563,51571,53772,47752,52497,51380,53127,47362,54797,52213,51807,41811,47714,52238,54652,48297,54195,51251,55175,53017,53316,46868,52794,56001,54562
E1A,1020,515,52092,48270,50475,49705,51084,52793,55960,53240,52981,54996,47401,40092,53827,48630,51426,51372,49969,49449,55977,48642,52487,52974,49269,48426,57648,56263,62188,64168,59834,61981,57323,55190,55531,56569,45017,47102,57954,54121,51369,51847,50447,50225,58014,50799,50659,56633,57038,57350,48095,54622,52244,47050,47448,53463,53264,52124,48516,52356,45081,50536,43374,45195,45426,44101,39181,44904,50165,53002,50806,53034,50965,53815,52982,55218,49067,53837,52737,54413,48519,56416,53689,53240,43354,49611,53461,56150,49971,56450,53412,57588,54245,54981,48620,54910,58341,56779
E1A,1020,516,53087,49253,51421,50648,51976,53841,57114,54227,54005,56083,48385,40870,54871,49593,52530,52219,50853,50491,56942,49569,53511,54164,50193,49436,58626,57221,63195,65223,60725,62870,58357,56073,56682,57655,45951,48308,59022,55281,52691,53570,52126,51965,59488,51863,52329,58735,59091,59318,48900,55689,53221,47890,48423,54253,54169,53176,49547,53277,45909,51493,44105,46074,46244,45072,40135,46034,51006,54110,51733,54112,51906,55025,53905,55995,49930,54663,53551,55431,49480,57440,54737,54403,44365,51061,54666,57411,51232,58109,55207,59548,55413,56059,49928,56683,60174,58941
E1A,1020,517,53375,49415,51576,50779,52158,53903,57341,54334,54298,56355,48689,41043,55179,49597,52763,52487,51067,50656,57322,49704,53968,54240,50496,49644,58903,57353,63404,65351,60748,63056,58555,56479,57058,58180,46425,49038,59425,55569,53288,54266,53154,53009,59990,52378,53095,59673,60094,60540,49076,55883,53413,48092,48625,54544,54476,53553,49719,53631,46261,51841,44435,46235,46690,45410,40425,46609,51249,54151,52015,54281,52245,55071,54079,56119,50042,54946,53899,55694,49734,57737,55213,54946,44943,51860,54917,57642,51831,59097,56308,60860,55903,56318,50533,57675,61228,60122
E1A,1020,518,53112,49221,51396,50524,52091,53827,57283,54309,54286,56344,48669,41175,54875,49600,52665,52519,51010,50716,57174,49500,53713,54225,50389,49635,58736,57175,63270,65049,60498,62543,58700,56363,56962,58113,46395,49103,59373,55453,53403,54716,53606,53424,59813,52255,53344,60257,60648,61140,48942,55707,53168,47847,48285,54458,54347,53407,49705,53429,45956,51896,44187,46365,46890,45703,40648,46792,51108,54027,51999,54212,52082,55030,53909,56188,49986,54892,53733,55546,49587,57764,55039,54830,45134,52135,54733,57582,51933,59560,56856,61513,55696,56409,50887,58160,62043,60748
E1A,1020,519,52584,48658,50789,50091,51493,53308,56715,53576,53654,55807,48216,40773,54495,49191,52145,51953,50656,50194,56660,49152,53215,53821,49920,49192,58147,56776,62610,64493,59901,62131,58120,56069,56527,57744,46125,48838,58864,55046,53234,54617,53462,53386,59329,51800,53145,60296,60809,61259,48464,55184,52559,47359,47785,53895,53842,52786,49181,53002,45660,51483,43867,46017,46592,45596,40336,46581,50589,53594,51461,53648,51613,54448,53463,55761,49557,54377,53262,55081,49156,57230,54569,54433,44891,52021,54439,57178,51751,59493,56915,61460,55281,56004,50973,58243,62231,60884
E1A,1020,520,51430,47511,49637,48905,50266,52118,55534,52423,52510,54630,47112,39855,53193,48005,50951,50886,49515,49064,55381,48059,51961,52582,48739,48027,56771,55308,61129,62841,58577,60716,56794,54695,55228,56418,45059,48193,57568,53881,52231,53734,52785,52616,58059,50772,52317,59443,59924,60590,47295,53899,51531,46313,46754,52721,52624,51629,48142,51940,44588,50341,42836,45001,45614,44640,39612,45894,49420,52381,50169,52433,50363,53147,52300,54497,48165,53100,52057,53616,48035,55960,53505,53205,44164,51398,53275,55846,50930,58631,56102,60836,53905,54858,49912,57406,61242,60010
E1A,1020,521,49888,46231,48244,47530,48868,50718,53932,51114,51163,53126,45899,38847,51919,46806,49763,49590,48258,47915,53990,46817,50681,51340,47744,46868,55410,53890,59598,61296,56992,58977,55515,53391,53888,54987,43944,46978,56137,52522,50967,52620,51798,51761,56597,49466,51240,58470,58997,59468,46023,52466,50026,45018,45559,51316,51292,50310,46940,50521,43511,49018,41830,43949,44560,43609,38786,44903,48219,51012,49016,51006,49141,51936,50942,53106,47055,51868,50704,52289,46907,54646,52107,52007,43101,50189,51774,54506,49722,57478,55012,59597,52644,53494,48815,56497,59998,58982
E1A,1020,522,47976,44426,46342,45658,46943,48739,51998,49128,49130,51139,44119,37330,49918,45041,47813,47769,46332,46005,51982,44926,48794,49410,45885,45130,53152,51808,57381,59006,54854,56528,53297,51293,51848,52947,42299,45379,54029,50587,49170,50819,50096,50308,54402,47657,49518,56514,56881,57607,44251,50432,48159,43353,43707,49303,49244,48230,45070,48635,41824,47162,40184,42209,42943,42187,37319,43257,46317,49097,47189,49177,47228,49954,49053,51062,45334,49831,48727,50424,45114,52586,50167,50069,41498,48525,49848,52401,48084,55659,53209,57753,50562,51516,47212,54550,58205,57066
E1A,1020,523,46326,42821,44819,44012,45373,47022,50233,47435,47331,49313,42630,36033,48202,43416,46105,46134,44828,44406,50258,43575,47169,47707,44351,43578,51465,50211,55440,56925,53026,54904,51381,49421,50010,51141,40898,43948,52265,48879,47635,49217,48618,48661,52565,46001,48009,54576,55169,55810,42740,48815,46531,41881,42236,47637,47463,46535,43509,47008,40531,45583,38920,40862,41564,40768,36268,41887,44731,47511,45502,47569,45619,48241,47335,49285,43774,48092,47174,48696,43534,50802,48400,48311,40221,47035,48085,50591,46518,53971,51659,56008,48947,49668,45768,52850,56289,55313
E1A,1020,524,44124,40870,42604,41956,43105,44720,47879,45271,45215,46999,40635,34358,45949,41528,43916,43976,42732,42392,47939,41472,44907,45388,42220,41539,49127,47668,52691,54344,50539,52368,49119,47228,47715,48726,38981,41918,49796,46671,45459,47076,46526,46475,50310,43787,45829,52343,52726,53420,40672,46480,44338,39859,40317,45449,45335,44533,41392,44854,38504,43524,37074,38970,39707,38950,34555,40069,42667,45195,43423,45232,43398,45948,45206,47030,41730,45843,44929,46447,41499,48368,46189,46141,38543,44932,46071,48229,44445,51663,49485,53518,46767,47518,43714,50549,54004,52887
E1A,1020,525,41715,38590,40269,39661,40870,42328,45321,42904,42805,44389,38471,32541,43526,39336,41616,41480,40421,40231,45341,39218,42583,43053,39942,39445,46467,45214,50101,51442,47917,49513,46349,44708,45093,46053,36849,39762,47082,44083,43129,44542,44002,44232,47529,41482,43497,49612,50195,50584,38490,43861,41937,37807,38096,42930,42858,42116,39354,42472,36503,41120,35049,36900,37620,36985,32844,38067,40409,42930,41090,42862,41243,43499,42758,44524,39432,43373,42511,43963,39185,45672,43656,43585,36375,42706,43433,45667,42115,48978,46821,50766,44134,44899,41517,48015,51164,50203
E1A,1020,526,39552,36539,38158,37535,38688,40294,43053,40723,40631,42311,36496,30914,41310,37326,39523,39431,38412,38178,43090,37288,40445,40815,37914,37369,44170,42975,47487,48833,45499,47100,44148,42453,42891,43834,35137,37751,44764,41983,41036,42382,41863,41996,45176,39562,41337,47298,47702,48193,36599,41671,39721,35846,36222,40970,40663,39916,37312,40340,34669,39119,33278,35033,35702,35201,31199,36189,38398,40640,39014,40796,39074,41308,40607,42272,37501,41254,40348,41796,37397,43534,41527,41410,34671,40490,41233,43346,39980,46420,44551,48272,41997,42707,39477,45803,48653,47847
E1A,1020,527,37319,34522,36130,35437,36567,37866,40663,38417,38355,39773,34418,29108,39039,35219,37298,37180,36270,36016,40680,35244,38133,38574,35872,35391,41686,40600,44894,46257,42896,44598,41572,40109,40540,41400,33036,35681,42373,39511,38686,39894,39564,39598,42682,37262,39098,44663,44997,45476,34470,39301,37588,33893,34249,38668,38410,37663,35230,37969,32693,36918,31425,33250,33795,33265,29511,34223,36220,38389,36816,38440,36919,38987,38263,39960,35447,38942,38146,39484,35272,41091,39271,39088,32675,38242,39057,40919,37792,43884,42116,45630,39546,40356,37331,43162,45958,45062
E1A,1020,528,36039,33402,34870,34214,35336,36597,39216,37116,37070,38435,33282,28146,37689,33996,35957,35861,34958,34783,39314,34021,36871,37361,34635,34040,40300,39170,43405,44582,41314,43053,40250,38690,39165,40013,31915,34255,40752,38264,37363,38510,38167,38211,41215,35968,37766,43141,43405,43898,33325,38037,36272,32734,33028,37303,37090,36386,33977,36691,31603,35643,30383,32047,32756,32112,28510,33084,34942,37018,35704,37079,35591,37680,36942,38556,34132,37529,36806,38177,33942,39586,37873,37682,31412,36963,37620,39612,36608,42382,40564,44016,38223,38899,35926,41697,44402,43558
E1A,1020,529,34277,31720,33087,32607,33609,34851,37227,35131,35058,36438,31502,26681,35752,32158,34176,34123,33185,33052,37317,32334,35021,35402,32898,32398,38293,37282,41091,42469,39369,41048,38167,36793,37090,37915,30280,32628,38912,36239,35500,36674,36220,36141,39046,34111,35826,40967,41208,41580,31655,36155,34529,31107,31395,35509,35073,34469,32202,34839,29962,33959,28803,30368,31061,30559,27017,31448,33122,35158,33788,35308,33892,35780,35048,36692,32474,35733,35042,36151,32300,37682,35888,35867,29939,35021,35774,37550,34671,40171,38474,41612,36222,36802,34156,39582,42078,41252
E1A,1020,530,33280,30746,32103,31601,32603,33819,36255,34234,34123,35562,30632,25935,34770,31374,33242,33202,32289,32129,36257,31380,34028,34424,31883,31495,37244,36199,40043,41257,38262,39872,37123,35687,36066,36744,29380,31686,37660,35224,34474,35452,35180,35103,37960,33165,34805,39639,39802,40421,30719,35032,33547,30112,30452,34422,34182,33652,31382,33888,29167,33014,27989,29610,30131,29666,26366,30481,32268,34233,32812,34275,32970,34810,34107,35553,31637,34640,33960,35180,31305,36549,34870,34828,29061,34037,34719,36476,33628,39004,37284,40433,35227,35748,33097,38392,40765,40059
E1A,1020,531,31725,29293,30729,30267,31121,32270,34473,32587,32635,33912,29257,24779,33170,29888,31666,31648,30859,30635,34581,29999,32527,32885,30550,30041,35547,34518,38199,39432,36726,38102,35430,34106,34425,35161,28019,30157,35944,33649,32903,33829,33384,33597,36254,31635,33205,37884,38130,38556,29382,33474,32022,28767,29046,32895,32698,32066,29964,32371,27884,31567,26799,28247,28812,28349,25076,29220,30829,32696,31449,32737,31464,33345,32645,34034,30281,33085,32545,33663,29923,34921,33363,33215,27742,32428,33158,34910,32056,37187,35494,38506,33607,34246,31643,36711,38929,38259
E1A,1020,532,30442,28191,29502,29074,29957,31035,33246,31352,31311,32662,28152,23792,31953,28737,30500,30435,29698,29469,33388,28848,31324,31524,29323,28941,34199,33218,36850,37862,35383,36727,34144,32710,33100,33746,26922,28967,34570,32249,31641,32536,32156,32207,34874,30401,31917,36356,36518,36927,28255,32124,30760,27651,27993,31708,31406,30947,28752,31158,26831,30323,25768,27179,27744,27309,24178,28073,29567,31433,30205,31472,30251,31991,31324,32705,29046,31934,31267,32278,28763,33536,32005,32015,26645,31156,31915,33537,30777,35835,34197,37030,32323,32936,30465,35230,37457,36653
E1A,1020,533,29162,26964,28219,27764,28623,29647,31740,29986,29969,31096,26888,22811,30463,27473,29053,29127,28436,28063,31802,27512,29879,30256,28098,27691,32739,31772,35291,36308,33871,35211,32562,31315,31584,32353,25783,27678,33098,30912,30132,30998,30660,30761,33384,29112,30390,34722,34910,35288,26963,30752,29340,26447,26817,30213,30045,29410,27488,29719,25638,29040,24564,26021,26402,26052,23112,26824,28308,30107,28874,30192,28895,30599,30042,31205,27841,30455,29837,31002,27468,32063,30566,30427,25420,29716,30430,32050,29459,34107,32616,35319,30937,31305,29148,33618,35676,34986
E1A,1020,534,27875,25794,26983,26596,27402,28350,30317,28669,28664,29774,25735,21776,29164,26272,27823,27834,27212,26905,30547,26377,28597,28901,26848,26463,31237,30462,33751,34812,32481,33717,31213,29989,30305,30861,24637,26393,31584,29479,28710,29591,29288,29222,31873,27779,29129,33049,33241,33603,25785,29430,28239,25354,25684,29013,28660,28243,26405,28479,24470,27678,23563,24827,25281,24919,22100,25640,27053,28747,27557,28785,27654,29280,28641,29923,26619,29248,28663,29613,26273,30729,29294,29188,24305,28390,29167,30598,28138,32460,31112,33710,29610,29986,27708,31995,34022,33316
E1A,1020,535,27042,24983,26107,25713,26446,27424,29342,27778,27669,28824,24837,20988,28212,25356,26848,26941,26255,26001,29525,25576,27672,27991,25962,25653,30299,29438,32693,33719,31326,32510,30132,28978,29216,29813,23790,25542,30487,28509,27881,28478,28194,28210,30813,26813,28018,31896,32097,32394,24972,28499,27204,24556,24844,28054,27784,27349,25446,27546,23781,26815,22750,24062,24476,24046,21367,24794,26147,27753,26662,27869,26738,28318,27782,28951,25660,28190,27602,28633,25402,29643,28205,28174,23380,27281,28163,29626,27062,31342,29861,32434,28669,28984,26769,30898,32807,32239
E1A,1020,536,26156,24135,25294,24906,25564,26558,28369,26876,26876,27884,24088,20420,27297,24612,26054,26097,25406,25226,28614,24696,26837,27147,25188,24822,29288,28484,31577,32645,30352,31575,29199,28003,28341,28880,22971,24609,29571,27601,26773,27545,27174,27236,29850,25980,27121,30804,30888,31242,24122,27636,26305,23769,24019,27203,26951,26497,24718,26698,22979,25945,22098,23280,23691,23303,20684,24018,25359,26972,25810,26997,25885,27436,26848,28038,24853,27341,26679,27678,24593,28653,27352,27175,22682,26335,27298,28588,26273,30239,28819,31277,27708,28122,25784,29861,31667,31009
E1A,1020,537,25019,23132,24260,23862,24658,25469,27241,25790,25791,26695,23096,19527,26134,23618,25006,24975,24294,24120,27390,23647,25728,25961,24156,23769,28081,27385,30280,31281,29194,30285,27937,26904,27168,27560,22059,23649,28357,26396,25698,26297,25984,26028,28608,24954,25956,29402,29507,29861,23226,26417,25309,22829,23066,26079,25764,25271,23691,25562,22053,24901,21105,22309,22770,22356,19763,23009,24294,25811,24714,25835,24828,26287,25733,26888,23824,26246,25664,26631,23626,27523,26123,26043,21621,25245,26167,27364,25066,28972,27609,29946,26540,26883,24649,28516,30259,29661
E1A,1020,538,24255,22401,23383,23069,23706,24611,26280,24833,24736,25712,22225,18901,25306,22813,24173,24179,23582,23276,26385,22817,24777,25125,23340,22987,27014,26442,29323,30228,28181,29258,26970,25881,26082,26587,21184,22665,27362,25428,24707,25337,25008,24985,27609,24126,25015,28307,28512,28713,22384,25477,24416,21967,22204,25224,24882,24497,22830,24671,21267,24113,20441,21488,21838,21585,19117,22205,23477,24899,23911,24956,23951,25381,24808,25957,22951,25322,24737,25664,22834,26545,25282,25118,20867,24360,25225,26400,24193,27914,26661,28829,25641,26003,23777,27472,29162,28607
E1A,1020,539,23268,21495,22563,22174,22772,23597,25378,23846,23871,24875,21430,18175,24273,21967,23286,23271,22653,22475,25412,22055,23879,24166,22417,22122,26148,25460,28267,29181,27086,28171,26004,24921,25251,25593,20443,21768,26399,24474,23751,24311,24040,23987,26589,23178,24082,27193,27299,27584,21547,24589,23455,21169,21427,24245,23937,23592,22025,23719,20499,23226,19732,20746,21070,20713,18361,21289,22618,23948,22983,24031,23088,24449,23896,25034,22166,24394,23879,24728,21928,25540,24325,24239,20043,23405,24254,25433,23185,26821,25628,27688,24661,24985,22885,26379,28101,27494
E1A,1020,540,22744,21028,21954,21654,22293,23038,24701,23315,23298,24175,20901,17734,23722,21363,22734,22705,22046,21831,24826,21464,23273,23538,21860,21588,25470,24822,27563,28478,26563,27479,25381,24335,24562,25049,20008,21286,25741,23920,23248,23715,23299,23353,25871,22551,23383,26396,26572,26843,20975,23969,22956,20748,20950,23721,23421,22952,21441,23186,20040,22603,19194,20146,20602,20192,17939,20815,22062,23383,22395,23401,22457,23866,23399,24403,21666,23755,23296,24141,21454,24853,23673,23559,19577,22717,23768,24901,22597,26125,24958,26875,24051,24324,22296,25592,27240,26735
E1A,1020,541,22094,20402,21360,21027,21660,22437,24031,22664,22663,23544,20323,17176,23086,20830,22012,21984,21534,21238,24090,20853,22499,22907,21292,20944,24714,24180,26787,27638,25813,26701,24509,23597,23799,24197,19318,20704,24851,23216,22500,22962,22585,22577,25094,21846,22613,25605,25771,25934,20409,23365,22293,20114,20367,23001,22783,22340,20909,22506,19424,21990,18631,19650,19991,19620,17396,20141,21445,22734,21801,22724,21861,23223,22658,23581,20979,22968,22616,23404,20820,24204,23005,22866,18934,21976,23000,24129,21920,25266,24034,26043,23325,23621,21585,24789,26315,25702
E1A,1020,542,21346,19672,20706,20313,20931,21622,23180,21989,21841,22769,19642,16594,22304,20128,21287,21245,20715,20534,23210,20138,21892,22104,20514,20259,23869,23329,25907,26738,24943,25876,23750,22856,23035,23495,18677,19951,24045,22453,21730,22163,21852,21787,24286,21130,21907,24770,24833,25000,19726,22579,21610,19478,19661,22241,21964,21544,20159,21714,18790,21191,18028,18976,19292,18942,16791,19447,20753,22022,21087,21939,21086,22387,21939,22890,20331,22348,21869,22625,20159,23364,22283,22114,18268,21308,22212,23310,21263,24407,23219,25138,22570,22888,20782,23961,25398,24923
E1A,1020,543,20806,19165,20054,19745,20295,21040,22608,21314,21280,22090,19038,16177,21740,19563,20768,20709,20111,19949,22674,19617,21214,21531,20056,19707,23288,22734,25261,26006,24326,25179,23131,22189,22360,22878,18191,19354,23479,21763,21152,21566,21207,21175,23624,20580,21371,24038,24160,24326,19271,21992,20981,18959,19140,21562,21407,21027,19571,21117,18244,20693,17497,18448,18760,18413,16288,18943,20202,21387,20511,21395,20599,21776,21342,22273,19804,21780,21321,22067,19569,22801,21723,21463,17748,20611,21686,22639,20606,23753,22584,24395,21967,22201,20274,23268,24683,24236
E1A,1020,544,20042,18473,19411,19114,19613,20298,21772,20585,20543,21323,18381,15603,20925,18843,20009,19996,19399,19233,21864,18946,20448,20717,19217,18982,22471,21907,24294,25098,23420,24257,22298,21460,21520,21960,17471,18674,22555,20986,20346,20741,20388,20374,22783,19804,20490,23170,23280,23416,18547,21099,20198,18263,18473,20828,20610,20312,18893,20424,17561,19849,16935,17784,18067,17741,15673,18234,19462,20587,19760,20584,19806,21030,20609,21477,19035,20939,20514,21204,18892,21970,20894,20733,17158,19865,20900,21845,19907,22845,21776,23497,21174,21415,19541,22409,23743,23239
E1A,1020,545,19520,18013,18849,18546,19145,19749,21140,20050,19924,20755,17850,15148,20360,18345,19468,19426,18866,18748,21294,18375,19939,20060,18722,18448,21814,21316,23686,24364,22698,23635,21700,20856,21038,21415,17081,18210,21970,20417,19852,20167,19793,19835,22173,19282,19931,22515,22571,22761,18076,20595,19705,17756,17978,20307,20024,19693,18398,19841,17103,19325,16478,17321,17582,17241,15275,17727,18936,20090,19244,20047,19279,20499,19996,20884,18567,20355,19955,20744,18410,21381,20370,20187,16684,19309,20300,21341,19362,22213,21175,22849,20670,20931,18959,21786,23095,22597
E1A,1020,546,18879,17463,18291,18007,18505,19196,20580,19432,19370,20057,17376,14692,19762,17819,18858,18817,18284,18128,20559,17797,19263,19524,18173,17920,21167,20617,22976,23652,22031,22868,21040,20160,20375,20769,16528,17526,21286,19881,19197,19562,19186,19234,21508,18649,19323,21781,21924,22073,17459,19970,19060,17243,17414,19690,19363,19070,17796,19236,16547,18701,15933,16758,17019,16677,14740,17194,18339,19429,18644,19454,18668,19826,19358,20329,17979,19803,19369,20010,17833,20669,19726,19579,16140,18704,19667,20726,18795,21483,20451,22109,19970,20157,18390,21063,22295,21907
E1A,1020,547,18238,16916,17675,17380,17893,18562,19838,18773,18670,19436,16781,14165,19027,17200,18184,18161,17716,17482,19913,17206,18626,18876,17559,17243,20432,19942,22060,22862,21297,22135,20333,19519,19656,20013,15927,17022,20587,19133,18548,18868,18563,18559,20788,18039,18678,21056,21137,21260,16857,19291,18425,16630,16790,18978,18745,18418,17242,18511,16023,18062,15418,16162,16408,16115,14248,16526,17696,18789,18004,18817,18040,19109,18752,19507,17326,19112,18690,19306,17202,19985,19079,18851,15612,18100,18982,19996,18130,20823,19806,21352,19328,19519,17794,20392,21670,21119
E1A,1020,548,17678,16351,17122,16842,17404,17952,19175,18187,18041,18829,16251,13785,18425,16583,17602,17560,17074,16960,19297,16629,18029,18258,16975,16695,19804,19288,21437,22080,20610,21427,19695,18838,18983,19411,15385,16484,19908,18653,17957,18292,17937,17933,20135,17446,18114,20353,20482,20630,16359,18694,17866,16084,16259,18303,18145,17792,16615,17948,15445,17463,14850,15624,15926,15613,13777,15989,17205,18157,17449,18191,17492,18558,18158,18909,16799,18451,18057,18785,16673,19367,18353,18258,15114,17597,18424,19281,17554,20233,19068,20721,18711,18921,17253,19760,20889,20514
E1A,1020,549,17243,15949,16615,16383,16840,17439,18685,17689,17676,18281,15775,13446,18000,16192,17172,17065,16634,16490,18735,16239,17582,17831,16506,16270,19249,18823,20850,21530,20007,20786,19183,18414,18519,18866,15001,16062,19382,18055,17597,17837,17489,17496,19609,17004,17607,19864,19980,20064,15924,18197,17361,15689,15788,17885,17669,17367,16176,17444,15047,17020,14530,15238,15479,15215,13441,15603,16670,17702,16983,17758,16965,18030,17607,18414,16413,18019,17624,18199,16224,18849,17932,17846,14743,17060,17971,18777,17114,19621,18561,20132,18157,18398,16712,19231,20419,19977
E1A,1020,550,16819,15565,16284,15937,16411,17017,18218,17223,17144,17855,15435,13088,17511,15794,16686,16665,16220,16032,18258,15855,17066,17294,16088,15892,18803,18341,20350,20992,19510,20248,18694,17934,18123,18441,14663,15652,18929,17606,17017,17371,17107,17054,19054,16571,17149,19383,19518,19544,15493,17679,16934,15242,15465,17385,17209,16890,15797,17040,14672,16573,14163,14875,15080,14774,13106,15188,16284,17258,16572,17194,16560,17581,17239,17937,15941,17578,17237,17795,15839,18328,17519,17411,14395,16665,17513,18361,16687,19156,18180,19694,17697,17901,16370,18810,19917,19406
E1A,1020,551,16207,14991,15658,15447,15823,16457,17543,16611,16612,17272,14877,12691,16854,15240,16170,16094,15595,15522,17602,15287,16543,16762,15508,15321,18124,17642,19598,20209,18793,19608,18010,17314,17494,17834,14125,15114,18254,17005,16528,16815,16466,16530,18385,16019,16562,18728,18883,18936,14962,17119,16328,14748,14873,16843,16654,16250,15221,16396,14108,15982,13673,14357,14567,14274,12641,14674,15679,16619,15950,16679,15991,16966,16674,17308,15402,16897,16580,17144,15249,17691,16895,16744,13880,16096,16900,17674,16102,18475,17589,19059,17094,17312,15793,18131,19229,18774
E1A,1020,552,15641,14424,15144,14871,15272,15843,16991,16045,16034,16659,14381,12231,16216,14704,15516,15564,15161,14992,16976,14700,15932,16106,14959,14815,17467,17094,18946,19529,18141,18855,17376,16677,16851,17161,13666,14579,17615,16407,15874,16267,15934,15971,17789,15442,16015,18101,18251,18276,14406,16420,15739,14222,14298,16245,16023,15727,14733,15837,13572,15428,13244,13848,14043,13815,12145,14155,15121,15999,15386,16113,15424,16311,16041,16718,14866,16306,15979,16550,14712,17099,16303,16198,13390,15498,16304,17048,15582,17850,16999,18350,16532,16676,15329,17486,18631,18207
E1A,1020,553,15110,13987,14581,14370,14837,15297,16364,15521,15478,16099,13912,11840,15746,14192,15074,15002,14658,14466,16433,14189,15371,15547,14467,14229,16850,16539,18216,18825,17520,18206,16816,16145,16357,16632,13247,14095,17021,15870,15434,15733,15478,15522,17178,14973,15582,17547,17648,17729,14002,15949,15189,13724,13795,15601,15504,15186,14214,15319,13224,14880,12739,13357,13581,13313,11769,13683,14645,15505,14862,15518,14938,15761,15426,16175,14355,15726,15444,15978,14260,16590,15767,15676,12995,15063,15753,16517,15104,17299,16519,17849,15957,16172,14829,17040,18028,17649
E1A,1020,554,14890,13852,14442,14228,14653,15181,16190,15419,15374,15949,13806,11802,15542,14109,14912,14861,14453,14324,16256,14088,15266,15384,14299,14142,16688,16307,18023,18653,17336,17993,16586,15966,16138,16451,13080,13997,16780,15689,15238,15589,15312,15316,16971,14744,15377,17330,17436,17459,13873,15695,15081,13579,13721,15527,15407,15097,14058,15196,13090,14748,12636,13241,13458,13203,11659,13585,14495,15385,14773,15353,14727,15581,15328,16029,14164,15608,15232,15830,14046,16350,15563,15486,12878,14909,15563,16246,14863,17086,16288,17590,15790,15948,14614,16788,17866,17441
E1A,1020,555,14612,13551,14160,13949,14344,14836,15885,15081,15044,15670,13500,11492,15218,13796,14570,14524,14167,14091,15896,13828,14992,15101,14042,13803,16379,15932,17672,18221,16972,17660,16272,15647,15844,16143,12836,13714,16544,15397,14970,15284,15101,15071,16666,14482,15151,17073,17219,17209,13491,15426,14796,13266,13383,15136,15045,14744,13782,14879,12785,14451,12346,12992,13197,12937,11465,13312,14211,15026,14395,15014,14399,15306,15053,15629,13936,15300,14968,15482,13824,16057,15277,15224,12649,14650,15235,15996,14646,16840,16028,17261,15501,15685,14391,16538,17544,17163
E1A,1020,556,14182,13130,13715,13496,13897,14344,15377,14580,14535,15108,13110,11159,14725,13306,14169,14102,13759,13621,15444,13353,14485,14635,13596,13413,15872,15460,17091,17665,16472,17032,15808,15174,15289,15643,12451,13320,15947,14931,14513,14791,14625,14612,16140,14059,14648,16554,16694,16752,13138,14944,14328,12896,12989,14706,14553,14285,13336,14372,12408,14002,11998,12541,12762,12508,11096,12942,13731,14577,13963,14599,14001,14818,14580,15177,13522,14809,14514,14992,13399,15567,14791,14731,12258,14262,14781,15530,14209,16377,15556,16863,14991,15170,13939,16120,17037,16718
E1A,1020,557,13777,12768,13343,13159,13491,14005,14965,14177,14148,14713,12758,10878,14396,13009,13738,13661,13372,13310,15080,12989,14083,14296,13249,13064,15421,15067,16665,17163,16031,16632,15385,14801,14906,15205,12150,12974,15594,14526,14161,14468,14301,14235,15688,13695,14321,16166,16246,16306,12771,14525,13908,12509,12616,14290,14158,13886,12960,14012,12098,13629,11671,12242,12460,12207,10829,12639,13422,14135,13598,14150,13690,14428,14203,14753,13131,14453,14109,14653,13053,15132,14405,14375,11942,13843,14398,15105,13862,15908,15244,16440,14651,14835,13619,15661,16639,16274
E1A,1020,558,13459,12457,12984,12776,13134,13618,14630,13792,13776,14384,12433,10581,14010,12647,13379,13392,13013,12895,14640,12678,13702,13850,12904,12673,15002,14606,16168,16659,15536,16092,14996,14393,14502,14786,11829,12640,15169,14175,13796,14152,13914,13916,15280,13300,13939,15736,15893,15886,12433,14177,13545,12252,12322,13872,13789,13603,12635,13626,11770,13248,11338,11931,12120,11930,10557,12329,13033,13797,13257,13880,13258,14037,13791,14388,12787,14005,13727,14222,12746,14726,14032,13920,11624,13493,13960,14671,13473,15471,14845,16021,14251,14370,13253,15293,16198,15927
E1A,1020,559,12934,11960,12459,12255,12602,13094,13988,13283,13245,13758,11929,10139,13393,12092,12872,12839,12431,12354,14049,12130,13169,13331,12392,12176,14411,14027,15547,15996,14845,15410,14351,13772,13920,14210,11308,12120,14495,13533,13257,13567,13414,13389,14698,12787,13381,15137,15301,15301,11923,13572,12935,11687,11795,13356,13233,13040,12138,13093,11260,12713,10889,11464,11615,11460,10146,11768,12474,13228,12676,13232,12681,13466,13222,13792,12255,13484,13150,13621,12106,14083,13433,13383,11176,12963,13424,14089,12914,14950,14257,15393,13619,13793,12741,14687,15579,15292
E1A,1020,560,12471,11551,12086,11872,12225,12666,13540,12829,12829,13337,11548,9853,13003,11728,12427,12378,12002,11989,13517,11783,12714,12886,11975,11772,13926,13561,15015,15515,14396,14946,13880,13332,13452,13747,10966,11734,14030,13095,12816,13138,12994,12954,14181,12376,12894,14624,14763,14838,11538,13150,12589,11321,11398,12909,12857,12594,11749,12695,10921,12329,10525,11096,11273,11063,9796,11414,12074,12785,12274,12784,12292,13066,12732,13387,11848,13044,12717,13142,11819,13654,13052,12971,10832,12557,12973,13625,12527,14425,13816,14949,13198,13361,12328,14177,15145,14825
E1A,1020,561,11906,11056,11503,11374,11658,12043,12932,12267,12227,12711,11034,9399,12433,11176,11855,11812,11563,11441,12980,11261,12189,12270,11456,11297,13270,12979,14343,14741,13745,14272,13283,12764,12916,13158,10539,11248,13402,12529,12279,12584,12406,12345,13572,11862,12457,14065,14164,14209,10973,12533,11974,10821,10927,12261,12246,12022,11245,12105,10413,11771,10051,10570,10769,10645,9397,10977,11517,12219,11710,12249,11779,12420,12187,12705,11315,12481,12160,12573,11238,13062,12430,12390,10347,12002,12435,13017,11968,13839,13216,14330,12579,12776,11769,13578,14475,14141
E1A,1020,562,11539,10666,11149,10960,11250,11711,12531,11856,11801,12316,10680,9118,12004,10835,11480,11510,11188,11129,12516,10883,11768,11914,11119,10892,12839,12548,13860,14323,13326,13839,12848,12377,12476,12732,10164,10873,13079,12137,11884,12155,12014,12000,13093,11480,12005,13588,13704,13750,10698,12130,11633,10447,10517,11957,11849,11649,10849,11707,10112,11403,9746,10223,10466,10307,9107,10660,11188,11877,11377,11861,11365,12041,11874,12356,10943,12035,11801,12178,10903,12659,12080,12019,10014,11660,12016,12581,11603,13406,12782,13842,12242,12388,11453,13167,13994,13725
E1A,1020,563,10965,10191,10608,10457,10744,11106,11936,11334,11304,11785,10171,8680,11401,10336,10965,10919,10655,10564,11943,10364,11217,11398,10602,10432,12305,11943,13223,13647,12750,13180,12260,11790,11904,12130,9728,10369,12435,11649,11341,11662,11479,11454,12545,10963,11427,12992,13124,13164,10161,11572,11094,10001,10065,11405,11293,11087,10351,11175,9621,10915,9333,9789,10001,9800,8735,10168,10677,11274,10846,11295,10885,11482,11253,11754,10502,11530,11263,11631,10419,12062,11500,11473,9585,11102,11520,12032,11050,12751,12217,13181,11682,11789,10914,12574,13393,13133
E1A,1020,564,10563,9821,10261,10094,10369,10701,11541,10884,10893,11373,9832,8408,11020,9961,10563,10557,10219,10214,11549,9999,10812,10983,10224,9996,11784,11515,12739,13164,12274,12687,11797,11358,11440,11701,9363,10053,11956,11199,10974,11194,11108,11070,12077,10524,11078,12549,12690,12669,9771,11124,10638,9569,9717,11004,10887,10675,9994,10758,9273,10497,9006,9442,9655,9519,8408,9825,10308,10927,10449,10914,10451,11096,10897,11333,10095,11076,10789,11269,10030,11591,11036,11042,9228,10739,11074,11602,10721,12392,11781,12720,11303,11403,10513,12145,12931,12683
E1A,1020,565,10118,9398,9829,9671,9910,10302,11043,10454,10444,10854,9416,8011,10613,9569,10134,10127,9833,9808,11049,9561,10378,10490,9795,9612,11362,11073,12207,12648,11670,12114,11317,10843,10976,11202,8966,9624,11453,10689,10499,10730,10599,10560,11609,10103,10605,11973,12077,12129,9383,10705,10221,9218,9302,10521,10442,10274,9600,10333,8921,10046,8613,9068,9232,9104,8052,9410,9853,10393,10041,10427,10037,10626,10421,10832,9653,10610,10338,10715,9581,11110,10608,10581,8844,10278,10609,11146,10195,11813,11313,12186,10765,10943,10047,11612,12422,12069
E1A,1020,566,9768,9009,9476,9321,9592,9906,10686,10129,10123,10517,9107,7787,10221,9262,9786,9821,9562,9417,10681,9262,10040,10161,9437,9324,10998,10634,11838,12214,11358,11771,10958,10516,10587,10832,8677,9267,11053,10331,10149,10374,10212,10272,11249,9780,10235,11606,11739,11734,9029,10331,9862,8943,9010,10170,10076,9902,9234,9972,8623,9675,8348,8749,8955,8774,7815,9117,9529,10091,9667,10123,9681,10231,10086,10492,9326,10231,10042,10335,9263,10774,10248,10214,8524,9917,10229,10754,9905,11429,10918,11788,10411,10565,9736,11261,11967,11716
E1A,1020,567,9282,8634,8990,8907,9115,9441,10136,9603,9593,9979,8681,7387,9698,8797,9313,9273,9056,8997,10145,8786,9529,9613,8954,8858,10456,10110,11192,11571,10797,11205,10377,9968,10069,10267,8223,8824,10526,9840,9598,9890,9710,9726,10619,9264,9717,11033,11126,11127,8612,9834,9401,8474,8554,9662,9564,9409,8813,9483,8191,9237,7877,8345,8520,8354,7429,8661,9048,9571,9217,9564,9205,9712,9597,10028,8839,9682,9529,9888,8807,10236,9763,9695,8114,9466,9748,10164,9386,10850,10367,11223,9899,10025,9300,10666,11374,11141
E1A,1020,568,8948,8266,8610,8530,8782,9059,9743,9261,9262,9589,8324,7103,9362,8466,8963,8955,8697,8708,9814,8470,9175,9302,8625,8492,10032,9766,10819,11141,10390,10770,10003,9616,9708,9917,7899,8551,10142,9445,9254,9518,9381,9366,10260,8938,9392,10589,10733,10702,8295,9442,9063,8189,8242,9332,9226,9062,8434,9144,7873,8895,7611,8004,8207,8094,7148,8391,8718,9265,8816,9258,8874,9389,9209,9608,8519,9366,9205,9488,8490,9883,9347,9345,7818,9103,9370,9823,9091,10420,9973,10793,9514,9645,8923,10274,10900,10666
E1A,1020,569,8357,7833,8139,7999,8253,8512,9161,8706,8688,9057,7836,6724,8842,7959,8412,8412,8202,8106,9223,8006,8628,8770,8145,7974,9446,9197,10184,10486,9779,10151,9440,9056,9116,9351,7463,7976,9539,8893,8728,8938,8836,8851,9617,8392,8802,9960,10092,10086,7788,8871,8523,7635,7791,8770,8644,8525,7988,8611,7428,8355,7179,7528,7719,7622,6726,7915,8224,8683,8330,8677,8307,8820,8681,9057,8018,8857,8639,8964,7980,9258,8857,8827,7364,8571,8787,9262,8515,9784,9358,10117,8956,9105,8397,9671,10288,10038
E1A,1020,570,8055,7500,7838,7712,7929,8214,8857,8376,8351,8716,7522,6413,8463,7654,8096,8105,7896,7807,8897,7679,8294,8398,7811,7690,9077,8887,9811,10119,9417,9724,9066,8684,8768,8992,7160,7716,9203,8558,8396,8608,8474,8423,9263,8071,8450,9590,9680,9670,7524,8535,8212,7376,7474,8428,8313,8197,7655,8290,7149,8069,6910,7253,7437,7312,6472,7634,7864,8319,7987,8340,8013,8472,8351,8652,7733,8508,8289,8594,7693,8945,8470,8456,7069,8203,8488,8920,8197,9403,9016,9763,8595,8741,8100,9316,9904,9657
E1A,1020,571,7661,7138,7431,7343,7560,7808,8393,7971,8003,8276,7183,6137,8094,7298,7682,7687,7507,7422,8431,7297,7903,7974,7475,7325,8640,8413,9311,9604,8966,9274,8595,8283,8336,8501,6818,7324,8758,8143,7999,8168,8060,8048,8849,7683,8062,9133,9203,9168,7148,8165,7810,7046,7128,8044,7948,7801,7333,7916,6797,7673,6546,6947,7083,6968,6208,7293,7519,7957,7609,7977,7650,8106,7948,8292,7317,8059,7893,8205,7308,8483,8113,8059,6748,7819,8105,8456,7804,8985,8594,9289,8212,8288,7655,8835,9409,9233
E1A,1020,572,7390,6870,7132,7039,7226,7456,8085,7684,7640,7981,6924,5883,7719,6989,7404,7387,7184,7159,8086,7023,7602,7677,7135,7048,8318,8084,8947,9241,8618,8892,8267,7988,8037,8201,6574,7024,8359,7800,7636,7846,7744,7723,8485,7406,7736,8764,8860,8871,6844,7846,7480,6774,6843,7678,7609,7501,6989,7549,6526,7402,6305,6634,6832,6697,5945,6975,7211,7650,7285,7657,7324,7773,7615,7960,7077,7761,7594,7846,7027,8176,7765,7737,6477,7519,7772,8158,7453,8596,8228,8879,7915,7961,7378,8495,8997,8827
E1A,1020,573,7041,6549,6846,6727,6954,7210,7736,7311,7311,7626,6629,5637,7410,6700,7094,7096,6908,6884,7746,6704,7248,7359,6844,6742,7931,7735,8571,8808,8225,8535,7917,7579,7658,7791,6258,6694,8013,7493,7313,7506,7387,7370,8060,7051,7362,8277,8451,8451,6567,7487,7162,6441,6545,7373,7291,7149,6713,7224,6275,7051,5999,6371,6516,6457,5701,6693,6904,7285,6988,7311,6981,7442,7336,7629,6771,7428,7295,7503,6694,7817,7424,7418,6200,7158,7446,7750,7130,8258,7904,8509,7507,7665,7043,8111,8604,8419
E1A,1020,574,6730,6236,6505,6404,6575,6824,7334,6971,6971,7264,6272,5396,7034,6379,6723,6735,6555,6554,7368,6410,6901,7021,6518,6468,7548,7357,8185,8433,7852,8164,7562,7234,7308,7446,5949,6421,7657,7113,6957,7120,7042,7011,7730,6709,7016,7956,8036,8030,6250,7113,6829,6139,6211,6989,6948,6810,6373,6877,5983,6699,5752,6063,6223,6137,5428,6342,6586,6965,6656,6971,6690,7102,7005,7259,6428,7073,6958,7194,6393,7441,7108,7039,5932,6824,7088,7401,6787,7821,7464,8107,7179,7264,6725,7696,8200,7997
E1A,1020,575,6474,6009,6272,6188,6330,6576,7076,6706,6712,6956,6071,5166,6812,6125,6472,6487,6320,6277,7104,6196,6656,6781,6289,6151,7293,7081,7875,8093,7583,7819,7259,6927,7043,7187,5711,6117,7363,6874,6713,6870,6787,6761,7426,6487,6749,7642,7718,7686,6001,6833,6557,5926,5979,6754,6653,6579,6174,6649,5757,6518,5543,5830,5978,5861,5229,6105,6330,6676,6444,6728,6452,6853,6682,6993,6183,6792,6660,6886,6158,7127,6812,6772,5646,6567,6812,7105,6547,7508,7194,7756,6884,6987,6454,7442,7903,7669
E1A,1020,576,6231,5796,6031,5927,6121,6332,6805,6433,6443,6660,5799,4995,6533,5936,6287,6241,6081,6066,6819,5922,6425,6500,6027,5924,7017,6835,7565,7787,7285,7542,6971,6705,6720,6884,5507,5904,7087,6582,6441,6603,6462,6500,7136,6202,6485,7305,7441,7389,5799,6587,6297,5709,5763,6483,6430,6305,5929,6381,5521,6245,5319,5611,5748,5676,5044,5926,6118,6430,6192,6442,6199,6556,6419,6715,5939,6556,6425,6657,5917,6869,6561,6493,5476,6292,6558,6858,6296,7231,6918,7453,6626,6740,6241,7130,7577,7405
E1A,1020,577,5856,5457,5687,5615,5738,5994,6420,6102,6109,6319,5471,4709,6156,5596,5875,5884,5742,5694,6439,5594,6073,6109,5706,5626,6608,6456,7122,7353,6872,7098,6608,6321,6373,6493,5190,5550,6685,6235,6073,6195,6095,6111,6762,5882,6136,6918,6982,6988,5493,6239,5980,5403,5440,6146,6051,5968,5618,6031,5212,5870,5056,5331,5435,5369,4769,5570,5720,6061,5856,6077,5811,6203,6067,6335,5624,6198,6031,6296,5598,6478,6166,6128,5127,5920,6172,6437,5952,6822,6523,7048,6286,6344,5849,6711,7116,7014
E1A,1020,578,5603,5213,5449,5356,5472,5710,6132,5825,5829,6035,5246,4481,5866,5329,5631,5631,5491,5446,6158,5338,5826,5831,5478,5347,6314,6164,6840,7004,6561,6826,6295,6056,6111,6236,4974,5299,6375,5938,5798,5925,5815,5823,6410,5604,5865,6598,6691,6635,5234,5931,5665,5133,5213,5898,5785,5712,5337,5788,4989,5626,4799,5081,5209,5109,4561,5313,5456,5785,5563,5826,5588,5904,5788,6072,5378,5897,5807,5973,5356,6182,5928,5898,4896,5637,5904,6158,5657,6526,6203,6699,5986,6070,5579,6442,6821,6661
E1A,1020,579,5312,4964,5183,5112,5225,5432,5828,5539,5548,5747,4995,4307,5595,5062,5352,5339,5226,5171,5870,5103,5486,5579,5204,5103,6010,5889,6489,6706,6289,6497,6031,5755,5818,5929,4721,5042,6099,5656,5517,5643,5543,5496,6105,5345,5578,6258,6307,6329,4985,5664,5394,4901,4958,5601,5515,5446,5090,5497,4765,5358,4586,4839,4983,4888,4372,5065,5204,5515,5311,5527,5352,5655,5555,5747,5136,5625,5523,5717,5100,5883,5632,5582,4642,5389,5622,5879,5373,6169,5914,6354,5695,5727,5320,6091,6472,6341
E1A,1020,580,5058,4699,4894,4831,4959,5111,5515,5256,5236,5440,4723,4042,5286,4772,5061,5066,4944,4883,5539,4820,5197,5250,4913,4858,5681,5546,6163,6339,5899,6158,5649,5444,5483,5594,4434,4762,5718,5322,5202,5295,5226,5208,5788,5022,5235,5908,5938,5926,4717,5323,5100,4641,4674,5290,5209,5139,4783,5185,4507,5076,4314,4569,4706,4626,4099,4798,4946,5215,4970,5209,5018,5311,5217,5414,4838,5289,5200,5411,4807,5543,5286,5280,4373,5073,5284,5506,5069,5823,5551,5996,5360,5432,5034,5708,6068,5922
E1A,1020,581,4811,4457,4643,4578,4699,4874,5216,4994,4982,5190,4472,3862,5013,4561,4833,4787,4694,4661,5279,4572,4944,5022,4661,4595,5394,5260,5823,6030,5624,5831,5394,5183,5198,5311,4230,4515,5464,5081,4941,5051,4960,4953,5488,4806,5003,5591,5651,5647,4445,5101,4856,4391,4440,5041,4959,4880,4583,4929,4247,4850,4120,4354,4460,4374,3930,4566,4687,4988,4768,4980,4779,5024,4991,5189,4629,5068,4962,5121,4551,5276,5019,5019,4185,4824,5028,5251,4838,5533,5269,5727,5122,5183,4776,5443,5789,5690
E1A,1020,582,4624,4298,4479,4400,4519,4690,5084,4795,4818,5012,4349,3710,4861,4389,4675,4650,4540,4493,5099,4403,4803,4875,4485,4444,5238,5099,5651,5825,5432,5649,5220,4976,5023,5112,4102,4375,5252,4892,4794,4855,4769,4773,5330,4623,4805,5409,5454,5441,4320,4910,4716,4279,4316,4855,4791,4701,4432,4777,4125,4663,3963,4230,4324,4226,3769,4411,4521,4779,4598,4791,4600,4864,4803,5037,4432,4896,4795,4965,4420,5099,4861,4809,4046,4627,4878,5098,4659,5290,5104,5503,4947,4983,4612,5234,5590,5429
E1A,1020,583,4363,4071,4232,4179,4259,4421,4739,4500,4506,4682,4069,3480,4560,4123,4349,4367,4241,4207,4755,4120,4496,4563,4230,4165,4908,4780,5309,5442,5142,5311,4898,4710,4750,4809,3843,4093,4962,4608,4477,4536,4485,4486,4996,4374,4514,5068,5112,5090,4057,4636,4415,4012,4062,4573,4494,4431,4147,4471,3864,4372,3730,3940,4031,4000,3566,4148,4273,4516,4278,4503,4350,4588,4497,4704,4199,4596,4451,4645,4150,4797,4591,4517,3784,4367,4574,4767,4380,4997,4763,5145,4642,4676,4335,4948,5247,5090
E1A,1020,584,4215,3903,4084,4021,4112,4265,4588,4366,4388,4532,3954,3384,4430,3984,4220,4199,4131,4087,4616,4020,4354,4421,4082,4031,4730,4607,5136,5291,4974,5145,4708,4529,4533,4636,3681,3936,4783,4449,4349,4396,4340,4318,4846,4185,4334,4907,4921,4933,3936,4466,4301,3875,3920,4438,4337,4290,4012,4355,3767,4259,3623,3820,3921,3868,3434,4001,4104,4357,4174,4362,4181,4460,4357,4565,4054,4423,4341,4479,4015,4608,4424,4377,3659,4209,4435,4596,4207,4835,4591,4974,4501,4544,4129,4733,5047,4935
E1A,1020,585,4046,3754,3931,3871,3969,4095,4431,4186,4198,4357,3781,3266,4250,3842,4054,4066,3939,3896,4475,3860,4177,4207,3943,3886,4583,4428,4948,5082,4777,4929,4505,4352,4381,4483,3572,3790,4599,4261,4134,4210,4131,4119,4625,4044,4180,4693,4755,4706,3754,4267,4123,3727,3749,4256,4198,4136,3856,4156,3618,4079,3477,3653,3751,3722,3321,3845,3948,4199,4014,4172,4025,4272,4182,4343,3885,4278,4180,4294,3803,4461,4243,4194,3515,4038,4239,4460,4040,4603,4412,4736,4308,4357,3980,4564,4888,4717
E1A,1020,586,3933,3640,3830,3733,3845,3963,4292,4064,4041,4219,3679,3145,4120,3739,3928,3936,3816,3790,4311,3743,4054,4120,3818,3766,4418,4300,4759,4936,4609,4804,4391,4206,4252,4313,3450,3675,4447,4128,3998,4037,4022,4013,4473,3910,4056,4545,4591,4572,3680,4174,3987,3608,3677,4118,4064,4013,3739,4041,3488,3950,3362,3562,3648,3627,3218,3754,3842,4065,3870,4056,3886,4147,4078,4219,3758,4134,4056,4190,3717,4311,4096,4051,3378,3906,4128,4286,3906,4490,4267,4617,4172,4211,3867,4428,4668,4551
E1A,1020,587,3796,3517,3673,3605,3703,3828,4125,3904,3920,4061,3553,3008,3951,3595,3773,3802,3700,3671,4151,3602,3889,3931,3676,3621,4271,4134,4596,4780,4447,4585,4240,4054,4092,4182,3314,3516,4279,3982,3873,3918,3851,3838,4307,3749,3883,4332,4399,4391,3522,4032,3838,3508,3527,3978,3897,3846,3611,3881,3373,3812,3246,3412,3514,3469,3097,3608,3708,3885,3752,3918,3760,4003,3912,4095,3624,3982,3889,4032,3623,4150,3909,3922,3247,3778,3993,4138,3776,4318,4119,4438,4022,4082,3720,4231,4493,4378
E1A,1020,588,3613,3338,3511,3464,3560,3660,3940,3737,3752,3896,3385,2894,3791,3433,3644,3601,3520,3508,3958,3444,3709,3775,3497,3470,4081,3953,4400,4546,4268,4405,4050,3894,3898,3978,3174,3361,4099,3803,3701,3727,3683,3678,4122,3616,3723,4192,4212,4189,3382,3853,3690,3303,3367,3817,3763,3691,3436,3723,3240,3687,3107,3287,3349,3302,2963,3484,3534,3739,3598,3747,3580,3827,3749,3912,3441,3798,3744,3880,3451,3970,3775,3760,3118,3578,3788,3940,3619,4127,3919,4220,3850,3894,3564,4040,4277,4197
E1A,1020,589,3525,3258,3399,3351,3475,3565,3865,3641,3658,3787,3300,2799,3676,3339,3527,3538,3434,3412,3850,3333,3621,3668,3422,3359,3961,3863,4268,4397,4130,4297,3923,3750,3789,3881,3073,3280,3969,3671,3573,3629,3588,3550,3981,3490,3593,4022,4062,4065,3276,3734,3583,3273,3275,3694,3621,3585,3334,3603,3122,3565,3021,3195,3263,3225,2915,3356,3424,3644,3470,3651,3502,3722,3615,3780,3371,3679,3611,3734,3339,3866,3678,3644,3039,3480,3683,3863,3507,4011,3822,4105,3741,3795,3447,3941,4152,4072
E1A,1020,590,3399,3145,3283,3229,3321,3437,3709,3524,3518,3655,3169,2726,3540,3231,3394,3407,3331,3279,3714,3221,3536,3533,3289,3234,3825,3719,4119,4270,3986,4172,3786,3654,3664,3734,2966,3127,3818,3578,3462,3541,3427,3441,3877,3362,3494,3905,3946,3902,3148,3610,3446,3091,3130,3571,3499,3452,3232,3494,3029,3451,2919,3041,3157,3085,2773,3237,3295,3511,3350,3496,3375,3576,3516,3669,3254,3573,3514,3622,3214,3758,3550,3541,2929,3345,3580,3709,3360,3853,3662,3917,3623,3655,3348,3776,4020,3899
E1A,1020,591,3292,3059,3182,3141,3224,3335,3593,3393,3406,3547,3080,2675,3455,3117,3311,3274,3221,3184,3646,3150,3394,3455,3180,3146,3704,3622,3996,4149,3882,4011,3682,3532,3571,3624,2886,3036,3721,3444,3369,3406,3345,3331,3751,3260,3386,3775,3806,3790,3044,3496,3372,3032,3076,3481,3401,3345,3151,3416,2954,3326,2816,3003,3063,3029,2686,3146,3223,3369,3246,3404,3272,3469,3418,3566,3148,3444,3394,3525,3122,3632,3423,3388,2838,3255,3457,3590,3277,3721,3563,3884,3506,3530,3218,3644,3886,3770
E1A,1020,592,3186,2918,3081,3042,3135,3252,3451,3298,3324,3438,2994,2560,3338,3000,3185,3207,3112,3083,3484,3050,3283,3326,3105,3061,3641,3512,3889,4011,3753,3894,3577,3424,3434,3501,2797,2971,3615,3357,3264,3298,3185,3209,3644,3166,3276,3658,3704,3642,2999,3360,3229,2919,2968,3374,3314,3260,3038,3291,2859,3217,2740,2894,2980,2930,2606,3057,3140,3283,3160,3291,3150,3367,3307,3429,3057,3345,3279,3374,3028,3512,3345,3293,2742,3154,3348,3481,3181,3599,3429,3703,3396,3426,3123,3548,3770,3680
E1A,1020,593,3136,2896,3049,2995,3047,3168,3434,3243,3264,3368,2925,2551,3295,2959,3121,3150,3084,3040,3440,2992,3201,3300,3040,2993,3536,3438,3834,3964,3698,3813,3509,3351,3368,3434,2751,2932,3550,3292,3180,3234,3166,3178,3570,3110,3194,3583,3623,3562,2931,3311,3170,2887,2920,3276,3222,3194,2985,3217,2805,3161,2692,2859,2917,2905,2578,2985,3067,3269,3117,3257,3114,3304,3253,3368,3007,3297,3232,3347,2976,3436,3290,3239,2704,3081,3297,3415,3114,3560,3384,3628,3333,3356,3082,3494,3693,3583
E1A,1020,594,3015,2783,2926,2886,2962,3061,3311,3152,3133,3260,2850,2414,3170,2872,3016,3022,2941,2923,3308,2872,3107,3175,2944,2909,3447,3326,3693,3806,3559,3696,3403,3248,3255,3320,2658,2799,3435,3197,3105,3107,3055,3045,3454,2994,3105,3454,3506,3454,2815,3200,3071,2782,2808,3197,3131,3091,2875,3110,2732,3071,2594,2736,2822,2792,2485,2918,2979,3126,2999,3126,3002,3177,3126,3253,2895,3181,3108,3234,2858,3301,3163,3144,2601,3001,3175,3313,3008,3424,3243,3511,3213,3234,2951,3368,3541,3467
E1A,1020,595,2903,2685,2830,2778,2846,2936,3168,3023,3023,3152,2741,2358,3063,2769,2930,2936,2846,2830,3204,2778,2998,3023,2859,2805,3283,3209,3538,3682,3438,3569,3250,3123,3147,3206,2555,2714,3283,3063,2970,3030,2948,2952,3322,2909,2987,3340,3379,3351,2712,3084,2989,2682,2694,3064,3013,2955,2801,2998,2590,2953,2522,2649,2730,2658,2410,2787,2844,3027,2891,3039,2896,3093,3043,3134,2803,3080,2987,3104,2758,3197,3023,3005,2512,2893,3082,3191,2885,3302,3143,3383,3073,3136,2871,3247,3440,3377
E1A,1020,596,2817,2605,2765,2707,2774,2866,3129,2946,2953,3056,2667,2275,2975,2685,2844,2846,2776,2748,3089,2714,2917,2957,2766,2712,3190,3125,3437,3544,3341,3475,3161,3016,3085,3089,2469,2623,3207,2978,2901,2911,2859,2852,3227,2817,2913,3236,3256,3256,2649,3016,2886,2603,2656,2982,2906,2886,2716,2915,2513,2872,2444,2596,2649,2618,2332,2723,2774,2908,2795,2920,2837,2973,2928,3055,2727,3004,2924,3027,2685,3096,2939,2935,2429,2777,2987,3078,2817,3207,3064,3257,3009,3007,2781,3151,3344,3259
E1A,1020,597,2719,2526,2660,2625,2675,2800,2974,2860,2844,2954,2563,2225,2866,2614,2735,2754,2682,2649,2989,2607,2820,2869,2673,2660,3066,3003,3344,3455,3207,3335,3089,2937,2968,3022,2403,2523,3121,2871,2807,2833,2763,2776,3119,2724,2818,3133,3178,3156,2561,2919,2796,2556,2561,2889,2849,2772,2605,2829,2451,2785,2363,2490,2570,2543,2260,2611,2702,2820,2702,2834,2752,2888,2805,2963,2623,2875,2831,2919,2609,3009,2847,2838,2359,2706,2853,2979,2735,3100,2956,3190,2906,2941,2664,3064,3234,3124
E1A,1020,598,2645,2465,2564,2558,2578,2699,2900,2757,2751,2870,2493,2133,2774,2510,2670,2675,2603,2588,2907,2526,2714,2759,2599,2543,2978,2924,3212,3316,3134,3227,2952,2859,2883,2905,2341,2467,3015,2790,2709,2742,2686,2653,3006,2651,2712,3039,3054,3056,2482,2813,2696,2452,2487,2788,2735,2696,2532,2727,2372,2671,2291,2445,2471,2434,2179,2549,2586,2762,2644,2761,2631,2788,2753,2859,2556,2803,2716,2827,2538,2902,2757,2723,2296,2631,2787,2918,2640,2989,2865,3082,2831,2839,2603,2935,3145,3060
E1A,1020,599,2545,2352,2483,2461,2496,2594,2805,2652,2684,2767,2431,2092,2669,2446,2557,2587,2510,2466,2809,2442,2632,2679,2459,2444,2884,2824,3117,3219,3027,3123,2867,2732,2767,2807,2252,2382,2908,2686,2604,2630,2575,2609,2922,2543,2619,2922,2980,2912,2389,2718,2626,2359,2395,2707,2651,2607,2432,2645,2295,2583,2209,2355,2412,2338,2109,2462,2519,2649,2525,2652,2545,2694,2664,2762,2470,2703,2621,2730,2444,2799,2664,2637,2214,2526,2671,2782,2538,2895,2775,2970,2735,2732,2517,2842,3012,2942
E1A,1020,600,2499,2302,2409,2381,2445,2544,2718,2594,2601,2691,2356,2024,2613,2384,2495,2497,2447,2422,2740,2360,2577,2601,2420,2398,2811,2752,3060,3140,2931,3030,2769,2676,2693,2739,2200,2321,2819,2632,2542,2571,2512,2497,2851,2480,2552,2855,2881,2872,2348,2632,2546,2314,2320,2611,2586,2552,2413,2588,2251,2537,2163,2293,2321,2327,2055,2428,2457,2584,2478,2588,2481,2634,2586,2716,2390,2634,2590,2647,2369,2750,2620,2560,2152,2451,2620,2733,2495,2811,2674,2910,2647,2664,2447,2779,2950,2878
