,,Well,A01,A02,A03,A04,A05,A06,B01,B02,B03,B04,B05,B06,C01,C02,C03,C04,C05,C06,D01,D02,D03,D04,D05,D06,E01,E02,E03,E04,E05,E06,F01,F02,F03,F04,F05,F06,G01,G02,G03,G04,G05,G06,H01,H02,H03,H04,H05,H06,B01,B02,B03,B04,B05,B06,C01,C02,C03,C04,C05,C06,D01,D02,D03,D04,D05,D06,E01,E02,E03,E04,E05,E06,F01,F02,F03,F04,F05,F06,N/A,N/A,N/A,N/A,N/A,N/A,N/A,N/A,N/A,N/A,N/A,N/A,N/A,N/A,N/A,N/A,N/A,N/A
,,Wavelength (nm),Buffer,Buffer,Buffer,Buffer,Buffer,Buffer,L-Proline,L-Proline,L-Proline,L-Proline,L-Proline,L-Proline,Glycine,Glycine,Glycine,Glycine,Glycine,Glycine,Taurine,Taurine,Taurine,Taurine,Taurine,Taurine,Tricine,Tricine,Tricine,Tricine,Tricine,Tricine,Sarcosine,Sarcosine,Sarcosine,Sarcosine,Sarcosine,Sarcosine,BetaineH2O,BetaineH2O,BetaineH2O,BetaineH2O,BetaineH2O,BetaineH2O,L-Tryptophan,L-Tryptophan,L-Tryptophan,L-Tryptophan,L-Tryptophan,L-Tryptophan,D-Galactose,D-Galactose,D-Galactose,D-Galactose,D-Galactose,D-Galactose,Trehalose2H2O,Trehalose2H2O,Trehalose2H2O,Trehalose2H2O,Trehalose2H2O,Trehalose2H2O,D-Mannitol,D-Mannitol,D-Mannitol,D-Mannitol,D-Mannitol,D-Mannitol,Xylitol,Xylitol,Xylitol,Xylitol,Xylitol,Xylitol,Meso-Erythritol,Meso-Erythritol,Meso-Erythritol,Meso-Erythritol,Meso-Erythritol,Meso-Erythritol,Myo-Inositol,Myo-Inositol,Myo-Inositol,Myo-Inositol,Myo-Inositol,Myo-Inositol,Urea,Urea,Urea,Urea,Urea,Urea,GuHCl,GuHCl,GuHCl,GuHCl,GuHCl,GuHCl
Protein,Gain,conc,0,0,0,0,0,0,4,8,12,16,20,24,2,4,6,8,10,12,1,2,3,4,5,6,4,8,12,16,20,24,4,8,12,16,20,24,4,8,12,16,20,24,0.2,0.4,0.6,0.8,1,1.2,4,8,12,16,20,24,4,8,12,16,20,24,2,4,6,8,10,12,4,8,12,16,20,24,4,8,12,16,20,24,2,4,6,8,10,12,0.25,0.5,0.75,1,1.25,1.5,0.25,0.5,0.75,1,1.25,1.5
GS8,1020,450,2254,2369,2296,2322,2181,2253,2396,2419,2451,2468,2264,2272,2465,2314,2229,2014,1851,1778,0,0,0,0,0,0,2469,2445,2561,2612,2562,2529,2298,2141,2021,1845,1675,1486,2353,2467,2349,2365,2328,2220,2140,2266,2167,2373,2230,2194,1087,1000,1029,1115,1089,1029,1019,952,852,872,857,781,1044,983,1024,983,1003,984,1034,1058,1047,1039,1024,992,983,984,1043,1018,861,830,1318,1200,1222,1266,1350,1317,1510,1388,1330,1495,1741,1739,1497,1414,1425,1519,1771,1616
GS8,1020,451,2817,2940,2864,2889,2706,2786,2956,2999,3050,3047,2803,2781,3042,2880,2760,2494,2312,2203,0,0,0,0,0,0,3067,3046,3201,3229,3176,3150,2832,2634,2498,2273,2086,1813,2893,3047,2919,2927,2866,2766,2635,2796,2672,2888,2752,2737,1344,1244,1278,1370,1345,1270,1269,1207,1048,1108,1063,973,1294,1240,1265,1233,1233,1233,1292,1333,1301,1280,1263,1236,1227,1223,1302,1268,1080,1034,1605,1470,1506,1552,1638,1596,1829,1700,1622,1825,2118,2118,1838,1729,1750,1865,2176,1972
GS8,1020,452,3472,3661,3575,3611,3377,3460,3674,3736,3780,3811,3478,3467,3732,3568,3419,3100,2860,2743,0,0,0,0,0,0,3787,3798,3930,3996,3953,3899,3497,3260,3055,2778,2546,2227,3579,3781,3615,3614,3561,3412,3236,3440,3301,3527,3403,3334,1666,1557,1588,1700,1649,1552,1564,1476,1321,1350,1328,1196,1601,1523,1551,1537,1540,1519,1594,1634,1608,1570,1579,1522,1524,1521,1614,1557,1339,1290,1948,1801,1830,1880,2001,1937,2230,2081,1974,2208,2584,2581,2224,2109,2133,2268,2658,2419
GS8,1020,453,4262,4511,4407,4456,4170,4255,4508,4588,4649,4681,4290,4236,4488,4399,4224,3821,3497,3341,0,0,0,0,0,0,4642,4636,4840,4900,4829,4774,4291,3989,3756,3393,3092,2698,4407,4651,4467,4442,4380,4150,3952,4199,4043,4314,4139,4072,2063,1901,1934,2081,2041,1907,1951,1828,1625,1667,1627,1481,1969,1862,1920,1869,1890,1872,1948,2014,1980,1924,1923,1872,1888,1876,1984,1923,1644,1578,2436,2220,2275,2347,2490,2416,2782,2577,2473,2758,3200,3214,2764,2621,2669,2828,3301,3005
GS8,1020,454,5238,5544,5397,5484,5119,5208,5536,5621,5716,5735,5245,5218,5476,5397,5189,4667,4289,4094,0,0,0,0,0,0,5707,5707,5943,6059,5953,5868,5270,4886,4600,4139,3786,3272,5418,5726,5446,5450,5378,5106,4850,5153,4950,5237,5073,4978,2562,2334,2422,2574,2498,2343,2399,2266,2021,2060,2022,1835,2412,2285,2377,2289,2306,2273,2403,2484,2426,2399,2376,2302,2265,2274,2423,2357,2025,1924,2925,2688,2773,2842,3028,2920,3369,3120,2994,3353,3896,3895,3336,3189,3220,3416,4010,3646
GS8,1020,455,6445,6818,6616,6691,6275,6364,6737,6863,6979,7042,6440,6368,6657,6579,6300,5730,5271,5016,0,0,0,0,0,0,6942,6948,7222,7330,7260,7180,6370,5934,5585,5003,4574,3962,6564,6946,6635,6626,6497,6202,5837,6237,5970,6314,6132,6026,3097,2852,2920,3144,3052,2840,2914,2752,2474,2536,2474,2253,2954,2804,2882,2811,2810,2765,2925,3023,2963,2921,2901,2819,2783,2769,2972,2880,2472,2360,3516,3217,3310,3414,3619,3512,4013,3741,3608,4021,4667,4668,4026,3823,3859,4126,4834,4390
GS8,1020,456,7708,8191,7978,8064,7557,7657,8091,8251,8397,8463,7750,7733,8013,7906,7605,6862,6306,6000,0,0,0,0,0,0,8330,8366,8678,8860,8749,8631,7689,7101,6703,6069,5498,4776,7921,8311,7955,7973,7819,7427,7046,7479,7173,7543,7382,7272,3739,3420,3486,3788,3667,3421,3542,3343,2976,3040,2986,2701,3572,3396,3466,3405,3410,3315,3524,3639,3557,3526,3495,3379,3328,3325,3573,3474,2951,2843,4221,3838,3949,4126,4350,4203,4805,4472,4301,4824,5599,5575,4801,4567,4623,4924,5799,5255
GS8,1020,457,9250,9782,9522,9660,9017,9159,9655,9838,10023,10146,9263,9224,9443,9465,9111,8198,7539,7198,0,0,0,0,0,0,9903,9944,10373,10517,10430,10295,9152,8443,7958,7167,6527,5649,9368,9882,9456,9467,9308,8881,8355,8868,8510,8953,8721,8595,4473,4102,4171,4527,4391,4092,4249,3985,3542,3654,3575,3213,4227,4001,4147,4041,4035,3958,4215,4330,4250,4209,4161,4014,3974,3951,4239,4144,3512,3395,5023,4582,4685,4864,5192,5013,5740,5312,5098,5751,6622,6636,5722,5433,5505,5886,6884,6260
GS8,1020,458,11019,11647,11385,11482,10779,10908,11470,11684,11889,12063,11030,10953,11209,11266,10817,9777,8973,8486,0,0,0,0,0,0,11718,11776,12344,12568,12378,12214,10847,10042,9435,8547,7729,6674,11131,11790,11219,11206,11019,10523,9860,10510,10029,10521,10308,10137,5308,4891,4971,5353,5224,4854,5046,4754,4245,4358,4238,3829,5051,4804,4937,4805,4824,4720,4982,5182,5072,5031,4983,4826,4717,4707,5053,4906,4215,4029,5952,5437,5597,5758,6140,5932,6791,6319,6035,6787,7842,7893,6837,6485,6574,7001,8200,7466
GS8,1020,459,12959,13738,13343,13549,12652,12852,13537,13829,14061,14242,13004,12974,13225,13296,12797,11522,10622,10077,0,0,0,0,0,0,13916,13962,14642,14849,14674,14500,12751,11868,11127,10016,9102,7881,13106,13844,13182,13164,13003,12410,11663,12397,11840,12406,12131,12011,6284,5775,5896,6365,6185,5756,5968,5635,5041,5125,5043,4539,5940,5637,5830,5685,5723,5576,5862,6106,5958,5925,5873,5639,5559,5556,5958,5772,4940,4767,6908,6330,6484,6674,7123,6919,7881,7335,7030,7859,9141,9128,7884,7520,7648,8161,9583,8706
GS8,1020,460,15116,15980,15596,15779,14759,14980,15736,16028,16337,16468,15159,15157,15368,15490,14863,13433,12306,11734,0,0,0,0,0,0,16128,16225,16897,17230,16978,16779,14832,13716,12964,11607,10552,9101,15196,16025,15280,15303,15064,14372,13502,14317,13693,14269,14041,13871,7342,6753,6879,7396,7208,6718,6944,6594,5853,6023,5861,5309,6942,6565,6795,6636,6653,6515,6819,7088,6995,6894,6830,6598,6439,6471,6953,6718,5777,5524,7959,7299,7470,7662,8228,7957,9073,8475,8119,9076,10538,10589,9086,8660,8811,9450,11065,10043
GS8,1020,461,17272,18250,17742,18037,16862,17083,17918,18365,18699,18862,17358,17283,17471,17622,16940,15288,14087,13284,0,0,0,0,0,0,18319,18463,19280,19652,19390,19108,16827,15667,14709,13229,12025,10380,17286,18237,17372,17467,17182,16418,15370,16287,15576,16363,15955,15759,8371,7734,7870,8520,8244,7647,7992,7528,6737,6891,6757,6098,7909,7517,7801,7624,7645,7483,7795,8128,7981,7926,7787,7569,7385,7382,7952,7673,6582,6324,9067,8282,8484,8749,9390,9071,10334,9604,9253,10299,12008,12046,10359,9905,10118,10772,12626,11459
GS8,1020,462,19754,20911,20345,20623,19337,19637,20678,21149,21556,21812,20056,19913,20155,20341,19582,17667,16216,15445,0,0,0,0,0,0,21066,21257,22271,22596,22307,22064,19380,17993,16891,15229,13818,11915,19889,20913,19945,20076,19785,18858,17568,18737,17897,18713,18217,18089,9566,8888,9065,9742,9451,8780,9113,8671,7741,7886,7736,7006,9042,8633,8948,8682,8737,8542,8998,9287,9135,9081,8934,8664,8425,8460,9069,8754,7505,7242,10413,9506,9773,10094,10766,10455,11941,11123,10633,11887,13792,13838,11958,11446,11628,12409,14587,13271
GS8,1020,463,22609,24058,23334,23610,22129,22404,23486,24057,24511,24771,22819,22728,22858,23101,22193,20118,18392,17479,0,0,0,0,0,0,24015,24199,25324,25707,25461,25180,22046,20444,19299,17368,15770,13620,22610,23906,22757,22870,22522,21492,19997,21285,20356,21227,20809,20541,10994,10177,10408,11188,10866,10029,10458,9954,8878,9075,8893,8041,10337,9915,10249,10005,10044,9785,10206,10644,10494,10366,10256,9915,9667,9679,10361,10050,8616,8256,11629,10652,10969,11305,12035,11698,13317,12405,11881,13351,15487,15517,13488,12867,13094,13970,16487,14949
GS8,1020,464,25101,26634,25847,26228,24503,24880,26089,26696,27316,27613,25296,25298,25327,25641,24653,22321,20469,19413,0,0,0,0,0,0,26716,26917,28130,28662,28309,27979,24433,22731,21412,19279,17498,15126,25045,26435,25180,25324,24974,23887,22144,23506,22506,23465,22985,22710,12190,11267,11504,12371,12050,11132,11587,11045,9861,10098,9862,8896,11479,10964,11368,11064,11138,10883,11340,11843,11598,11529,11370,11028,10684,10709,11529,11168,9546,9162,12812,11768,12067,12505,13337,12903,14653,13708,13135,14721,17105,17106,14850,14248,14495,15520,18266,16583
GS8,1020,465,27653,29409,28493,28916,27031,27446,28707,29387,30085,30513,27975,27905,27921,28306,27204,24615,22500,21535,0,0,0,0,0,0,29378,29630,31085,31618,31224,30901,26947,25059,23651,21272,19296,16667,27643,29178,27869,27993,27598,26387,24469,25961,24781,25863,25406,25064,13510,12504,12725,13700,13263,12293,12782,12152,10867,11171,10868,9876,12665,12126,12576,12226,12327,12071,12506,13080,12872,12717,12562,12173,11811,11859,12686,12345,10556,10130,14242,13078,13413,13857,14716,14320,16295,15166,14584,16390,18965,19091,16508,15870,16172,17286,20278,18480
GS8,1020,466,30493,32394,31450,31987,29957,30246,31638,32457,33303,33544,30806,30764,30673,31186,29997,27117,24800,23619,0,0,0,0,0,0,32348,32700,34178,34788,34432,34021,29704,27549,25993,23447,21257,18399,30248,32159,30562,30815,30338,29020,26829,28612,27234,28513,27930,27481,14895,13734,13999,15145,14659,13594,14152,13461,12028,12351,12115,10925,14009,13333,13872,13532,13592,13269,13848,14461,14142,14041,13870,13415,12973,13046,13971,13592,11642,11214,15436,14135,14558,14945,15997,15455,17611,16406,15750,17712,20455,20485,17867,17174,17497,18757,22095,19995
GS8,1020,467,32827,34889,33801,34392,32151,32637,33972,34919,35739,36211,33126,33160,33016,33591,32240,29206,26707,25419,0,0,0,0,0,0,34816,35142,36813,37440,37018,36637,31827,29605,28006,25223,22902,19790,32532,34506,32895,33080,32534,31192,28857,30680,29242,30548,29896,29470,15984,14739,15069,16235,15681,14518,15138,14436,12923,13231,12997,11722,14954,14310,14833,14465,14574,14246,14833,15508,15219,15075,14895,14376,13928,13952,15006,14595,12478,12001,16451,15053,15479,15985,17038,16503,18748,17484,16753,18820,21841,21947,19082,18402,18777,20081,23646,21495
GS8,1020,468,34950,37092,35966,36508,34241,34646,36178,37058,38085,38452,35394,35259,35044,35567,34373,31103,28397,27112,0,0,0,0,0,0,37021,37398,39063,39852,39342,38867,33873,31574,29741,26911,24396,21024,34697,36630,34962,35160,34689,33161,30792,32534,31070,32436,31785,31307,17062,15799,16097,17340,16780,15518,16194,15392,13816,14128,13883,12539,15933,15238,15831,15530,15587,15208,15799,16480,16288,16131,15854,15297,14847,14881,15963,15569,13269,12800,17409,15964,16416,16946,18053,17455,19896,18559,17824,19964,23130,23251,20299,19506,19965,21333,25147,22901
GS8,1020,469,37128,39370,38186,38855,36314,36896,38383,39387,40351,40985,37607,37488,37134,37708,36435,32900,30218,28780,0,0,0,0,0,0,39278,39627,41635,42370,41905,41346,35953,33488,31699,28624,25962,22453,36830,38974,37219,37365,36980,35344,32717,34704,33091,34448,33750,33282,18128,16787,17134,18468,17788,16515,17253,16432,14639,15058,14831,13384,17005,16273,16895,16502,16542,16199,16842,17582,17266,17111,16855,16281,15782,15859,16984,16563,14120,13636,18448,16862,17406,17945,19128,18485,21060,19690,18835,21224,24520,24651,21503,20777,21209,22693,26726,24351
GS8,1020,470,38955,41247,40063,40728,38116,38685,40320,41343,42398,42906,39542,39443,39054,39739,38239,34652,31822,30320,0,0,0,0,0,0,41132,41582,43734,44447,43889,43370,37623,35097,33282,29950,27235,23560,38577,40944,38955,39232,38675,37035,34095,36176,34550,36115,35391,34757,18923,17579,17857,19274,18644,17247,18054,17211,15380,15774,15455,14030,17759,17091,17693,17240,17323,16937,17646,18385,18078,17915,17646,17038,16545,16622,17774,17314,14833,14207,19140,17570,18148,18648,19886,19259,21772,20437,19618,22011,25521,25545,22387,21637,22113,23729,27931,25411
GS8,1020,471,39835,42270,40920,41618,39097,39561,41257,42403,43554,44088,40555,40446,39966,40735,39192,35541,32661,31071,0,0,0,0,0,0,42293,42744,44814,45599,45014,44555,38489,35915,33996,30664,27869,24138,39494,41798,39954,40095,39661,37772,34974,37084,35412,36979,36272,35559,19453,18022,18354,19761,19122,17652,18431,17590,15732,16165,15823,14361,18194,17472,18079,17641,17755,17342,18079,18807,18538,18353,18058,17461,16920,17015,18198,17762,15153,14542,19527,17868,18396,19034,20231,19605,22239,20799,19983,22422,26054,26069,22815,22113,22586,24250,28520,25955
GS8,1020,472,40619,43180,41824,42522,39890,40367,42217,43337,44439,44924,41413,41310,40845,41657,40039,36357,33354,31669,0,0,0,0,0,0,43154,43718,45814,46539,46031,45499,39429,36745,34742,31449,28520,24687,40332,42688,40875,40923,40554,38732,35757,37844,36110,37677,36879,36373,19836,18363,18706,20141,19443,18001,18884,17978,16118,16551,16233,14651,18698,17853,18508,18027,18072,17785,18380,19281,18902,18798,18477,17810,17300,17374,18653,18148,15503,14896,20057,18418,18854,19480,20775,20096,22887,21391,20487,23054,26772,26820,23585,22773,23308,25102,29429,26832
GS8,1020,473,41854,44392,43086,43790,41022,41570,43420,44705,45866,46316,42738,42628,42094,42861,41295,37333,34304,32622,0,0,0,0,0,0,44381,44847,47019,47979,47445,46831,40542,37878,35825,32394,29342,25464,41666,43985,41953,42210,41688,39943,36795,39059,37244,38831,38013,37435,20289,18848,19160,20596,19827,18326,19282,18444,16496,16910,16584,15015,19096,18271,18947,18428,18599,18177,18848,19695,19358,19200,18862,18222,17761,17786,19114,18519,15836,15239,20231,18497,19071,19719,20919,20341,23056,21618,20744,23302,26999,27121,23870,23081,23651,25386,29849,27251
GS8,1020,474,41748,44301,42925,43625,40875,41446,43326,44549,45590,46359,42658,42516,42033,42717,41181,37340,34224,32671,0,0,0,0,0,0,44408,44875,47055,47818,47319,46781,40454,37785,35707,32330,29406,25400,41478,43733,41815,42108,41609,39885,36555,38926,37158,38697,37987,37382,20422,18798,19181,20587,19943,18395,19381,18498,16499,16916,16661,15036,19160,18254,18970,18567,18663,18213,18949,19787,19391,19233,18988,18331,17741,17879,19183,18630,15931,15307,20228,18552,19127,19724,21030,20358,23110,21577,20703,23318,27055,27127,23862,23109,23711,25493,29986,27296
GS8,1020,475,42358,44733,43429,44290,41429,41911,43945,45161,46336,46953,43196,43090,42543,43355,41682,37833,34756,33091,0,0,0,0,0,0,44967,45368,47537,48455,47888,47393,40912,38153,36104,32705,29704,25666,41853,44414,42323,42610,42126,40292,36902,39259,37491,39084,38282,37785,20394,18822,19163,20643,19968,18430,19429,18509,16596,17035,16672,15140,19236,18338,19075,18604,18709,18252,19029,19858,19463,19301,19016,18402,17961,17989,19302,18638,15938,15357,20349,18631,19156,19762,21093,20483,23279,21750,20881,23494,27221,27269,24122,23335,23873,25672,30255,27603
GS8,1020,476,41593,44152,42714,43530,40692,41219,43145,44415,45573,46162,42472,42446,41815,42580,41091,37159,34224,32644,0,0,0,0,0,0,44242,44758,46871,47828,47186,46664,40382,37672,35635,32181,29320,25443,41290,43676,41845,42009,41523,39813,36559,38782,37191,38651,37866,37216,20165,18593,18997,20423,19676,18199,19169,18275,16408,16817,16513,14940,19026,18150,18831,18381,18467,18078,18777,19562,19248,18947,18765,18135,17681,17732,19041,18515,15762,15135,19971,18315,18898,19443,20732,20149,22892,21336,20499,23060,26682,26843,23695,22887,23498,25277,29772,27080
GS8,1020,477,40981,43426,42002,42884,40022,40557,42622,43750,44900,45569,41927,41850,41223,42010,40422,36819,33672,32151,0,0,0,0,0,0,43622,44119,46198,47037,46515,46135,39834,37143,35218,31789,28937,25145,40741,43173,41309,41452,40920,39177,36143,38283,36601,38097,37239,36741,19882,18479,18708,20150,19399,17949,19021,18049,16135,16649,16334,14742,18815,17973,18615,18195,18277,17865,18564,19394,19012,18793,18625,17946,17472,17567,18834,18287,15674,15029,19834,18063,18616,19257,20496,19890,22591,21134,20291,22846,26382,26403,23429,22742,23316,25063,29506,26913
GS8,1020,478,39932,42342,41151,41893,39211,39687,41656,42849,44040,44565,41016,40873,40301,41075,39568,35911,32992,31454,0,0,0,0,0,0,42795,43193,45231,46180,45717,45260,39130,36458,34545,31254,28351,24626,40066,42338,40471,40657,40128,38455,35339,37443,35844,37354,36603,36066,19458,17954,18271,19677,18953,17527,18577,17647,15799,16247,16000,14419,18387,17572,18226,17791,17874,17432,18232,18959,18640,18388,18140,17545,17128,17173,18399,17921,15368,14688,19298,17635,18198,18837,20037,19361,22097,20621,19884,22251,25724,25926,22913,22268,22784,24507,28883,26245
GS8,1020,479,39364,41729,40421,41158,38529,39024,40919,42050,43064,43746,40331,40191,39648,40456,39006,35284,32558,30952,0,0,0,0,0,0,41965,42463,44615,45408,44916,44497,38361,35797,34030,30666,27897,24144,39298,41607,39785,39865,39424,37681,34798,36861,35228,36757,35940,35361,19157,17704,17986,19318,18632,17235,18238,17340,15543,15942,15657,14229,18102,17269,17902,17469,17508,17173,17907,18637,18292,18098,17869,17246,16890,16899,18040,17599,15039,14428,18988,17373,17886,18393,19679,19052,21728,20285,19496,21905,25310,25442,22594,21867,22476,24163,28375,25826
GS8,1020,480,38273,40540,39391,40043,37341,37967,39858,40930,41954,42562,39137,39160,38584,39256,37907,34457,31575,30127,0,0,0,0,0,0,40849,41334,43331,44199,43724,43215,37449,34872,33104,29885,27167,23536,38268,40506,38682,38868,38385,36773,33817,35895,34291,35743,35070,34486,18597,17117,17393,18671,18018,16635,17663,16839,15090,15499,15178,13760,17551,16755,17355,16923,17040,16655,17351,18055,17783,17589,17414,16693,16360,16426,17581,17155,14662,14059,18461,16900,17391,17895,19118,18517,21138,19707,18971,21269,24594,24700,21915,21280,21819,23401,27629,25194
GS8,1020,481,37542,39697,38592,39357,36695,37226,39184,40143,41131,41802,38377,38450,37916,38589,37211,33848,31067,29592,0,0,0,0,0,0,40288,40599,42605,43393,42943,42512,36760,34405,32586,29286,26797,23173,37590,39864,37990,38253,37801,36169,33333,35340,33786,35235,34589,33929,18151,16751,17012,18276,17581,16277,17308,16523,14752,15109,14851,13456,17211,16401,17001,16614,16655,16282,16994,17681,17328,17201,16956,16362,16053,16078,17212,16782,14311,13726,18097,16558,17064,17547,18750,18125,20699,19328,18563,20807,24123,24166,21544,20859,21409,22970,27009,24685
GS8,1020,482,36480,38628,37506,38053,35505,36051,38005,38938,40051,40500,37247,37306,36764,37426,36144,32785,30169,28702,0,0,0,0,0,0,39058,39425,41280,42081,41615,41131,35809,33222,31473,28547,25951,22565,36579,38552,36906,37145,36717,35090,32420,34341,32805,34144,33537,32992,17741,16335,16575,17787,17182,15852,16967,16068,14400,14786,14453,13153,16798,16018,16583,16092,16176,15858,16618,17301,16916,16723,16537,15955,15652,15693,16789,16381,13939,13391,17748,16154,16596,17054,18203,17696,20201,18826,18095,20222,23474,23608,20951,20322,20776,22369,26313,24037
GS8,1020,483,35268,37281,36208,36764,34456,34931,36772,37650,38611,39170,36042,36015,35557,36186,34866,31722,29153,27731,0,0,0,0,0,0,37766,38167,40018,40702,40345,39885,34530,32174,30501,27558,25157,21793,35324,37377,35707,35877,35419,33902,31353,33199,31789,33118,32494,31974,17095,15750,16023,17173,16507,15246,16318,15479,13861,14182,13972,12636,16146,15412,15943,15567,15658,15296,15969,16598,16326,16189,15941,15418,15082,15156,16171,15768,13462,12943,17143,15624,16063,16559,17666,17123,19538,18240,17513,19659,22734,22876,20345,19660,20143,21634,25475,23233
GS8,1020,484,34736,36883,35727,36359,33989,34494,36303,37185,38124,38641,35499,35547,35205,35810,34485,31326,28797,27449,0,0,0,0,0,0,37334,37642,39478,40174,39787,39240,34248,31795,30235,27367,24835,21541,34925,36911,35258,35536,34985,33517,31019,32848,31481,32781,32064,31612,16874,15539,15734,16916,16263,15075,16136,15279,13691,13978,13759,12469,15965,15193,15750,15338,15381,15072,15812,16411,16126,15987,15738,15180,14909,14978,16018,15539,13341,12752,16989,15463,15930,16372,17424,16904,19343,18053,17268,19438,22416,22516,20032,19443,19905,21329,25190,22938
GS8,1020,485,33797,35806,34709,35203,33040,33494,35285,36173,36983,37454,34514,34454,34167,34879,33497,30443,27956,26645,0,0,0,0,0,0,36239,36530,38355,39022,38589,38084,33316,30943,29347,26574,24201,20972,33965,35859,34134,34374,34081,32604,30117,32007,30533,31851,31206,30751,16382,15093,15315,16435,15894,14675,15672,14877,13257,13631,13381,12154,15575,14781,15263,14923,15023,14660,15341,15988,15702,15559,15325,14722,14557,14574,15563,15150,12936,12403,16564,15121,15511,15933,16986,16445,18902,17556,16862,18916,21850,21963,19576,18981,19378,20807,24521,22337
GS8,1020,486,33285,35272,34191,34793,32460,32922,34767,35620,36405,36908,33910,33813,33629,34254,32986,29999,27541,26263,0,0,0,0,0,0,35651,36084,37620,38257,37899,37390,32739,30468,28941,26111,23856,20739,33496,35260,33695,33905,33478,32023,29707,31589,30233,31431,30820,30257,16118,14847,15028,16136,15503,14345,15363,14597,13006,13384,13104,11925,15280,14572,15055,14672,14748,14364,15155,15686,15393,15238,15034,14527,14320,14313,15293,14844,12682,12189,16460,15021,15445,15856,16942,16362,18790,17493,16753,18826,21770,21878,19407,18775,19239,20608,24187,21983
GS8,1020,487,32975,34832,33752,34330,32171,32532,34286,35229,35976,36349,33386,33389,33239,33882,32692,29626,27250,26025,0,0,0,0,0,0,35183,35558,37145,37864,37320,36990,32353,30169,28665,25890,23604,20560,33098,34933,33356,33570,33153,31753,29389,31281,29862,31075,30505,29969,16044,14733,14903,16021,15408,14235,15262,14469,12931,13264,13064,11836,15164,14437,14919,14608,14622,14265,14974,15579,15297,15128,14905,14403,14196,14234,15170,14745,12611,12094,16304,14834,15264,15714,16739,16181,18581,17273,16542,18493,21437,21523,19154,18490,18931,20333,23848,21653
GS8,1020,488,32458,34320,33257,33862,31739,32024,33747,34562,35352,35700,32914,32759,32780,33250,32115,29173,26833,25619,0,0,0,0,0,0,34634,34834,36457,37150,36670,36261,31764,29654,28126,25484,23243,20227,32540,34369,32663,32930,32507,31175,29018,30777,29436,30695,30041,29591,15704,14404,14657,15717,15132,13939,14904,14202,12695,13007,12761,11562,14916,14151,14612,14268,14314,13933,14774,15308,14956,14837,14673,14087,13998,13930,14889,14489,12420,11886,16072,14667,15131,15541,16559,16043,18285,17091,16336,18341,21130,21217,18890,18251,18682,19996,23462,21400
GS8,1020,489,32275,34009,32907,33529,31494,31884,33489,34236,34953,35383,32545,32528,32474,32923,31746,28945,26597,25400,0,0,0,0,0,0,34292,34610,36025,36689,36253,35768,31530,29474,27931,25285,23154,20144,32269,34014,32484,32664,32289,30806,28769,30595,29210,30463,29836,29287,15598,14304,14511,15500,14983,13837,14874,14113,12594,12889,12657,11456,14779,14073,14533,14164,14212,13858,14689,15222,14894,14759,14486,13983,13860,13861,14803,14343,12305,11756,16173,14732,15155,15588,16565,16040,18300,17029,16364,18303,21192,21237,18866,18149,18587,19857,23365,21332
GS8,1020,490,32335,34263,33200,33820,31681,32030,33577,34334,35031,35420,32638,32546,32736,33084,31992,29045,26807,25642,0,0,0,0,0,0,34352,34602,36176,36758,36313,35743,31657,29588,28124,25554,23377,20354,32453,34297,32633,32942,32456,31038,29107,30957,29558,30784,30084,29513,15735,14427,14594,15704,15099,13907,14969,14198,12718,12987,12742,11557,14968,14190,14642,14242,14351,14001,14764,15299,14975,14838,14579,14067,13963,13964,14887,14450,12390,11883,16197,14780,15139,15628,16642,16155,18378,17100,16378,18279,21189,21202,18932,18193,18560,19824,23265,21240
GS8,1020,491,32239,34061,32950,33625,31533,31917,33440,34140,34878,35103,32330,32176,32534,32928,31797,28942,26633,25560,0,0,0,0,0,0,34200,34396,35791,36356,35841,35471,31540,29432,27900,25432,23255,20308,32265,34075,32499,32640,32325,30814,28931,30809,29494,30668,30042,29413,15600,14324,14450,15547,14958,13763,14837,14095,12559,12868,12605,11396,14796,14059,14513,14139,14229,13858,14636,15209,14801,14707,14465,13931,13859,13840,14746,14342,12263,11772,16111,14767,15111,15659,16676,16089,18357,17054,16348,18262,21118,21184,18741,18101,18430,19702,23093,21027
GS8,1020,492,32438,34211,33209,33780,31680,32082,33646,34300,34984,35259,32476,32374,32723,33192,32076,29229,26921,25831,0,0,0,0,0,0,34249,34403,35786,36334,35803,35462,31818,29595,28226,25708,23507,20594,32471,34349,32557,32751,32411,31046,29168,31094,29787,30884,30252,29646,15756,14463,14597,15645,15010,13865,14995,14294,12711,12994,12745,11570,14947,14200,14681,14297,14352,14017,14801,15327,15012,14828,14603,14056,14085,14022,14895,14498,12393,11899,16489,15064,15477,15952,17028,16458,18747,17386,16617,18631,21478,21504,19126,18370,18629,19947,23333,21230
GS8,1020,493,32921,34812,33824,34393,32314,32513,34171,34820,35433,35722,32933,32796,33295,33741,32626,29714,27515,26302,0,0,0,0,0,0,34730,34871,36317,36720,36186,35772,32326,30201,28737,26281,24075,21124,32991,34798,33194,33345,32954,31463,29853,31828,30465,31586,30820,30204,16007,14658,14797,15873,15251,14088,15239,14490,12889,13226,12974,11681,15201,14485,14874,14492,14534,14208,15041,15599,15260,14987,14797,14289,14314,14231,15183,14724,12558,12045,16687,15255,15711,16151,17214,16666,18880,17595,16751,18750,21657,21552,19244,18399,18762,20019,23367,21289
GS8,1020,494,33602,35484,34420,35136,32815,33252,34637,35286,35871,36218,33263,33070,33783,34206,33127,30306,27997,26925,0,0,0,0,0,0,35263,35264,36623,37079,36521,36063,32870,30686,29310,26767,24665,21662,33635,35432,33653,33931,33488,31958,30431,32436,31014,32188,31468,30807,16233,14869,15065,16112,15476,14275,15549,14752,13109,13389,13084,11875,15455,14709,15119,14740,14780,14453,15303,15854,15427,15261,15012,14522,14513,14447,15374,14897,12758,12252,17174,15754,16113,16576,17707,17121,19415,17962,17159,19191,22049,22037,19634,18781,19048,20257,23730,21573
GS8,1020,495,34459,36494,35332,36013,33786,34150,35535,36222,36830,37115,34088,33916,34837,35299,34110,31189,28855,27868,0,0,0,0,0,0,36007,35916,37302,37709,37176,36640,33751,31531,30087,27657,25550,22463,34472,36315,34597,34820,34277,32776,31310,33522,32024,33232,32456,31604,16719,15273,15438,16520,15880,14628,16048,15156,13485,13768,13481,12188,15971,15123,15574,15166,15213,14851,15765,16282,15884,15676,15432,14910,14950,14915,15821,15344,13178,12582,17637,16127,16607,17114,18181,17653,19920,18478,17620,19604,22509,22518,20148,19173,19376,20617,24036,21948
GS8,1020,496,35240,37261,35960,36738,34489,34838,36227,36835,37440,37647,34692,34497,35450,36004,34779,31925,29613,28600,0,0,0,0,0,0,36561,36516,37706,38098,37546,36891,34498,32329,30871,28380,26257,23305,35363,37256,35315,35475,35036,33466,32204,34496,32938,34204,33249,32480,17081,15542,15664,16752,16122,14866,16320,15456,13731,14001,13704,12387,16259,15459,15918,15494,15503,15092,16054,16587,16131,15904,15680,15132,15189,15125,16071,15591,13348,12825,18058,16511,17008,17487,18632,18062,20356,18838,17978,19985,22965,22885,20474,19443,19603,20826,24253,22070
GS8,1020,497,36327,38473,37305,38011,35639,35922,37258,37868,38465,38709,35543,35242,36550,37270,36015,33105,30693,29707,0,0,0,0,0,0,37506,37297,38444,38853,38156,37671,35559,33346,31968,29453,27357,24392,36320,38305,36342,36526,35998,34433,33417,35655,34327,35430,34487,33578,17639,16046,16114,17247,16518,15254,16880,15959,14148,14463,14092,12795,16835,15989,16421,15947,16010,15592,16621,17127,16618,16445,16144,15572,15755,15685,16587,16133,13804,13249,18843,17252,17701,18212,19413,18842,21182,19568,18611,20658,23699,23518,21246,20118,20219,21437,24912,22587
GS8,1020,498,37398,39562,38273,39072,36575,36908,38334,38736,39304,39518,36394,36023,37651,38348,37118,34203,31769,30873,0,0,0,0,0,0,38389,38082,39248,39529,38737,38237,36642,34439,33119,30734,28539,25599,37551,39483,37452,37622,37014,35548,34514,37102,35480,36727,35747,34724,18085,16494,16525,17627,16954,15664,17404,16445,14571,14890,14551,13091,17373,16434,16957,16477,16437,16063,17107,17624,17125,16822,16574,15960,16201,16099,17044,16488,14174,13592,19667,17977,18433,18972,20205,19614,22005,20346,19244,21304,24422,24286,21859,20705,20735,21848,25440,23056
GS8,1020,499,39401,41718,40430,41133,38578,38900,40267,40632,41222,41346,38072,37729,39671,40378,39128,36115,33705,32729,0,0,0,0,0,0,40152,39670,40739,41019,40277,39626,38655,36305,35031,32571,30437,27454,39494,41434,39287,39427,38967,37207,36639,39287,37613,38976,37740,36657,19018,17211,17279,18352,17681,16262,18264,17282,15252,15524,15170,13648,18232,17309,17753,17282,17284,16840,17922,18421,17861,17621,17333,16726,17060,16864,17926,17283,14850,14323,20649,18789,19276,19828,21104,20468,22978,21204,20022,22129,25115,25019,22718,21410,21386,22497,26148,23644
GS8,1020,500,41017,43317,41995,42767,40147,40423,41583,42050,42385,42620,39232,38849,41138,42111,40712,37663,35165,34359,0,0,0,0,0,0,41335,40744,41792,41944,41012,40371,40039,37779,36493,34133,32047,28969,40864,42873,40637,40765,40347,38528,38151,41064,39250,40536,39305,38130,19687,17846,17852,18912,18108,16775,18946,17927,15855,16093,15664,14111,18870,17946,18381,17918,17891,17410,18579,19082,18461,18184,17919,17269,17651,17512,18501,17871,15416,14759,21451,19618,20141,20672,22052,21382,23872,21938,20755,22807,25985,25828,23501,21995,21946,23083,26652,24075
GS8,1020,501,42620,45208,43667,44491,41732,42175,43334,43585,43913,44015,40481,40066,42862,43749,42504,39488,36994,36184,0,0,0,0,0,0,42838,41989,42840,43023,41996,41200,41743,39599,38311,35914,33884,30865,42467,44597,42254,42373,41822,40032,40061,43041,41221,42518,41145,39871,20411,18452,18392,19462,18628,17321,19693,18584,16373,16666,16190,14594,19661,18672,19086,18518,18550,18102,19299,19790,19204,18902,18495,17869,18390,18179,19197,18524,15960,15300,22439,20557,21019,21550,23114,22395,24922,22803,21487,23536,26737,26563,24386,22791,22618,23671,27297,24593
GS8,1020,502,45687,48438,46814,47747,44783,45219,46122,46294,46657,46761,42890,42560,45809,46929,45672,42332,39882,39207,0,0,0,0,0,0,45430,44397,45152,45164,44056,43142,44802,42542,41386,38965,36908,33792,45503,47612,45104,45294,44684,42878,43188,46584,44550,45868,44295,42862,21826,19681,19532,20729,19806,18315,21123,19834,17527,17786,17200,15574,21058,19912,20378,19857,19797,19318,20600,21149,20462,20122,19736,18976,19620,19422,20431,19778,17012,16384,24246,22163,22654,23226,24737,24045,26768,24454,22980,25083,28501,28209,26049,24198,23882,24909,28706,25813
GS8,1020,503,47766,50503,49010,49757,46724,47243,47936,48250,48343,48467,44457,43969,47831,49057,47813,44700,42135,41446,0,0,0,0,0,0,47100,45742,46507,46289,45058,44114,46658,44441,43405,41057,39093,36135,47338,49582,46854,47125,46445,44501,45209,48890,46707,48081,46367,44794,22720,20400,20305,21406,20531,18892,22010,20713,18231,18505,17918,16137,21941,20830,21305,20594,20649,20015,21506,22006,21282,20850,20429,19773,20439,20250,21210,20497,17670,16969,25282,23050,23604,24232,25795,25145,27840,25360,23686,25881,29374,28897,26854,24859,24527,25546,29175,26195
GS8,1020,504,50606,53643,51987,52868,49695,50140,50644,50849,51026,51205,46731,46276,50819,52230,50910,47606,44959,44414,0,0,0,0,0,0,49636,48124,48572,48312,46941,45760,49477,47444,46346,44158,42159,39206,50284,52600,49621,49764,49107,46981,48187,52179,49930,51356,49327,47706,23972,21445,21290,22412,21457,19808,23320,21877,19266,19500,18846,16975,23228,21981,22494,21802,21778,21261,22745,23262,22326,21978,21496,20784,21588,21327,22397,21626,18633,17874,26816,24468,25038,25710,27367,26575,29458,26758,24920,27147,30633,30244,28327,26095,25537,26484,30337,27097
GS8,1020,505,53668,56996,55162,56228,52646,53094,53642,53597,53759,53680,49306,48640,53853,55449,54212,50712,48070,47668,0,0,0,0,0,0,52308,50386,50789,50338,48814,47546,52660,50530,49679,47420,45616,42530,53130,55677,52418,52684,52130,49762,51427,55837,53343,54659,52612,50593,25295,22637,22363,23601,22489,20712,24643,23149,20271,20574,19829,17902,24551,23240,23818,23071,22976,22359,23981,24481,23501,23141,22589,21847,22843,22529,23616,22791,19690,18856,28878,26320,26928,27634,29447,28668,31464,28476,26583,28873,32425,31991,30150,27628,27068,27899,31806,28403
GS8,1020,506,56813,60360,58259,59459,55702,56236,56599,56602,56509,56423,51673,50886,57017,58644,57460,53898,51267,51042,0,0,0,0,0,0,54909,52841,53032,52363,50746,49350,55799,53591,52776,50628,48871,45790,55974,58486,55193,55489,54813,52341,54605,59228,56624,57955,55845,53471,26663,23799,23554,24710,23495,21708,26037,24435,21336,21635,20831,18795,25964,24550,25094,24300,24242,23595,25314,25811,24823,24313,23805,22930,24082,23788,24853,23952,20724,19866,30162,27578,28182,28942,30839,30001,32903,29651,27550,29923,33644,32992,31484,28689,27970,28837,32734,29156
GS8,1020,507,60278,63872,61885,63130,59138,59730,59778,59750,59537,59584,54492,53513,60552,62458,61117,57539,54901,54760,0,0,0,0,0,0,57901,55420,55334,54632,52649,51228,59047,56879,56264,54190,52485,49541,59136,61873,58353,58470,57645,55205,58032,63109,60140,61572,59206,56792,28027,24909,24465,25778,24451,22637,27411,25719,22419,22666,21899,19689,27297,25871,26376,25540,25463,24797,26546,27106,25964,25474,24986,24037,25372,25000,26152,25118,21738,20938,31830,29048,29710,30538,32484,31682,34741,31167,28864,31187,35012,34364,32845,29940,29081,29841,33838,30168
GS8,1020,508,64077,68055,65845,67156,62841,63505,63301,63223,62921,62908,57526,56685,64473,66579,65417,61415,58942,58786,0,0,0,0,0,0,61371,58574,58291,57403,55304,53613,62894,60779,60363,58445,56822,53802,62966,65984,62121,62184,61486,58763,62279,67686,64547,66119,63340,60593,29711,26456,26012,27273,25927,23918,29250,27336,23904,24159,23265,20952,29082,27495,28055,27125,27037,26353,28273,28771,27566,27020,26387,25418,27045,26485,27688,26599,23058,22166,33852,30835,31545,32182,34414,33632,36706,32856,30355,32782,36702,35975,34754,31485,30403,31181,35251,31165
GS8,1020,509,67761,72043,69710,71082,66489,67034,66980,66798,66337,66199,60404,59473,68148,70505,69359,65377,62771,62829,0,0,0,0,0,0,64653,61517,61005,59975,57584,55787,66612,64430,64157,62403,60664,57832,66612,69407,65404,65529,64649,61768,65912,71673,68342,70048,67045,64191,31264,27713,27237,28508,26973,24924,30664,28749,25060,25365,24338,21914,30562,28857,29412,28514,28474,27668,29587,30133,28842,28273,27625,26645,28381,27972,29035,27887,24158,23263,35407,32404,33143,33849,36103,35301,38358,34416,31809,34112,38158,37336,36236,32829,31658,32281,36415,32272
GS8,1020,510,70736,75315,72965,74330,69483,70178,69976,69507,69295,68994,62868,61945,71316,74138,72878,68871,65941,66373,0,0,0,0,0,0,67319,63859,63241,62033,59498,57544,69574,67651,67493,65859,64172,61498,69435,72456,68240,68332,67489,64267,69191,75240,71784,73429,70188,67085,32555,28743,28261,29580,28012,25852,32075,30027,26141,26358,25466,22907,31949,30197,30756,29841,29840,28940,30975,31481,30112,29483,28734,27708,29554,29187,30314,29189,25268,24366,36977,33738,34568,35397,37655,36824,40107,35839,32924,35408,39556,38543,37723,34022,32707,33283,37455,33179
GS8,1020,511,73894,78675,76053,77620,72709,73462,73238,72599,72210,71711,65506,64358,74757,77412,76340,72190,69542,69952,0,0,0,0,0,0,70333,66516,65718,64359,61591,59515,72797,70927,71077,69369,68061,65068,72457,75619,71159,71317,70339,67163,72466,79021,75257,76955,73708,70291,33767,29773,29148,30466,28843,26537,33218,31022,27020,27301,26305,23613,33021,31265,31820,30816,30757,29904,32098,32505,31112,30386,29660,28565,30611,30066,31338,30070,26162,25099,38537,35164,35937,36761,39214,38248,41589,37062,34090,36572,40762,39716,39023,35226,33766,34383,38602,34130
GS8,1020,512,77931,82699,79968,81584,76411,77176,76744,76203,75585,75291,68716,67372,78451,81764,80604,76125,73388,74107,0,0,0,0,0,0,73744,69615,68771,67161,64178,61826,76541,74664,74966,73619,72081,69267,76110,79446,74764,74648,73607,70198,76209,83143,79424,81107,77493,74069,35283,31148,30379,31785,30138,27691,34861,32576,28345,28600,27630,24808,34714,32738,33379,32383,32268,31375,33557,34028,32507,31815,31095,30038,32191,31633,32847,31561,27381,26280,39948,36385,37237,38154,40683,39756,43047,38277,35189,37560,41965,40829,40449,36391,34828,35234,39614,34931
GS8,1020,513,80137,85167,82417,84145,78800,79484,78960,78363,77774,77371,70404,69156,80819,84210,83153,78776,76072,76877,0,0,0,0,0,0,75851,71558,70454,68800,65568,63146,79001,77240,77586,76369,75072,72182,78090,81393,76761,76579,75640,72158,78636,85872,81898,83730,79850,76196,36376,31976,31172,32622,30950,28469,35966,33618,29214,29520,28429,25507,35757,33701,34369,33386,33202,32350,34590,35060,33518,32678,31926,30855,33070,32566,33794,32480,28061,27139,41012,37367,38231,39111,41771,40828,44116,39221,35903,38421,42831,41595,41438,37239,35503,35982,40373,35528
GS8,1020,514,82045,87473,84626,86419,80816,81778,81033,80283,79719,79249,72062,70778,83212,86790,85843,81010,78303,79349,0,0,0,0,0,0,77778,73322,72156,70255,67091,64503,81216,79511,80097,78889,77716,74900,80456,83790,78739,78787,77516,74085,80923,88554,84565,86262,82259,78434,36890,32482,31645,33025,31353,28777,36517,34159,29656,29989,28929,25995,36361,34343,34910,33794,33713,32796,35182,35568,34020,33183,32530,31302,33747,33075,34383,33069,28650,27618,41647,37959,38837,39756,42455,41566,44802,39762,36440,38745,43278,42160,42068,37855,36046,36481,40762,35888
GS8,1020,515,83676,88898,86190,87847,82283,82929,82569,81722,80983,80454,73266,71696,84797,88777,87685,82893,80168,81127,0,0,0,0,0,0,79612,74626,73176,71238,67902,65251,82931,81375,82025,80696,79697,76868,81991,85572,79961,80038,78970,75267,82673,90541,86203,88286,84007,80249,37693,33003,32208,33540,31735,29230,37301,34731,30281,30546,29418,26529,37099,35090,35638,34576,34403,33509,35846,36347,34660,33806,33114,31883,34409,33801,35081,33653,29209,28132,42322,38683,39466,40419,43177,42297,45540,40257,36982,39408,43837,42534,42705,38371,36539,36832,41326,36172
GS8,1020,516,84859,90424,87639,89293,83382,84275,83921,83099,82398,81750,74303,72783,86189,90160,89120,84346,81641,82878,0,0,0,0,0,0,80805,75890,74201,72393,68785,65923,84236,82666,83487,82433,81332,78585,83199,86698,81249,81147,79882,76224,84073,92153,87624,89554,85492,81586,38052,33321,32511,33787,32033,29407,37646,35192,30490,30818,29789,26773,37466,35417,36069,34873,34730,33830,36240,36719,34990,34105,33318,32160,34784,34157,35411,34032,29393,28413,42505,38716,39632,40640,43366,42437,45565,40481,37041,39390,43899,42513,42915,38593,36631,36903,41366,36287
GS8,1020,517,84879,90589,87734,89363,83427,84512,83835,82883,82226,81940,74244,72535,86160,90338,89383,84474,81855,83229,0,0,0,0,0,0,80976,75794,74141,72214,68410,66021,84385,82874,83754,82833,81777,79145,83235,86510,81267,80969,79861,76042,84270,92439,88069,89826,85662,81773,37668,33051,32191,33596,31743,29146,37457,34923,30296,30607,29469,26604,37268,35153,35838,34712,34631,33615,35959,36339,34631,33924,33145,31941,34535,33856,35236,33792,29295,28198,42134,38377,39275,40205,43003,42019,45242,40053,36470,39015,43326,41985,42501,38128,36251,36532,40871,35759
GS8,1020,518,84797,90169,87493,89177,83323,84135,83703,82731,82064,81458,73895,72155,86125,90086,89414,84525,81888,83147,0,0,0,0,0,0,80703,75628,74195,72177,68407,65682,84462,82786,83688,82847,81739,79171,83056,86463,81137,81008,79535,75854,84246,92369,87863,89924,85692,81873,37601,32994,32035,33461,31589,29028,37358,34883,30192,30563,29564,26545,37200,35118,35730,34561,34451,33532,35932,36349,34645,33849,33060,31908,34475,33812,35107,33727,29233,28172,42109,38313,39212,40120,43011,42049,45229,39981,36463,38837,43181,41837,42516,38169,36178,36556,40758,35703
GS8,1020,519,83823,89411,86483,88299,82399,83287,82742,81757,81201,80572,72924,71505,85310,89354,88620,83943,81284,82570,0,0,0,0,0,0,80097,74963,73535,71360,67885,65129,83589,82122,83145,82292,81258,78773,82389,85645,80358,80145,78671,74985,83520,91624,87349,89324,85030,81309,36736,32234,31306,32600,30868,28399,36504,34057,29604,29869,28830,25914,36319,34345,34888,33860,33688,32801,35103,35416,33903,33076,32383,31185,33688,33083,34343,32988,28529,27546,40922,37293,38069,39080,41752,40851,43989,38785,35375,37702,41845,40510,41322,37102,35126,35483,39665,34682
GS8,1020,520,81887,87352,84682,86541,80344,81428,80971,80143,79521,78991,71471,69967,83588,87602,86825,82056,79715,80722,0,0,0,0,0,0,78460,73488,71948,69828,66359,63526,81969,80350,81450,80672,79623,77213,80307,83685,78499,78307,77138,73291,81734,89826,85387,87420,83394,79660,36141,31573,30656,32097,30326,27852,35932,33403,29038,29327,28254,25529,35708,33678,34202,33152,33035,32192,34410,34771,33158,32429,31728,30634,33142,32473,33752,32400,28073,27012,40203,36590,37405,38439,41078,40076,43284,38194,34813,37075,41122,39849,40703,36498,34670,34920,39100,34143
GS8,1020,521,79786,85318,82627,84176,78403,79477,78978,78148,77502,77075,69676,68106,81613,85644,84802,80024,77740,78852,0,0,0,0,0,0,76587,71793,70263,68280,64745,62142,80048,78611,79661,78786,77757,75529,78565,81761,76579,76405,74949,71440,79744,87737,83417,85450,81667,77886,35100,30694,29771,31023,29386,26920,34775,32403,28121,28370,27417,24726,34716,32682,33283,32180,32079,31133,33395,33775,32098,31436,30800,29656,32177,31546,32730,31454,27227,26175,38843,35314,36093,36930,39459,38683,41759,36858,33499,35688,39696,38318,39385,35223,33453,33664,37720,32896
GS8,1020,522,76927,82255,79441,81013,75538,76375,76078,75381,74453,74208,66939,65701,78514,82558,81773,77311,74965,75880,0,0,0,0,0,0,73888,69144,67782,65973,62493,59776,77240,75908,76855,75949,75051,72784,75788,78906,73746,73640,72261,68790,77081,84696,80713,82524,78666,75097,33716,29447,28589,29944,28328,25912,33498,31165,27058,27357,26349,23865,33369,31413,32042,30966,30912,30024,32221,32421,31027,30310,29765,28615,31049,30335,31542,30302,26264,25304,37190,33897,34599,35530,38046,37167,40062,35434,32233,34249,38102,36880,37763,33874,32125,32368,36298,31743
GS8,1020,523,74476,79413,76852,78441,73034,74096,73821,72955,72126,71669,64917,63328,76094,79947,79318,74799,72523,73576,0,0,0,0,0,0,71750,67170,65758,63859,60624,57940,74755,73391,74432,73491,72719,70502,73372,76164,71558,71337,69884,66680,74690,82189,78277,80036,76395,72856,32672,28449,27665,28845,27307,25081,32430,30125,26189,26468,25515,23061,32249,30408,30962,29999,29929,29058,31154,31430,30018,29359,28723,27748,29949,29416,30509,29263,25456,24491,35990,32718,33406,34262,36686,35858,38734,34231,31045,33113,36737,35609,36598,32671,31139,31323,35144,30686
GS8,1020,524,71243,75928,73565,74821,69805,70582,70473,69616,68888,68555,61977,60459,72646,76326,75477,71383,69086,70049,0,0,0,0,0,0,68614,64133,62907,61127,57858,55441,71488,70274,71315,70280,69315,67137,70178,72800,68258,68189,66903,63740,71395,78597,74763,76623,72984,69759,30845,26915,26142,27251,25806,23667,30641,28462,24763,25044,24140,21740,30480,28712,29209,28246,28242,27398,29387,29704,28366,27706,27129,26202,28281,27704,28848,27746,23966,23095,33974,30855,31501,32376,34588,33895,36524,32102,29280,31194,34762,33636,34492,31008,29367,29588,33091,28967
GS8,1020,525,67736,72092,69883,71306,66320,67367,67102,66296,65574,65245,58899,57512,69117,72614,71869,68004,65888,66613,0,0,0,0,0,0,65192,61106,59909,58203,55170,52922,68018,66697,67614,66748,65935,63872,66598,69339,64972,64656,63536,60463,67967,74705,71347,72805,69634,66462,29510,25717,25023,26097,24727,22669,29349,27225,23668,23934,23112,20789,29203,27518,28032,27200,26971,26211,28209,28486,27142,26552,26008,25006,27142,26598,27629,26505,22934,22122,32476,29465,30199,30966,33070,32282,34878,30704,28026,29836,33253,32048,33027,29626,28086,28390,31753,27710
GS8,1020,526,64379,68605,66518,67926,63284,64100,63802,63117,62475,62099,56045,54778,65844,69168,68565,64473,62628,63465,0,0,0,0,0,0,62288,58394,57062,55625,52726,50551,64853,63561,64546,63705,62774,60675,63600,66186,61971,61731,60553,57689,64902,71357,67845,69606,66291,63372,27911,24398,23693,24753,23412,21478,27718,25802,22372,22624,21811,19696,27601,26050,26447,25637,25496,24780,26654,26911,25738,25190,24614,23729,25710,25183,26137,25142,21716,20948,30913,27965,28618,29357,31413,30687,33192,29233,26566,28385,31557,30549,31266,28170,26770,27029,30201,26397
GS8,1020,527,61213,65154,63096,64416,59922,60709,60648,59862,59356,58993,53253,52034,62385,65563,64877,61226,59284,59984,0,0,0,0,0,0,59084,55383,54245,52751,50077,47978,61422,60375,61062,60241,59371,57391,60159,62702,58795,58618,57442,54724,61373,67584,64404,65968,62864,60183,26510,23080,22518,23460,22248,20383,26388,24477,21239,21482,20750,18732,26289,24689,25208,24357,24268,23661,25328,25686,24464,23940,23450,22494,24451,23943,24849,23973,20647,19926,29242,26604,27140,27832,29768,29108,31469,27746,25221,26909,30003,29132,29760,26727,25412,25566,28757,25088
GS8,1020,528,59297,62994,61019,62400,57936,58874,58580,57942,57455,57075,51509,50285,60515,63457,62900,59226,57398,58044,0,0,0,0,0,0,57057,53515,52544,51114,48564,46468,59516,58354,59179,58221,57413,55459,58397,60850,56879,56720,55540,52968,59429,65593,62246,63780,60927,58308,25344,22157,21570,22473,21299,19487,25236,23400,20319,20589,19860,17893,25162,23594,24082,23282,23262,22574,24234,24454,23438,22918,22441,21570,23316,22861,23798,22848,19724,19060,28175,25634,26204,26845,28765,28035,30345,26699,24387,25942,28998,28106,28717,25798,24483,24738,27751,24238
GS8,1020,529,56495,60162,58333,59580,55301,56084,56136,55404,54917,54393,49272,48171,57685,60593,59916,56411,54788,55246,0,0,0,0,0,0,54533,51110,50248,48916,46390,44469,56644,55690,56246,55415,54602,52733,55673,58023,54221,54153,52998,50425,56726,62331,59356,61049,58128,55479,24452,21288,20739,21681,20498,18778,24172,22488,19507,19731,19026,17164,24134,22793,23118,22393,22278,21732,23317,23635,22475,22046,21589,20775,22515,22042,22960,22029,19070,18337,27163,24696,25116,25765,27642,27000,29131,25729,23455,24947,27955,27023,27657,24773,23502,23758,26732,23260
GS8,1020,530,55129,58485,56734,58025,53920,54605,54452,53903,53490,53055,47827,47020,56208,58956,58367,54735,53059,53797,0,0,0,0,0,0,53305,50029,48994,47613,45310,43360,55342,54211,54826,53999,53155,51385,54326,56449,53027,52729,51754,49400,55355,60806,57997,59451,56642,54165,23720,20771,20208,21075,19918,18270,23574,21867,18998,19179,18557,16756,23499,22079,22504,21858,21682,21110,22751,22968,21918,21435,21000,20164,21865,21445,22278,21426,18507,17835,26216,23751,24352,24934,26660,26070,28241,24860,22621,24206,26974,26164,26768,24035,22840,23130,25965,22664
GS8,1020,531,52780,56106,54401,55625,51754,52445,52213,51736,51117,50937,45999,44963,53818,56460,55942,52476,50823,51529,0,0,0,0,0,0,51001,47789,46976,45763,43480,41585,53068,51958,52499,51778,50792,49159,52117,54314,50769,50594,49754,47312,53013,58172,55622,57059,54310,51873,22901,19945,19414,20330,19206,17591,22667,21028,18235,18448,17792,16066,22612,21242,21637,20952,20842,20278,21775,22037,21118,20630,20163,19371,20983,20561,21409,20560,17800,17105,25265,22961,23482,24134,25786,25225,27205,24043,21926,23380,26144,25310,25776,23151,22075,22273,25093,21936
GS8,1020,532,50780,54139,52569,53585,49749,50462,50516,50081,49537,49164,44356,43417,51904,54417,53865,50646,49048,49607,0,0,0,0,0,0,49287,46241,45416,44263,42067,40216,51041,50153,50527,49692,48930,47282,50196,52277,48935,48875,47894,45530,51219,56219,53502,54887,52377,50067,22029,19274,18771,19582,18579,16981,21895,20306,17664,17880,17197,15529,21808,20483,20923,20220,20141,19579,21035,21286,20413,19941,19539,18732,20259,19863,20755,19903,17127,16550,24357,22137,22696,23181,24771,24283,26269,23177,21107,22652,25220,24426,24883,22366,21321,21509,24179,21181
GS8,1020,533,48845,51932,50402,51439,47861,48519,48533,47967,47497,47195,42745,41811,49928,52262,51631,48550,47054,47452,0,0,0,0,0,0,47285,44385,43676,42554,40390,38733,48980,47917,48448,47626,46664,45112,48229,50170,46972,46843,46079,43608,49039,53950,51327,52517,50200,47946,21210,18566,18070,18839,17897,16348,21018,19577,17032,17171,16558,14935,20966,19679,20062,19442,19384,18813,20285,20494,19568,19119,18785,18056,19469,19098,19885,19141,16460,15919,23497,21407,21799,22370,23928,23381,25291,22331,20387,21826,24386,23629,24028,21661,20689,20842,23412,20506
GS8,1020,534,46888,49901,48478,49411,45875,46597,46563,46150,45716,45476,40986,40152,47776,50210,49550,46511,44958,45606,0,0,0,0,0,0,45358,42674,41928,40815,38792,37214,47123,46130,46600,45694,44844,43397,46313,48262,45327,45106,44258,41994,47040,51723,49361,50524,48208,46225,20339,17724,17328,18136,17078,15734,20156,18677,16292,16434,15886,14276,20126,18939,19273,18622,18656,18091,19457,19660,18767,18425,18021,17350,18791,18372,19055,18372,15882,15218,22563,20528,20915,21490,22990,22455,24301,21408,19641,20994,23480,22760,23176,20767,19847,19993,22506,19716
GS8,1020,535,45476,48415,46884,47757,44583,45153,45220,44739,44369,44153,39796,38899,46440,48687,48042,45054,43724,44027,0,0,0,0,0,0,44007,41503,40776,39748,37725,36137,45662,44672,45167,44364,43405,41884,44995,46768,43909,43760,42962,40910,45733,50159,47744,48937,46680,44739,19786,17204,16792,17582,16623,15261,19533,18094,15799,15924,15431,13877,19489,18303,18659,18006,18025,17573,18852,19074,18174,17815,17481,16799,18147,17796,18485,17819,15343,14757,21841,19915,20231,20828,22325,21745,23511,20820,18967,20407,22774,22108,22407,20112,19245,19456,21880,19123
GS8,1020,536,44309,47018,45604,46628,43343,43842,43884,43408,42993,42923,38617,37808,44974,47161,46564,43662,42277,42614,0,0,0,0,0,0,42681,40143,39458,38403,36609,35053,44164,43348,43684,42923,41967,40499,43625,45456,42576,42430,41670,39633,44374,48722,46333,47447,45337,43453,19247,16802,16360,17078,16196,14874,19001,17676,15373,15519,14998,13507,18956,17784,18173,17497,17509,17080,18357,18487,17719,17322,16919,16279,17613,17289,17940,17225,14906,14380,21250,19309,19737,20330,21674,21196,22922,20293,18502,19837,22247,21565,21821,19595,18721,18983,21374,18748
GS8,1020,537,42301,45143,43742,44577,41588,42094,42249,41900,41443,41235,37226,36404,43256,45272,44722,42150,40636,41080,0,0,0,0,0,0,41166,38693,38108,37182,35375,33846,42637,41555,41996,41163,40419,38955,41956,43714,41002,40908,40124,38163,42443,46768,44511,45647,43628,41689,18392,16115,15714,16425,15592,14264,18166,16926,14713,14910,14394,12997,18211,17095,17424,16782,16780,16244,17557,17788,17017,16642,16278,15631,16925,16623,17268,16633,14309,13835,20445,18509,18928,19456,20731,20296,22030,19443,17848,19050,21275,20662,20829,18797,17962,18255,20493,17902
GS8,1020,538,40810,43652,42400,43200,40183,40736,40830,40388,40151,39838,36048,35270,41874,43717,43248,40612,39200,39536,0,0,0,0,0,0,39815,37425,36762,35895,34215,32838,41126,40273,40443,39741,38918,37506,40590,42231,39721,39575,38750,36946,41036,45193,43031,44218,42071,40268,17789,15541,15227,15949,15072,13809,17602,16360,14241,14398,13904,12521,17598,16564,16851,16344,16264,15831,17042,17191,16504,16108,15788,15120,16434,16053,16728,16117,13875,13361,19767,17893,18372,18783,20091,19621,21285,18828,17240,18498,20638,20028,20176,18200,17455,17677,19901,17386
GS8,1020,539,39509,42123,40725,41768,38798,39390,39391,39043,38845,38532,34863,33996,40451,42265,41824,39369,37917,38263,0,0,0,0,0,0,38524,36121,35605,34790,33177,31789,39838,38795,39217,38369,37627,36149,39274,40887,38505,38292,37470,35695,39640,43761,41569,42632,40686,38857,17144,15005,14637,15339,14543,13344,16963,15745,13714,13849,13389,12094,16956,15914,16249,15692,15686,15209,16399,16589,15810,15472,15163,14651,15729,15443,16109,15461,13335,12856,19017,17303,17638,18125,19446,18911,20571,18213,16674,17807,19943,19341,19586,17650,16826,17056,19283,16843
GS8,1020,540,38609,41167,39900,40792,38020,38322,38559,38209,37907,37801,34108,33415,39411,41403,40807,38335,36972,37348,0,0,0,0,0,0,37588,35325,34884,33977,32397,31075,38947,37880,38237,37434,36622,35328,38371,40007,37522,37440,36618,34952,38737,42631,40580,41642,39822,38000,16735,14599,14246,14902,14119,12993,16561,15353,13357,13542,13054,11801,16537,15534,15833,15308,15237,14899,15931,16162,15474,15144,14759,14240,15344,15076,15696,15068,13028,12516,18539,16791,17265,17700,18890,18509,20025,17738,16216,17416,19410,18800,19013,17117,16416,16561,18728,16388
GS8,1020,541,37484,39950,38747,39595,36902,37321,37382,37146,36856,36648,33100,32345,38330,40136,39513,37238,35927,36238,0,0,0,0,0,0,36513,34345,33897,33049,31527,30228,37834,37047,37283,36499,35565,34248,37290,38903,36527,36434,35674,34072,37725,41475,39542,40607,38806,37096,16366,14349,13935,14616,13846,12681,16166,15000,13069,13250,12791,11510,16157,15219,15518,14984,14942,14496,15650,15773,15050,14800,14510,13974,15030,14738,15357,14713,12730,12265,18281,16534,16984,17387,18559,18115,19709,17414,15962,17145,19119,18536,18744,16900,16150,16328,18477,16186
GS8,1020,542,36339,38748,37595,38343,35708,36141,36192,35937,35638,35609,32113,31340,37142,38850,38382,36063,34736,35039,0,0,0,0,0,0,35338,33258,32773,31969,30462,29339,36601,35620,35995,35245,34331,33129,36121,37700,35369,35282,34599,32960,36431,39984,38159,39228,37401,35846,15807,13817,13481,14131,13305,12236,15616,14464,12579,12724,12296,11063,15518,14684,14917,14429,14360,14022,15060,15204,14541,14248,13968,13429,14521,14220,14791,14271,12287,11825,17583,15953,16252,16701,17862,17435,18961,16819,15392,16417,18393,17864,17988,16217,15566,15770,17763,15595
GS8,1020,543,35419,37664,36569,37332,34750,35217,35181,34914,34728,34548,31136,30485,36008,37816,37323,35029,33823,34121,0,0,0,0,0,0,34302,32324,31827,31214,29607,28424,35603,34733,35010,34176,33468,32170,35067,36607,34340,34216,33585,32056,35448,38932,37067,38007,36343,34710,15428,13479,13198,13724,13014,11980,15247,14188,12294,12433,11951,10824,15154,14244,14588,14116,14041,13612,14660,14860,14182,13920,13653,13061,14142,13856,14393,13896,11987,11475,17120,15533,15903,16278,17446,17042,18537,16345,14996,16036,17943,17469,17579,15803,15087,15359,17319,15203
GS8,1020,544,34153,36370,35234,36028,33440,33845,33964,33638,33439,33275,30162,29454,34849,36434,35956,33824,32572,32878,0,0,0,0,0,0,33125,31201,30680,30006,28518,27369,34221,33418,33660,32809,32246,30930,33876,35227,33142,32991,32369,30914,34131,37521,35741,36674,34984,33567,14868,12996,12694,13263,12573,11509,14720,13611,11866,11971,11583,10442,14638,13770,14009,13586,13582,13178,14157,14324,13716,13442,13117,12678,13606,13380,13893,13369,11565,11108,16554,15051,15403,15732,16886,16514,17887,15854,14485,15522,17282,16888,17044,15272,14610,14911,16794,14634
GS8,1020,545,33204,35276,34378,35024,32517,32991,33034,32831,32555,32364,29290,28716,33871,35439,34988,32866,31725,31916,0,0,0,0,0,0,32249,30366,29875,29165,27821,26726,33275,32408,32724,31996,31357,30070,32897,34376,32187,32031,31545,30005,33155,36558,34758,35627,34038,32584,14465,12656,12307,12900,12281,11210,14275,13299,11550,11645,11241,10122,14242,13427,13680,13241,13155,12781,13778,13928,13393,13063,12787,12320,13223,12991,13522,13006,11251,10809,16035,14568,14949,15318,16346,15959,17345,15340,14080,15038,16791,16339,16497,14854,14219,14420,16244,14206
GS8,1020,546,32177,34260,33235,33902,31491,31959,31973,31793,31481,31386,28366,27749,32722,34260,33846,31780,30792,30856,0,0,0,0,0,0,31145,29303,28883,28251,26880,25783,32359,31484,31766,30977,30426,29115,31854,33160,31048,31094,30506,29102,32074,35372,33623,34443,32944,31650,13929,12217,11924,12461,11802,10793,13760,12839,11156,11239,10846,9802,13752,12991,13186,12760,12776,12396,13357,13443,12860,12613,12390,11909,12806,12576,13045,12545,10849,10448,15594,14185,14497,14893,15922,15533,16837,14963,13672,14631,16371,15916,15990,14380,13782,13980,15732,13794
GS8,1020,547,30919,32995,32046,32658,30337,30853,30829,30530,30376,30207,27283,26754,31567,33049,32564,30675,29613,29860,0,0,0,0,0,0,30012,28195,27848,27212,25806,24826,31013,30310,30645,29847,29387,28131,30743,32030,29995,30033,29435,28054,30957,34080,32383,33265,31754,30435,13464,11764,11518,12052,11415,10437,13288,12392,10769,10859,10491,9495,13267,12522,12753,12329,12335,11994,12858,12984,12431,12148,11950,11465,12347,12149,12628,12134,10462,10090,14955,13612,13908,14245,15302,14912,16227,14320,13111,14021,15631,15303,15391,13833,13293,13458,15091,13265
GS8,1020,548,29955,31801,30973,31570,29301,29626,29803,29466,29284,29118,26394,25800,30477,31975,31557,29609,28575,28835,0,0,0,0,0,0,28931,27249,26804,26185,24919,24021,30017,29319,29603,28956,28352,27199,29701,30926,29052,28918,28398,27071,29860,32906,31353,32180,30673,29379,12945,11379,11095,11571,11000,10090,12857,11902,10351,10484,10139,9144,12785,12020,12262,11926,11881,11518,12354,12538,11988,11748,11465,11051,11926,11711,12158,11680,10078,9693,14517,13165,13471,13837,14743,14427,15706,13844,12637,13576,15159,14710,14818,13347,12737,12953,14547,12753
GS8,1020,549,29135,31003,30035,30621,28481,28878,28878,28588,28421,28323,25567,25045,29612,31004,30684,28772,27730,27991,0,0,0,0,0,0,28108,26378,26013,25489,24197,23247,29232,28499,28687,28155,27526,26450,28761,30013,28161,28043,27543,26311,29072,31985,30364,31176,29816,28493,12486,10944,10694,11192,10587,9696,12360,11517,9989,10133,9794,8800,12374,11669,11873,11472,11416,11103,11965,12075,11572,11329,11061,10671,11498,11267,11717,11309,9744,9350,14145,12781,13122,13420,14347,14017,15227,13492,12270,13201,14726,14307,14438,12995,12419,12543,14161,12417
GS8,1020,550,28351,30130,29209,29730,27672,28004,28120,27848,27663,27553,24871,24386,28902,30288,29809,28031,27007,27254,0,0,0,0,0,0,27401,25616,25295,24663,23404,22499,28442,27769,27986,27439,26758,25863,28003,29188,27344,27355,26820,25531,28331,31091,29577,30363,28990,27797,12167,10670,10405,10878,10234,9417,12034,11199,9691,9780,9457,8547,11983,11268,11482,11077,11095,10798,11581,11709,11236,10961,10735,10382,11141,10962,11409,10950,9420,9119,13572,12305,12583,12889,13820,13470,14643,12997,11834,12668,14195,13768,13907,12477,11916,12084,13587,11946
GS8,1020,551,27238,29012,28082,28649,26657,27008,26958,26799,26574,26490,23759,23398,27744,28980,28643,26920,26031,26216,0,0,0,0,0,0,26291,24706,24325,23755,22587,21640,27263,26728,26827,26390,25811,24853,26870,28107,26303,26305,25806,24645,27199,29867,28489,29099,27846,26602,11699,10203,9928,10434,9881,9061,11587,10711,9305,9419,9107,8221,11581,10910,11101,10748,10743,10403,11176,11291,10811,10569,10341,9920,10770,10545,10968,10525,9075,8715,13028,11886,12160,12453,13280,12965,14096,12469,11357,12130,13659,13274,13349,12043,11440,11638,13126,11517
GS8,1020,552,26203,27926,27002,27509,25628,25921,25996,25703,25553,25442,22930,22453,26660,27912,27630,25876,25083,25297,0,0,0,0,0,0,25304,23707,23335,22736,21698,20775,26313,25614,25871,25327,24866,23952,25764,26970,25317,25204,24828,23629,26172,28759,27371,28124,26837,25598,11352,9878,9683,10125,9551,8773,11237,10442,9049,9161,8842,7968,11229,10526,10730,10388,10360,10066,10821,10956,10470,10235,10039,9633,10407,10211,10620,10197,8815,8480,12692,11536,11752,12036,12871,12618,13648,12083,11021,11812,13201,12833,12950,11576,11127,11258,12687,11073
GS8,1020,553,25290,26893,26120,26628,24815,25060,25056,24874,24640,24592,22075,21685,25674,26934,26628,25036,24136,24381,0,0,0,0,0,0,24371,22940,22597,21893,20891,19998,25315,24708,24966,24493,24036,23141,24920,25973,24460,24362,23873,22777,25315,27733,26400,27127,25842,24728,10928,9563,9344,9726,9221,8457,10799,10039,8695,8810,8511,7676,10775,10151,10340,10027,9989,9721,10429,10529,10104,9910,9657,9287,10038,9859,10230,9799,8486,8193,12273,11189,11395,11724,12552,12193,13260,11701,10688,11445,12766,12373,12583,11280,10788,10902,12254,10746
GS8,1020,554,25012,26583,25721,26223,24310,24767,24745,24560,24262,24174,21810,21420,25370,26587,26348,24681,23844,24052,0,0,0,0,0,0,23890,22489,22169,21566,20491,19684,24979,24427,24607,24189,23672,22859,24603,25666,24064,24012,23632,22438,24936,27427,26094,26778,25541,24481,10775,9410,9168,9582,9097,8323,10685,9933,8615,8703,8374,7599,10662,10002,10202,9867,9839,9586,10354,10384,9960,9732,9546,9141,9870,9734,10080,9743,8386,8045,12086,10940,11230,11480,12289,12001,12974,11506,10479,11255,12581,12141,12337,11073,10622,10706,12072,10550
GS8,1020,555,24434,25911,25113,25653,23850,24158,24197,23970,23777,23652,21357,20921,24765,26056,25718,24211,23358,23628,0,0,0,0,0,0,23418,22052,21698,21163,20115,19285,24414,23892,24082,23656,23252,22400,24011,25082,23542,23422,22998,21935,24304,26775,25490,26118,24919,23856,10462,9140,8951,9305,8830,8076,10406,9617,8320,8445,8166,7324,10312,9725,9924,9557,9544,9272,9940,10147,9616,9399,9219,8870,9613,9441,9796,9409,8139,7853,11695,10562,10806,11101,11837,11552,12564,11074,10111,10861,12086,11748,11895,10670,10225,10257,11624,10190
GS8,1020,556,23516,25108,24314,24789,23001,23355,23370,23150,22923,22791,20628,20185,23956,25129,24878,23407,22663,22827,0,0,0,0,0,0,22674,21310,20903,20377,19425,18635,23594,23088,23326,22911,22426,21660,23196,24223,22712,22689,22264,21160,23519,25827,24597,25283,24070,23090,10213,8905,8650,9029,8608,7865,10083,9374,8135,8219,7902,7142,10063,9415,9661,9319,9308,9018,9742,9874,9420,9183,8983,8657,9362,9199,9545,9187,7936,7638,11308,10271,10470,10776,11540,11280,12160,10790,9865,10544,11779,11422,11570,10447,9942,10046,11281,9860
GS8,1020,557,22927,24299,23653,24045,22313,22753,22685,22440,22297,22190,19967,19564,23289,24520,24152,22706,21988,22190,0,0,0,0,0,0,22043,20736,20324,19863,18868,18061,22938,22428,22610,22292,21850,21052,22668,23523,22125,22096,21609,20629,22876,25190,23917,24557,23490,22349,9883,8604,8413,8806,8355,7612,9793,9116,7889,8001,7723,6942,9818,9191,9349,9041,9058,8810,9464,9566,9116,8902,8743,8393,9098,8904,9283,8881,7698,7411,10961,9949,10186,10481,11187,10939,11873,10423,9561,10262,11435,11043,11251,10097,9630,9716,10940,9517
GS8,1020,558,22283,23640,22957,23432,21763,22032,22058,21849,21703,21525,19443,19026,22667,23776,23532,22110,21402,21642,0,0,0,0,0,0,21531,20117,19843,19254,18289,17545,22310,21826,22112,21698,21310,20556,21961,22899,21474,21454,20975,20010,22246,24555,23272,23926,22868,21812,9518,8286,8073,8420,8000,7339,9396,8763,7550,7681,7392,6697,9395,8817,8988,8657,8665,8437,9058,9162,8766,8565,8395,8069,8752,8605,8887,8544,7409,7100,10590,9611,9842,10056,10790,10551,11386,10064,9219,9817,10986,10622,10821,9700,9310,9385,10554,9219
GS8,1020,559,21324,22603,21986,22388,20814,21133,21090,20941,20797,20679,18664,18216,21744,22776,22458,21132,20516,20698,0,0,0,0,0,0,20636,19371,19020,18492,17570,16821,21388,20950,21151,20751,20442,19706,20993,21899,20539,20493,20155,19139,21291,23480,22311,22910,21868,20923,9163,8007,7815,8180,7739,7105,9137,8487,7390,7432,7187,6478,9081,8567,8725,8430,8378,8181,8779,8895,8492,8334,8112,7851,8482,8314,8635,8254,7220,6869,10235,9337,9532,9785,10457,10211,11016,9724,8908,9561,10635,10295,10495,9434,8984,9111,10222,8900
GS8,1020,560,20586,21932,21263,21669,20111,20459,20475,20180,20046,19946,18021,17680,21022,22007,21768,20515,19837,20038,0,0,0,0,0,0,19949,18750,18343,17903,16952,16287,20707,20270,20453,20144,19721,19154,20343,21171,19813,19829,19457,18500,20605,22691,21587,22181,21164,20281,8782,7672,7472,7789,7395,6742,8719,8124,7008,7105,6873,6148,8687,8210,8287,8090,8044,7827,8387,8479,8114,7942,7787,7495,8072,7914,8199,7926,6864,6571,9808,8875,9118,9367,9987,9731,10567,9340,8501,9070,10173,9836,9985,9030,8573,8710,9754,8549
GS8,1020,561,19697,20923,20263,20601,19192,19500,19503,19287,19165,19061,17216,16831,20138,21106,20768,19546,18948,19124,0,0,0,0,0,0,19014,17843,17577,16998,16235,15550,19752,19325,19564,19260,18889,18236,19467,20271,19005,18913,18531,17658,19653,21691,20679,21190,20178,19330,8485,7426,7211,7543,7123,6569,8422,7825,6780,6876,6606,6001,8363,7936,8049,7761,7735,7526,8124,8175,7841,7668,7477,7234,7812,7654,7952,7636,6631,6351,9397,8543,8760,8976,9563,9358,10160,8957,8190,8717,9720,9410,9643,8633,8290,8365,9340,8181
GS8,1020,562,19020,20246,19610,19963,18599,18884,18945,18726,18528,18430,16611,16287,19391,20319,20128,18927,18335,18489,0,0,0,0,0,0,18417,17287,16961,16525,15694,15032,19120,18769,18923,18625,18303,17634,18883,19578,18288,18319,17895,17103,19143,21014,20006,20511,19597,18660,8193,7154,6956,7280,6892,6320,8151,7575,6568,6635,6422,5751,8110,7659,7746,7531,7517,7312,7846,7922,7590,7412,7243,6976,7561,7410,7679,7421,6391,6155,9110,8261,8463,8660,9259,9077,9826,8656,7925,8496,9392,9119,9246,8382,8000,8066,9053,7927
GS8,1020,563,18114,19326,18679,18989,17700,17984,18059,17844,17711,17566,15878,15539,18557,19422,19241,18084,17433,17719,0,0,0,0,0,0,17634,16542,16180,15712,14976,14393,18223,17908,18120,17758,17538,16864,17992,18712,17536,17500,17234,16292,18206,20066,19078,19589,18714,17896,7786,6811,6645,6937,6528,6015,7784,7204,6226,6318,6120,5521,7770,7272,7360,7167,7140,6938,7468,7534,7202,7044,6904,6634,7194,7054,7340,7041,6090,5850,8661,7877,8039,8244,8863,8667,9336,8217,7548,8063,8990,8727,8895,7958,7616,7697,8679,7573
GS8,1020,564,17499,18586,18011,18355,17049,17300,17417,17218,17097,16951,15281,14946,17853,18707,18500,17431,16829,17083,0,0,0,0,0,0,16960,15899,15654,15164,14468,13853,17620,17267,17388,17070,16818,16224,17366,17976,16898,16868,16569,15731,17593,19355,18442,18964,18080,17294,7586,6610,6424,6706,6316,5806,7465,6925,6059,6114,5910,5320,7462,7000,7143,6925,6894,6701,7231,7297,6934,6797,6666,6449,6948,6813,7088,6834,5897,5705,8439,7646,7785,8005,8597,8367,9068,8009,7310,7852,8713,8470,8622,7798,7395,7504,8401,7328
GS8,1020,565,16770,17840,17220,17591,16379,16616,16649,16476,16347,16266,14687,14315,17109,17960,17745,16701,16164,16302,0,0,0,0,0,0,16282,15294,14979,14538,13863,13237,16896,16573,16788,16446,16152,15572,16613,17253,16189,16193,15882,15043,16872,18623,17677,18111,17322,16572,7242,6316,6155,6417,6062,5563,7145,6638,5773,5846,5661,5101,7132,6689,6805,6623,6620,6393,6894,6932,6652,6506,6390,6133,6640,6489,6781,6506,5608,5421,8043,7308,7464,7627,8165,8015,8643,7675,7023,7505,8354,8109,8222,7393,7055,7128,8023,6982
GS8,1020,566,16189,17230,16710,17083,15801,16044,16052,15868,15795,15685,14134,13889,16541,17329,17135,16148,15578,15782,0,0,0,0,0,0,15766,14733,14492,14185,13415,12827,16370,16024,16177,15912,15569,15080,16090,16720,15697,15676,15403,14551,16300,17991,17101,17605,16774,16018,6951,6050,5921,6189,5843,5350,6865,6383,5549,5609,5433,4900,6852,6446,6585,6360,6360,6196,6635,6726,6414,6283,6127,5904,6368,6271,6533,6267,5384,5195,7717,6998,7105,7322,7845,7642,8297,7314,6699,7133,7975,7743,7874,7104,6777,6852,7719,6714
GS8,1020,567,15360,16338,15863,16187,15037,15229,15318,15098,15048,14940,13473,13287,15764,16539,16353,15325,14827,14970,0,0,0,0,0,0,14939,14026,13833,13422,12828,12258,15532,15199,15399,15101,14844,14296,15320,15922,14928,14832,14543,13885,15544,17101,16277,16685,15922,15235,6683,5835,5635,5947,5608,5157,6614,6135,5324,5384,5234,4699,6602,6190,6319,6090,6117,5917,6396,6448,6163,6011,5916,5661,6158,6034,6260,6030,5227,5000,7387,6722,6837,7001,7532,7351,7964,7024,6417,6880,7669,7419,7556,6793,6487,6550,7427,6433
GS8,1020,568,14849,15743,15291,15586,14503,14679,14780,14589,14480,14416,12991,12711,15168,15929,15713,14765,14337,14422,0,0,0,0,0,0,14444,13550,13338,12973,12359,11814,15044,14652,14852,14562,14264,13763,14738,15331,14381,14346,14076,13377,14911,16463,15739,16106,15387,14690,6429,5553,5407,5684,5392,4927,6347,5930,5116,5177,5010,4521,6356,5957,6084,5851,5847,5689,6109,6186,5952,5804,5676,5470,5926,5832,6026,5819,5018,4800,7107,6456,6603,6773,7225,7044,7643,6794,6183,6611,7379,7158,7301,6566,6275,6311,7130,6246
GS8,1020,569,13959,14865,14358,14686,13648,13841,13879,13774,13679,13608,12222,12001,14288,15003,14760,13881,13510,13551,0,0,0,0,0,0,13595,12787,12550,12209,11592,11183,14165,13863,14022,13678,13438,12937,13901,14486,13508,13565,13287,12650,14045,15539,14763,15182,14452,13889,6059,5253,5134,5403,5078,4649,5998,5583,4814,4891,4732,4275,5991,5633,5743,5526,5541,5366,5812,5838,5635,5456,5366,5172,5570,5475,5692,5464,4739,4556,6709,6130,6267,6416,6867,6687,7232,6413,5851,6260,6982,6735,6908,6174,5916,5998,6741,5886
GS8,1020,570,13485,14329,13907,14125,13164,13423,13420,13247,13155,13058,11751,11553,13716,14434,14214,13408,12968,13065,0,0,0,0,0,0,13106,12293,12102,11806,11241,10762,13634,13308,13415,13206,12900,12483,13350,13929,12997,12989,12755,12088,13531,14913,14240,14637,13914,13327,5859,5078,4944,5176,4916,4500,5786,5392,4693,4713,4548,4133,5751,5422,5517,5347,5324,5162,5573,5627,5405,5281,5165,4989,5387,5268,5454,5270,4555,4382,6517,5913,6030,6216,6639,6494,7043,6206,5701,6100,6805,6595,6655,6039,5770,5853,6571,5762
GS8,1020,571,12878,13682,13276,13537,12566,12691,12842,12626,12545,12435,11288,11081,13099,13769,13636,12803,12413,12479,0,0,0,0,0,0,12537,11756,11542,11262,10745,10301,12942,12694,12825,12585,12346,11921,12759,13247,12465,12387,12181,11610,12954,14265,13563,13996,13311,12772,5571,4838,4741,4930,4688,4280,5493,5118,4441,4496,4341,3916,5497,5170,5258,5088,5058,4920,5326,5383,5121,5010,4934,4724,5118,5015,5231,5026,4345,4138,6190,5628,5730,5854,6284,6134,6633,5883,5390,5733,6380,6244,6366,5719,5457,5532,6220,5461
GS8,1020,572,12334,13203,12810,12953,12083,12257,12277,12204,12052,12019,10871,10596,12596,13230,13070,12290,11895,12052,0,0,0,0,0,0,12022,11296,11109,10778,10321,9895,12563,12179,12322,12047,11836,11415,12301,12747,11963,11975,11697,11123,12443,13720,13001,13388,12816,12252,5365,4665,4561,4765,4498,4150,5316,4916,4294,4327,4198,3781,5296,4979,5075,4898,4885,4776,5099,5163,4955,4868,4762,4603,4957,4836,5045,4833,4219,4019,5957,5417,5503,5656,6050,5927,6444,5682,5191,5563,6190,6018,6105,5500,5292,5347,5970,5247
GS8,1020,573,11845,12613,12269,12467,11574,11722,11807,11708,11589,11530,10393,10155,12121,12753,12512,11804,11415,11468,0,0,0,0,0,0,11568,10854,10637,10412,9889,9535,11962,11599,11798,11550,11312,10916,11729,12255,11500,11454,11192,10700,11924,13134,12526,12870,12249,11755,5108,4461,4361,4564,4304,3949,5024,4718,4096,4142,4000,3597,5046,4765,4834,4697,4674,4526,4886,4930,4721,4626,4550,4383,4704,4624,4795,4639,3993,3865,5705,5185,5298,5436,5829,5689,6144,5458,4980,5326,5925,5740,5842,5294,5058,5145,5785,5053
GS8,1020,574,11325,12043,11678,11913,11111,11177,11248,11128,11073,10960,9917,9690,11523,12111,11934,11207,10871,10949,0,0,0,0,0,0,11032,10408,10224,9961,9512,9098,11447,11150,11245,10997,10842,10418,11239,11684,10979,10952,10659,10174,11363,12498,11970,12262,11739,11217,4885,4266,4148,4365,4109,3787,4842,4486,3878,3944,3813,3468,4820,4556,4599,4486,4458,4316,4686,4710,4529,4398,4330,4179,4523,4429,4615,4432,3814,3683,5459,5012,5083,5218,5584,5437,5896,5221,4761,5109,5704,5530,5631,5067,4839,4906,5523,4838
GS8,1020,575,10894,11625,11282,11452,10627,10793,10826,10714,10643,10572,9577,9380,11140,11678,11498,10810,10412,10489,0,0,0,0,0,0,10561,9970,9818,9541,9148,8736,10974,10739,10838,10631,10370,9974,10832,11229,10548,10569,10376,9836,10915,12038,11532,11780,11279,10795,4735,4130,4037,4207,4007,3664,4699,4332,3761,3832,3688,3334,4721,4382,4470,4329,4312,4160,4540,4580,4394,4283,4187,4034,4354,4289,4448,4262,3720,3548,5267,4773,4882,5002,5365,5256,5688,5035,4616,4920,5483,5355,5427,4890,4678,4724,5325,4658
GS8,1020,576,10491,11174,10854,10977,10230,10371,10470,10322,10240,10224,9218,9044,10737,11226,11113,10390,10022,10098,0,0,0,0,0,0,10262,9659,9488,9257,8851,8504,10601,10343,10434,10264,9961,9597,10438,10877,10178,10139,9938,9500,10486,11567,11052,11372,10906,10400,4537,3980,3857,4062,3840,3503,4495,4201,3639,3674,3551,3211,4479,4220,4292,4145,4172,4013,4386,4411,4223,4106,4026,3906,4178,4093,4281,4107,3545,3431,5041,4600,4678,4781,5139,4993,5423,4804,4379,4713,5258,5112,5181,4683,4474,4512,5129,4502
GS8,1020,577,9932,10540,10215,10396,9676,9902,9883,9826,9740,9639,8750,8562,10141,10633,10474,9868,9524,9619,0,0,0,0,0,0,9670,9096,9007,8788,8376,8013,10023,9773,9877,9673,9426,9087,9884,10273,9660,9619,9428,8950,9988,10980,10431,10728,10280,9851,4314,3788,3680,3850,3641,3335,4229,3979,3445,3486,3365,3069,4261,4001,4085,3925,3916,3827,4138,4175,3977,3901,3807,3667,4012,3932,4066,3884,3356,3250,4786,4340,4413,4534,4876,4777,5134,4570,4199,4471,4989,4869,4939,4467,4250,4312,4884,4264
GS8,1020,578,9539,10125,9821,10011,9301,9432,9530,9395,9361,9308,8357,8187,9765,10209,10058,9429,9094,9182,0,0,0,0,0,0,9342,8809,8601,8426,8019,7693,9590,9393,9458,9241,9025,8694,9473,9858,9235,9217,9033,8634,9571,10553,10050,10275,9849,9458,4118,3632,3519,3704,3503,3212,4071,3791,3313,3350,3251,2935,4048,3848,3958,3807,3789,3657,3961,4023,3817,3751,3702,3528,3789,3726,3869,3742,3241,3135,4575,4187,4273,4351,4686,4543,4940,4364,3989,4286,4803,4667,4734,4309,4085,4164,4671,4105
GS8,1020,579,9054,9637,9388,9524,8870,8990,9105,8962,8902,8835,8015,7844,9290,9750,9567,9028,8685,8731,0,0,0,0,0,0,8864,8328,8288,8028,7699,7376,9210,8936,9011,8790,8621,8306,9022,9469,8844,8783,8601,8249,9090,10036,9567,9819,9441,9038,3880,3416,3324,3472,3297,3008,3835,3572,3097,3145,3057,2774,3828,3613,3640,3545,3542,3447,3720,3760,3604,3512,3451,3345,3597,3511,3650,3533,3048,2924,4316,3907,3991,4076,4348,4248,4627,4104,3776,4047,4541,4400,4431,4027,3865,3871,4391,3849
GS8,1020,580,8561,9153,8814,8991,8374,8484,8536,8508,8421,8395,7566,7429,8799,9193,9106,8497,8210,8268,0,0,0,0,0,0,8403,7915,7785,7623,7285,6987,8690,8448,8511,8322,8123,7825,8505,8870,8325,8350,8181,7756,8593,9504,9066,9268,8907,8505,3737,3256,3179,3333,3161,2912,3702,3437,2951,3020,2933,2646,3704,3473,3499,3452,3402,3325,3584,3617,3478,3397,3331,3191,3454,3367,3497,3372,2912,2800,4123,3774,3848,3943,4229,4118,4478,3976,3636,3900,4359,4252,4280,3868,3717,3795,4241,3728
GS8,1020,581,8204,8710,8452,8613,7989,8098,8228,8119,8039,7997,7203,7072,8397,8734,8641,8097,7805,7877,0,0,0,0,0,0,8039,7545,7429,7285,6939,6650,8260,8045,8142,7923,7796,7418,8151,8524,7948,7933,7781,7415,8221,9043,8620,8854,8453,8134,3485,3067,2987,3139,2968,2721,3497,3206,2790,2817,2751,2474,3476,3237,3311,3219,3213,3092,3343,3393,3254,3183,3124,2997,3230,3185,3299,3191,2752,2631,3884,3538,3618,3727,3973,3889,4203,3733,3395,3658,4072,3954,4028,3617,3493,3529,3984,3481
GS8,1020,582,7897,8389,8167,8311,7699,7848,7906,7838,7795,7751,6981,6860,8088,8448,8332,7851,7566,7593,0,0,0,0,0,0,7760,7358,7251,7057,6752,6462,8001,7810,7856,7670,7495,7218,7937,8253,7674,7705,7549,7192,7974,8731,8314,8571,8212,7867,3404,2992,2899,3045,2888,2630,3349,3122,2694,2752,2641,2404,3337,3135,3178,3128,3088,3001,3251,3259,3152,3096,3006,2893,3119,3070,3186,3099,2659,2549,3797,3429,3548,3606,3856,3769,4087,3592,3320,3555,4010,3881,3899,3523,3387,3456,3890,3400
GS8,1020,583,7440,7906,7651,7779,7308,7403,7466,7375,7362,7279,6607,6487,7623,8018,7838,7403,7140,7180,0,0,0,0,0,0,7358,6888,6799,6666,6350,6087,7541,7367,7355,7194,7051,6808,7461,7782,7251,7257,7146,6788,7480,8242,7850,8018,7750,7409,3217,2859,2780,2892,2770,2521,3217,2981,2597,2629,2543,2303,3228,3009,3071,2959,2972,2882,3115,3159,3012,2953,2892,2774,3012,2953,3064,2958,2561,2438,3640,3287,3365,3453,3696,3620,3884,3480,3189,3430,3832,3745,3759,3401,3270,3307,3730,3270
GS8,1020,584,7251,7684,7437,7578,7048,7181,7222,7165,7125,7091,6385,6260,7404,7727,7603,7162,6894,6914,0,0,0,0,0,0,7092,6658,6619,6447,6132,5952,7342,7122,7144,6967,6841,6518,7214,7492,7014,7014,6894,6569,7265,7971,7610,7816,7500,7162,3160,2785,2693,2821,2685,2482,3130,2879,2518,2559,2476,2243,3127,2926,2991,2871,2858,2818,3005,3057,2943,2871,2818,2712,2905,2871,2961,2852,2467,2373,3512,3200,3263,3319,3583,3495,3756,3370,3099,3316,3711,3608,3617,3286,3152,3194,3603,3166
GS8,1020,585,6934,7411,7170,7275,6775,6903,6999,6890,6854,6847,6184,6064,7133,7452,7376,6879,6626,6701,0,0,0,0,0,0,6841,6431,6369,6230,5906,5729,7050,6877,6906,6748,6562,6295,6936,7250,6776,6784,6637,6322,6999,7678,7351,7547,7163,6881,3034,2663,2598,2734,2584,2367,2999,2762,2429,2468,2381,2145,3005,2792,2880,2790,2779,2707,2914,2923,2820,2765,2688,2614,2794,2762,2868,2759,2374,2291,3378,3070,3146,3214,3446,3357,3638,3247,2970,3185,3578,3443,3482,3165,3040,3062,3490,3034
GS8,1020,586,6720,7180,6931,7079,6627,6689,6777,6713,6624,6608,5980,5873,6918,7175,7081,6665,6386,6467,0,0,0,0,0,0,6605,6242,6191,6016,5766,5504,6823,6622,6699,6499,6362,6098,6729,7025,6574,6552,6464,6135,6820,7418,7084,7309,6985,6702,2939,2589,2520,2641,2493,2316,2907,2710,2352,2405,2316,2093,2915,2726,2789,2691,2696,2632,2825,2849,2734,2672,2632,2518,2723,2656,2773,2686,2331,2228,3289,2979,3043,3127,3298,3277,3530,3146,2897,3111,3453,3362,3388,3083,2926,3012,3373,2996
GS8,1020,587,6477,6902,6697,6826,6335,6422,6516,6459,6393,6399,5778,5675,6668,6977,6849,6445,6202,6221,0,0,0,0,0,0,6398,6052,5948,5809,5563,5369,6558,6394,6407,6289,6134,5882,6493,6812,6367,6305,6229,5963,6535,7187,6834,7036,6724,6430,2822,2463,2413,2529,2405,2199,2773,2581,2240,2283,2195,2007,2795,2602,2668,2557,2597,2500,2678,2733,2628,2541,2502,2405,2573,2549,2662,2558,2201,2135,3136,2846,2909,2989,3197,3105,3380,3023,2765,2987,3327,3233,3254,2945,2819,2877,3231,2840
GS8,1020,588,6176,6589,6425,6530,6099,6181,6280,6175,6137,6119,5507,5410,6404,6671,6574,6155,5928,5946,0,0,0,0,0,0,6124,5780,5721,5592,5325,5121,6273,6142,6155,6016,5895,5633,6247,6476,6047,6063,5962,5661,6242,6902,6558,6713,6432,6208,2742,2385,2328,2451,2334,2136,2688,2501,2176,2221,2143,1935,2686,2529,2585,2492,2483,2411,2604,2611,2528,2493,2428,2326,2519,2465,2572,2485,2123,2050,3027,2729,2794,2912,3102,3025,3277,2927,2683,2878,3210,3150,3135,2855,2729,2773,3115,2767
GS8,1020,589,6031,6473,6248,6351,5922,6023,6066,6028,5953,5975,5390,5216,6208,6493,6419,5938,5759,5799,0,0,0,0,0,0,5950,5632,5549,5456,5187,4977,6112,5975,5945,5850,5671,5439,6059,6313,5941,5922,5781,5517,6077,6695,6372,6541,6318,5985,2635,2330,2271,2357,2277,2088,2610,2438,2135,2145,2073,1884,2612,2466,2506,2430,2401,2340,2539,2557,2463,2393,2337,2282,2448,2380,2514,2395,2073,2002,2927,2686,2743,2836,3006,2938,3179,2837,2599,2811,3126,3064,3066,2768,2652,2690,3059,2686
GS8,1020,590,5822,6180,6035,6146,5693,5817,5881,5822,5775,5763,5221,5105,5963,6265,6166,5760,5567,5580,0,0,0,0,0,0,5767,5421,5362,5270,4981,4817,5894,5758,5792,5622,5471,5265,5830,6080,5706,5710,5587,5325,5887,6435,6158,6342,6027,5815,2581,2254,2214,2298,2210,2012,2529,2368,2029,2095,2011,1809,2544,2370,2422,2340,2340,2276,2444,2492,2382,2318,2284,2187,2360,2313,2432,2321,2011,1938,2831,2586,2655,2731,2914,2850,3073,2752,2511,2721,3026,2952,2971,2685,2586,2616,2971,2608
GS8,1020,591,5701,6049,5896,5990,5565,5633,5689,5662,5599,5594,5057,4973,5832,6059,5969,5645,5415,5436,0,0,0,0,0,0,5585,5274,5228,5082,4893,4654,5708,5587,5618,5448,5344,5094,5652,5886,5550,5550,5446,5147,5718,6274,5957,6150,5900,5668,2476,2177,2147,2237,2120,1953,2451,2281,2004,2016,1955,1771,2456,2286,2366,2271,2274,2208,2366,2420,2308,2266,2206,2143,2283,2262,2373,2264,1943,1871,2788,2536,2626,2684,2827,2774,3017,2714,2456,2660,2980,2893,2900,2633,2541,2563,2891,2561
GS8,1020,592,5503,5823,5669,5762,5378,5465,5550,5462,5441,5431,4882,4785,5636,5892,5806,5440,5219,5247,0,0,0,0,0,0,5405,5111,5033,4939,4713,4558,5558,5436,5448,5317,5162,4915,5500,5751,5350,5381,5266,5016,5541,6092,5808,5958,5689,5464,2420,2119,2073,2150,2047,1878,2381,2210,1906,1945,1888,1711,2367,2234,2274,2178,2198,2131,2307,2343,2252,2197,2138,2081,2226,2205,2302,2195,1890,1814,2715,2470,2524,2568,2747,2689,2907,2563,2384,2582,2866,2802,2785,2555,2434,2479,2804,2482
GS8,1020,593,5405,5739,5582,5677,5295,5321,5417,5363,5342,5349,4808,4740,5551,5765,5697,5335,5140,5143,0,0,0,0,0,0,5328,5033,4963,4850,4632,4475,5439,5296,5328,5206,5084,4845,5356,5615,5270,5276,5173,4908,5398,5976,5677,5832,5577,5338,2371,2076,2014,2136,2022,1860,2331,2188,1893,1918,1858,1688,2336,2216,2221,2157,2150,2113,2263,2284,2178,2151,2080,2040,2165,2162,2242,2134,1846,1797,2652,2401,2455,2505,2701,2594,2878,2517,2310,2504,2782,2725,2709,2502,2399,2416,2737,2399
GS8,1020,594,5184,5560,5397,5461,5111,5164,5238,5203,5162,5152,4657,4557,5339,5583,5523,5132,4970,4979,0,0,0,0,0,0,5148,4878,4809,4694,4482,4309,5270,5127,5155,5007,4885,4703,5212,5454,5085,5083,4998,4777,5221,5740,5516,5630,5353,5152,2280,1996,1950,2054,1959,1778,2246,2077,1814,1844,1794,1605,2250,2102,2165,2098,2059,2027,2176,2195,2118,2082,2029,1960,2100,2059,2144,2073,1771,1727,2536,2326,2360,2423,2575,2526,2711,2441,2261,2397,2699,2612,2626,2386,2308,2345,2658,2344
GS8,1020,595,5023,5327,5206,5270,4884,4987,5054,4995,4971,4932,4492,4395,5131,5354,5279,4964,4778,4814,0,0,0,0,0,0,4955,4671,4590,4513,4333,4140,5091,4930,4959,4839,4710,4538,4986,5193,4927,4912,4819,4594,5045,5551,5272,5419,5197,4989,2208,1946,1903,1984,1896,1726,2174,2018,1780,1789,1712,1569,2161,2063,2098,2011,2013,1948,2123,2143,2048,2004,1986,1903,2027,2007,2095,2011,1728,1646,2451,2215,2311,2349,2512,2451,2642,2379,2188,2351,2642,2535,2544,2311,2231,2259,2572,2258
GS8,1020,596,4892,5207,5044,5140,4797,4861,4890,4848,4825,4830,4366,4299,4988,5216,5149,4814,4614,4671,0,0,0,0,0,0,4806,4549,4504,4392,4192,4053,4964,4815,4825,4701,4580,4357,4877,5091,4767,4776,4681,4448,4884,5363,5151,5252,5038,4854,2163,1881,1846,1917,1819,1674,2109,1962,1708,1752,1681,1516,2116,1984,2027,1960,1960,1895,2051,2091,1986,1946,1910,1852,1984,1929,2036,1949,1681,1612,2377,2174,2225,2263,2417,2391,2591,2299,2114,2279,2529,2487,2482,2263,2160,2207,2477,2199
GS8,1020,597,4722,5049,4878,4966,4640,4686,4737,4691,4665,4676,4207,4155,4801,5084,4946,4669,4498,4517,0,0,0,0,0,0,4662,4398,4335,4247,4065,3954,4746,4658,4671,4535,4425,4262,4713,4928,4621,4603,4522,4293,4748,5210,4996,5106,4913,4704,2091,1816,1798,1877,1770,1618,2046,1912,1686,1688,1618,1492,2044,1932,1974,1901,1877,1855,1996,2025,1926,1891,1866,1787,1934,1866,1967,1888,1642,1578,2302,2095,2148,2207,2378,2297,2490,2242,2073,2209,2471,2407,2412,2220,2101,2135,2418,2126
GS8,1020,598,4603,4847,4737,4782,4479,4507,4581,4557,4527,4510,4091,4005,4672,4871,4819,4494,4364,4377,0,0,0,0,0,0,4477,4237,4224,4098,3903,3782,4631,4477,4505,4406,4314,4102,4555,4750,4451,4460,4388,4189,4581,5027,4821,4919,4698,4540,2006,1772,1711,1809,1715,1585,1993,1863,1631,1618,1585,1434,2001,1893,1884,1852,1850,1783,1921,1956,1848,1835,1791,1711,1848,1815,1882,1821,1581,1512,2259,2038,2073,2125,2291,2231,2409,2159,1982,2134,2398,2315,2322,2097,2034,2058,2322,2062
GS8,1020,599,4408,4690,4551,4645,4297,4389,4449,4389,4357,4359,3941,3838,4492,4720,4654,4346,4189,4206,0,0,0,0,0,0,4336,4120,4056,3988,3774,3666,4438,4355,4361,4244,4171,3964,4423,4579,4312,4331,4253,4018,4419,4863,4654,4761,4592,4368,1947,1687,1635,1736,1646,1499,1891,1768,1541,1558,1526,1362,1904,1778,1808,1755,1744,1706,1840,1853,1787,1746,1716,1644,1761,1748,1802,1755,1509,1449,2152,1943,1996,2041,2178,2122,2310,2043,1894,2022,2265,2207,2235,2013,1930,1979,2225,1970
GS8,1020,600,4281,4548,4403,4496,4157,4253,4308,4270,4253,4209,3815,3748,4390,4580,4527,4233,4083,4093,0,0,0,0,0,0,4222,3986,3973,3889,3700,3548,4361,4224,4228,4155,4041,3855,4275,4449,4173,4182,4077,3883,4310,4708,4515,4622,4437,4251,1883,1626,1615,1672,1584,1478,1838,1708,1485,1512,1470,1331,1830,1725,1762,1697,1695,1674,1802,1794,1737,1704,1653,1621,1718,1672,1750,1689,1478,1421,2106,1906,1948,1986,2135,2078,2253,2021,1855,1979,2253,2171,2182,1977,1897,1923,2188,1933
