Q,I(Q),Error
2.99882683E-03,3.01903188E-02,3.02084182E-03
3.28442939E-03,3.24837379E-02,1.66363871E-03
3.57003195E-03,3.13470848E-02,1.40134697E-03
3.85563450E-03,3.29471081E-02,1.15100561E-03
4.14123706E-03,3.20833623E-02,9.22265634E-04
4.42683961E-03,3.17590982E-02,7.84416765E-04
4.71244217E-03,3.20568383E-02,7.19224925E-04
4.99804472E-03,3.13205533E-02,6.84392450E-04
5.28364728E-03,3.29231694E-02,6.59513492E-04
5.56924984E-03,3.29739191E-02,6.55379760E-04
5.85485239E-03,3.15528102E-02,6.46648812E-04
6.14045495E-03,3.13076749E-02,6.27082363E-04
6.42605750E-03,3.13799120E-02,6.12397890E-04
6.71166006E-03,3.21594700E-02,5.95115036E-04
6.99726261E-03,3.08152139E-02,5.78796653E-04
7.28286517E-03,3.20935324E-02,5.77836114E-04
7.56846773E-03,3.16274241E-02,5.69700843E-04
7.85407028E-03,3.09588574E-02,5.48236423E-04
8.13967284E-03,3.18262465E-02,5.41079414E-04
8.42527539E-03,3.24355066E-02,5.41939865E-04
8.71087795E-03,3.25472653E-02,5.28221870E-04
8.99648050E-03,3.13593335E-02,5.21633690E-04
9.28208306E-03,3.10816877E-02,5.04856706E-04
9.56768562E-03,3.15914191E-02,4.97579305E-04
9.85328817E-03,3.01337689E-02,5.04387840E-04
1.01388907E-02,2.99566686E-02,4.79970735E-04
1.04244933E-02,3.15251686E-02,4.75834699E-04
1.07100958E-02,3.08456086E-02,4.77477744E-04
1.09956984E-02,3.12115885E-02,4.71177521E-04
1.12813009E-02,3.07694934E-02,4.71732660E-04
1.15669035E-02,3.03415805E-02,4.50328546E-04
1.18525061E-02,3.09757851E-02,4.52990574E-04
1.21381086E-02,2.96363384E-02,4.44684127E-04
1.24237112E-02,2.94613875E-02,4.09897766E-04
1.27093137E-02,3.05499509E-02,4.05143646E-04
1.29949163E-02,2.95385048E-02,3.85037380E-04
1.32805188E-02,2.99474448E-02,3.84013244E-04
1.35661214E-02,2.97900736E-02,3.71931570E-04
1.38517240E-02,2.93976404E-02,3.64654268E-04
1.41373265E-02,2.91023031E-02,3.57060459E-04
1.44229291E-02,2.89399326E-02,3.52421799E-04
1.47085316E-02,2.95401998E-02,3.48486290E-04
1.49941342E-02,2.93355472E-02,3.40571540E-04
1.52797367E-02,2.88047977E-02,3.36289098E-04
1.55653393E-02,2.88086496E-02,3.28280012E-04
1.58509418E-02,2.86086798E-02,3.26364604E-04
1.61365444E-02,2.87651159E-02,3.20879721E-04
1.64221470E-02,2.78225802E-02,3.15037698E-04
1.67077495E-02,2.78458893E-02,3.11370953E-04
1.69933521E-02,2.74112411E-02,3.05188827E-04
1.72789546E-02,2.79565416E-02,3.04240820E-04
1.75645572E-02,2.78918855E-02,3.00677604E-04
1.78501597E-02,2.78501697E-02,2.95852097E-04
1.81357623E-02,2.71210447E-02,2.94129763E-04
1.84213648E-02,2.71819048E-02,2.88122050E-04
1.87069674E-02,2.70115733E-02,2.85854884E-04
1.89925700E-02,2.66209953E-02,2.84959561E-04
1.92781725E-02,2.68813744E-02,2.77421304E-04
1.95637751E-02,2.68812440E-02,2.79061397E-04
1.98493776E-02,2.66326480E-02,2.72454548E-04
2.01349802E-02,2.64575109E-02,2.72522474E-04
2.04205827E-02,2.66287029E-02,2.71038241E-04
2.07061853E-02,2.59393714E-02,2.63482842E-04
2.09917878E-02,2.59885117E-02,2.64006326E-04
2.12773904E-02,2.55294479E-02,2.59112007E-04
2.15629930E-02,2.54926644E-02,2.58910012E-04
2.18485955E-02,2.54579857E-02,2.56472093E-04
2.21341981E-02,2.59486958E-02,2.53469205E-04
2.24198006E-02,2.54691243E-02,2.52105586E-04
2.27054032E-02,2.46289261E-02,2.48857789E-04
2.29910057E-02,2.48326808E-02,2.47137686E-04
2.32766083E-02,2.46864893E-02,2.43211972E-04
2.35622108E-02,2.41634659E-02,2.42861761E-04
2.38478134E-02,2.46181190E-02,2.40675725E-04
2.41334160E-02,2.43373141E-02,2.38748233E-04
2.44190185E-02,2.43272111E-02,2.36865277E-04
2.47046211E-02,2.39512585E-02,2.34283321E-04
2.49902236E-02,2.35252865E-02,2.32499632E-04
2.52758262E-02,2.38430575E-02,2.30549621E-04
2.55614287E-02,2.35232525E-02,2.28913556E-04
2.58470313E-02,2.34517939E-02,2.28330118E-04
2.61326338E-02,2.34007314E-02,2.24774263E-04
2.64182364E-02,2.30926871E-02,2.24682441E-04
2.67038390E-02,2.33326480E-02,2.20518197E-04
2.69894415E-02,2.24322453E-02,2.21037652E-04
2.72750441E-02,2.27000006E-02,2.18605739E-04
2.75606466E-02,2.26031728E-02,2.17389929E-04
2.78462492E-02,2.24517994E-02,2.21155767E-04
2.81318517E-02,2.20421180E-02,2.21732435E-04
2.84174543E-02,2.23244987E-02,2.21065164E-04
2.87030568E-02,2.18911096E-02,2.21342248E-04
2.89886594E-02,2.16974765E-02,2.18279173E-04
2.92742620E-02,2.15839744E-02,2.19237039E-04
2.95598645E-02,2.12426297E-02,2.16870430E-04
2.98454671E-02,2.17249952E-02,2.17161369E-04
3.01310696E-02,2.11318545E-02,2.15701179E-04
3.04166722E-02,2.05320343E-02,2.13893069E-04
3.07022747E-02,2.01801918E-02,2.13756837E-04
3.09878773E-02,2.08409801E-02,2.13409729E-04
3.12734798E-02,2.02424079E-02,2.13124501E-04
3.15590824E-02,2.01492161E-02,2.12441811E-04
3.18446850E-02,2.03093141E-02,2.12289486E-04
3.21302875E-02,2.01216266E-02,2.10988407E-04
3.24158901E-02,1.98473930E-02,2.11182030E-04
3.27014926E-02,1.94258429E-02,2.08666252E-04
3.29870952E-02,1.96849667E-02,2.09992093E-04
3.32726977E-02,1.94270201E-02,2.08073723E-04
3.35583003E-02,1.92960873E-02,2.08323553E-04
3.38439028E-02,1.90236680E-02,2.06699300E-04
3.41295054E-02,1.91917941E-02,2.05947299E-04
3.44151080E-02,1.91667564E-02,2.07284979E-04
3.47007105E-02,1.86651386E-02,2.04087609E-04
3.49863131E-02,1.87314972E-02,2.06255405E-04
3.52719156E-02,1.83038861E-02,2.02363825E-04
3.55575182E-02,1.79545917E-02,2.00660139E-04
3.58431207E-02,1.80931427E-02,2.00275865E-04
3.61287233E-02,1.80493593E-02,2.01040122E-04
3.64143259E-02,1.81446671E-02,2.00220719E-04
3.66999284E-02,1.75108127E-02,1.97973517E-04
3.69855310E-02,1.74288563E-02,1.99090833E-04
3.72711335E-02,1.74930468E-02,1.97017072E-04
3.75567361E-02,1.71780810E-02,1.94727020E-04
3.78423386E-02,1.74372420E-02,1.95328326E-04
3.81279412E-02,1.72252245E-02,1.94219146E-04
3.84135437E-02,1.70448832E-02,1.94550195E-04
3.86991463E-02,1.63353607E-02,1.91603901E-04
3.89847489E-02,1.66819654E-02,1.91424341E-04
3.92703514E-02,1.68658458E-02,1.91663045E-04
3.95559540E-02,1.64851509E-02,1.89861083E-04
3.98415565E-02,1.64378881E-02,1.89680050E-04
4.01271591E-02,1.62918121E-02,1.87806431E-04
4.04127616E-02,1.59426033E-02,1.88999659E-04
4.06983642E-02,1.60943642E-02,1.87755078E-04
4.09839667E-02,1.56494342E-02,1.84911346E-04
4.12695693E-02,1.59998089E-02,1.85256254E-04
4.15551719E-02,1.59372166E-02,1.85192534E-04
4.18407744E-02,1.56060830E-02,1.85423112E-04
4.21263770E-02,1.51941404E-02,1.83137977E-04
4.24119795E-02,1.54849403E-02,1.82026962E-04
4.26975821E-02,1.49363428E-02,1.80996556E-04
4.29831846E-02,1.47118978E-02,1.81362192E-04
4.32687872E-02,1.46534368E-02,1.81096848E-04
4.35543897E-02,1.50002837E-02,1.80043162E-04
4.38399923E-02,1.49114728E-02,1.79619002E-04
4.41255949E-02,1.46022923E-02,1.79711828E-04
4.44111974E-02,1.44728273E-02,1.77713263E-04
4.46968000E-02,1.42915212E-02,1.77893055E-04
4.49824025E-02,1.44945532E-02,1.76219797E-04
4.52680051E-02,1.44107342E-02,1.78168712E-04
4.55536076E-02,1.38201900E-02,1.76238149E-04
4.58392102E-02,1.41818263E-02,1.76601598E-04
4.61248127E-02,1.36082619E-02,1.73848851E-04
4.64104153E-02,1.37234814E-02,1.73740319E-04
4.66960179E-02,1.35174394E-02,1.75599568E-04
4.69816204E-02,1.37923323E-02,1.72048226E-04
4.72672230E-02,1.32820755E-02,1.72746104E-04
4.75528255E-02,1.32650770E-02,1.72837255E-04
4.78384281E-02,1.31299905E-02,1.71601346E-04
4.81240306E-02,1.30704381E-02,1.71035137E-04
4.84096332E-02,1.30265579E-02,1.71052574E-04
4.86952357E-02,1.30293183E-02,1.75295515E-04
4.89808383E-02,1.28123872E-02,1.77342114E-04
4.92664409E-02,1.28834248E-02,1.76482036E-04
4.95520434E-02,1.25582255E-02,1.78910936E-04
4.98376460E-02,1.27405487E-02,1.77324929E-04
5.01232485E-02,1.21904798E-02,1.79990995E-04
5.04088511E-02,1.23593584E-02,1.79067071E-04
5.06944536E-02,1.19749941E-02,1.79749583E-04
5.09800562E-02,1.20598376E-02,1.80569007E-04
5.12656587E-02,1.20060071E-02,1.80634356E-04
5.15512613E-02,1.20597929E-02,1.81400983E-04
5.18368639E-02,1.17631294E-02,1.81088752E-04
5.21224664E-02,1.16940290E-02,1.81280442E-04
5.24080690E-02,1.19128600E-02,1.82911912E-04
5.26936715E-02,1.18160322E-02,1.83262575E-04
5.29792741E-02,1.16827488E-02,1.82648105E-04
5.32648766E-02,1.14269108E-02,1.81145759E-04
5.35504792E-02,1.12555847E-02,1.82513097E-04
5.38360817E-02,1.11120455E-02,1.82887640E-04
5.41216843E-02,1.14035569E-02,1.82282616E-04
5.44072869E-02,1.12389810E-02,1.85327303E-04
5.46928894E-02,1.07519478E-02,1.81494918E-04
5.49784920E-02,1.09816007E-02,1.84826292E-04
5.52640945E-02,1.07824206E-02,1.80566490E-04
5.55496971E-02,1.10439472E-02,1.85292818E-04
5.58352996E-02,1.08833015E-02,1.83178050E-04
5.61209022E-02,1.07602179E-02,1.83272000E-04
5.64065047E-02,1.06865279E-02,1.85411009E-04
5.66921073E-02,1.05780996E-02,1.80168665E-04
5.69777099E-02,1.05495788E-02,1.83671467E-04
5.72633124E-02,1.02567449E-02,1.80538308E-04
5.75489150E-02,1.00933872E-02,1.81520142E-04
5.78345175E-02,1.02441199E-02,1.82802511E-04
5.81201201E-02,1.01582669E-02,1.80256718E-04
5.84057226E-02,9.89897177E-03,1.81037061E-04
5.86913252E-02,9.87689942E-03,1.78874673E-04
5.89769278E-02,9.68176499E-03,1.80403366E-04
5.92625303E-02,1.00197457E-02,1.79556910E-04
5.95481329E-02,9.65566561E-03,1.79889211E-04
5.98337354E-02,9.85182822E-03,1.81302003E-04
6.01193380E-02,9.63322818E-03,1.76233345E-04
6.04049405E-02,9.59607214E-03,1.80950914E-04
6.06905431E-02,9.29797813E-03,1.76454971E-04
6.09761456E-02,9.38811153E-03,1.78682180E-04
6.12617482E-02,9.17858258E-03,1.78699647E-04
6.15473508E-02,9.40873101E-03,1.75984660E-04
6.18329533E-02,9.32344794E-03,1.78658201E-04
6.21185559E-02,9.06002894E-03,1.74704788E-04
6.24041584E-02,8.69808346E-03,1.76386165E-04
6.26897610E-02,8.93393159E-03,1.75380590E-04
6.29753635E-02,8.79290700E-03,1.76234828E-04
6.32609661E-02,9.21906158E-03,1.78283841E-04
6.35465686E-02,8.70148093E-03,1.73410460E-04
6.38321712E-02,8.82178918E-03,1.75119213E-04
6.41177738E-02,8.74340162E-03,1.74253427E-04
6.44033763E-02,8.47816840E-03,1.73960194E-04
6.46889789E-02,8.46361369E-03,1.75435278E-04
6.49745814E-02,8.48389044E-03,1.71617195E-04
6.52601840E-02,8.08781758E-03,1.74701058E-04
6.55457865E-02,8.14532861E-03,1.72464948E-04
6.58313891E-02,8.17463547E-03,1.71818947E-04
6.61169916E-02,8.26076791E-03,1.78604042E-04
6.64025942E-02,7.99980015E-03,1.80663293E-04
6.66881968E-02,8.17052647E-03,1.85044785E-04
6.69737993E-02,7.90086016E-03,1.82747955E-04
6.72594019E-02,7.87943974E-03,1.86653030E-04
6.75450044E-02,8.27566534E-03,1.87284919E-04
6.78306070E-02,7.80123100E-03,1.89864080E-04
6.81162095E-02,8.08221102E-03,1.91349967E-04
6.84018121E-02,7.85349682E-03,1.89145555E-04
6.86874146E-02,7.62214884E-03,1.93884229E-04
6.89730172E-02,7.60296360E-03,1.91873485E-04
6.92586198E-02,7.61812553E-03,1.94992022E-04
6.95442223E-02,7.59567320E-03,1.95663110E-04
6.98298249E-02,7.36025721E-03,1.93338542E-04
7.01154274E-02,7.48270750E-03,1.98514566E-04
7.04010300E-02,7.16276839E-03,1.96010660E-04
7.06866325E-02,7.72175565E-03,1.98600250E-04
7.09722351E-02,7.50006735E-03,2.02757868E-04
7.12578376E-02,7.03273341E-03,1.98486177E-04
7.15434402E-02,7.04177469E-03,2.01547617E-04
7.18290428E-02,7.19988346E-03,2.00188506E-04
7.21146453E-02,7.04785809E-03,2.00979365E-04
7.24002479E-02,6.91160560E-03,2.00989811E-04
7.26858504E-02,6.74116984E-03,2.00572095E-04
7.29714530E-02,7.41527230E-03,1.95263076E-04
7.32570555E-02,7.14926049E-03,1.88813414E-04
7.35426581E-02,6.94984570E-03,1.85511654E-04
7.38282606E-02,6.73836097E-03,1.85322576E-04
7.41138632E-02,7.06189498E-03,1.82730752E-04
7.43994658E-02,6.65120780E-03,1.81983154E-04
7.46850683E-02,6.55733049E-03,1.77881267E-04
7.49706709E-02,6.72225654E-03,1.78326720E-04
7.52562734E-02,6.19899482E-03,1.75782716E-04
7.55418760E-02,6.46599755E-03,1.75967385E-04
7.58274785E-02,6.31546602E-03,1.75007628E-04
7.61130811E-02,6.44073263E-03,1.73430009E-04
7.63986836E-02,6.28903508E-03,1.72293333E-04
7.66842862E-02,6.23304024E-03,1.70621737E-04
7.69698888E-02,6.40391931E-03,1.71139113E-04
7.72554913E-02,6.46483153E-03,1.69632090E-04
7.75410939E-02,6.12472743E-03,1.69852435E-04
7.78266964E-02,6.06194511E-03,1.68889190E-04
7.81122990E-02,6.01783022E-03,1.66703138E-04
7.83979015E-02,5.84944338E-03,1.67206925E-04
7.86835041E-02,5.99095598E-03,1.65741691E-04
7.89691066E-02,5.87719306E-03,1.68120657E-04
7.92547092E-02,5.85767999E-03,1.66904694E-04
7.95403118E-02,5.74590266E-03,1.65322909E-04
7.98259143E-02,5.65116107E-03,1.66149613E-04
8.01115169E-02,5.78407571E-03,1.63892424E-04
8.03971194E-02,5.76069579E-03,1.65776088E-04
8.06827220E-02,5.59747592E-03,1.64408467E-04
8.09683245E-02,5.41240722E-03,1.63910050E-04
8.12539271E-02,5.49920276E-03,1.64086289E-04
8.15395297E-02,5.56815788E-03,1.62396201E-04
8.18251322E-02,5.61762229E-03,1.63739414E-04
8.21107348E-02,5.12872264E-03,1.63070628E-04
8.23963373E-02,5.18471375E-03,1.61690398E-04
8.26819399E-02,5.53997234E-03,1.64278284E-04
8.29675424E-02,5.55647165E-03,1.61437518E-04
8.32531450E-02,5.42948395E-03,1.62483404E-04
8.35387475E-02,5.32357022E-03,1.60646453E-04
8.38243501E-02,5.39943948E-03,1.62067019E-04
8.41099527E-02,4.81368974E-03,1.60798938E-04
8.43955552E-02,5.12249023E-03,1.59237627E-04
8.46811578E-02,5.07448986E-03,1.60748623E-04
8.49667603E-02,4.98889759E-03,1.59198323E-04
8.52523629E-02,5.21027297E-03,1.60801295E-04
8.55379654E-02,5.17969206E-03,1.59284591E-04
8.58235680E-02,4.96989489E-03,1.58732854E-04
8.61091705E-02,4.98340651E-03,1.60690959E-04
8.63947731E-02,4.64377180E-03,1.58130322E-04
8.66803757E-02,4.77873906E-03,1.58165831E-04
8.69659782E-02,4.77867946E-03,1.57476038E-04
8.72515808E-02,4.42693010E-03,1.57454078E-04
8.75371833E-02,4.83590737E-03,1.58818199E-04
8.78227859E-02,4.68859449E-03,1.56126971E-04
8.81083884E-02,4.44413722E-03,1.56839742E-04
8.83939910E-02,4.90566716E-03,1.56671761E-04
8.86795935E-02,4.74603102E-03,1.57682195E-04
8.89651961E-02,4.51266021E-03,1.56205312E-04
8.92507987E-02,4.49171290E-03,1.54537911E-04
8.95364012E-02,4.46971133E-03,1.56415428E-04
8.98220038E-02,4.15804610E-03,1.54539048E-04
9.01076063E-02,4.07841429E-03,1.55453571E-04
9.03932089E-02,4.38504666E-03,1.54073841E-04
9.06788114E-02,4.34500724E-03,1.54361954E-04
9.09644140E-02,4.51413542E-03,1.56025495E-04
9.12500165E-02,4.26967442E-03,1.54763973E-04
9.15356191E-02,4.25994024E-03,1.53363227E-04
9.18212217E-02,4.07822803E-03,1.52214496E-04
9.21068242E-02,4.15443256E-03,1.54199683E-04
9.23924268E-02,4.20869514E-03,1.54333732E-04
9.26780293E-02,3.76462936E-03,1.52609486E-04
9.29636319E-02,3.98220494E-03,1.52356430E-04
9.32492344E-02,4.04112041E-03,1.52260502E-04
9.35348370E-02,4.04792279E-03,1.53270678E-04
9.38204395E-02,3.84478271E-03,1.51434245E-04
9.41060421E-02,3.90586630E-03,1.51246890E-04
9.43916447E-02,3.99693102E-03,1.51930799E-04
9.46772472E-02,3.93826142E-03,1.51796153E-04
9.49628498E-02,3.89248878E-03,1.52294837E-04
9.52484523E-02,3.79363820E-03,1.49488563E-04
9.55340549E-02,3.86213511E-03,1.51392907E-04
9.58196574E-02,3.70745733E-03,1.50503429E-04
9.61052600E-02,3.76114249E-03,1.51208133E-04
9.63908625E-02,3.76539305E-03,1.49636733E-04
9.66764651E-02,3.67865339E-03,1.49536847E-04
9.69620677E-02,3.71201709E-03,1.49821175E-04
9.72476702E-02,3.77001986E-03,1.49747414E-04
9.75332728E-02,3.52923572E-03,1.48535290E-04
9.78188753E-02,3.80218029E-03,1.50142972E-04
9.81044779E-02,3.46353650E-03,1.48454249E-04
9.83900804E-02,3.40622291E-03,1.50364813E-04
9.86756830E-02,3.32271680E-03,1.46929510E-04
9.89612855E-02,3.47230211E-03,1.47643238E-04
9.92468881E-02,3.17962840E-03,1.47497738E-04
9.95324907E-02,3.49746272E-03,1.48249887E-04
9.98180932E-02,3.37314978E-03,1.48159355E-04
1.00103696E-01,3.23443487E-03,1.46903422E-04
1.00389298E-01,3.37998196E-03,1.46362737E-04
1.00674901E-01,3.48759815E-03,1.47759656E-04
1.00960503E-01,3.07583064E-03,1.46819887E-04
1.01246106E-01,2.87037343E-03,1.45773246E-04
1.01531709E-01,2.85897404E-03,1.45372158E-04
1.01817311E-01,3.05527076E-03,1.46654105E-04
1.02102914E-01,3.09486315E-03,1.46262630E-04
1.02388516E-01,3.12225148E-03,1.45223867E-04
1.02674119E-01,2.97067687E-03,1.45513127E-04
1.02959721E-01,3.20126489E-03,1.45417476E-04
1.03245324E-01,3.03273275E-03,1.45284074E-04
1.03530926E-01,3.22207063E-03,1.46237204E-04
1.03816529E-01,2.87440792E-03,1.43609244E-04
1.04102132E-01,2.74485350E-03,1.44475998E-04
1.04387734E-01,3.01523134E-03,1.43657251E-04
1.04673337E-01,2.95294821E-03,1.45269666E-04
1.04958939E-01,3.04458290E-03,1.43599226E-04
1.05244542E-01,3.02227587E-03,1.44233544E-04
1.05530144E-01,2.91121006E-03,1.44630076E-04
1.05815747E-01,3.16273794E-03,1.43347326E-04
1.06101349E-01,2.78989971E-03,1.42805692E-04
1.06386952E-01,2.67057121E-03,1.42244307E-04
1.06672555E-01,2.55224481E-03,1.43568299E-04
1.06958157E-01,2.77732313E-03,1.43808832E-04
1.07243760E-01,2.83105671E-03,1.41722834E-04
1.07529362E-01,2.56096199E-03,1.42501258E-04
1.07814965E-01,2.46713310E-03,1.41952491E-04
1.08100567E-01,2.96175852E-03,1.42490238E-04
1.08386170E-01,2.58418173E-03,1.42143178E-04
1.08671772E-01,2.71715224E-03,1.41952347E-04
1.08957375E-01,2.41623074E-03,1.41040991E-04
1.09242978E-01,2.84903497E-03,1.42100618E-04
1.09528580E-01,2.54264101E-03,1.45620475E-04
1.09814183E-01,2.57422775E-03,1.45176421E-04
1.10099785E-01,2.24978104E-03,1.47392028E-04
1.10385388E-01,2.31193379E-03,1.48418851E-04
1.10670990E-01,2.58028507E-03,1.50158988E-04
1.10956593E-01,2.50180066E-03,1.50481103E-04
1.11242195E-01,2.55931169E-03,1.51239731E-04
1.11527798E-01,2.26245448E-03,1.52339380E-04
1.11813401E-01,2.50777230E-03,1.54260054E-04
1.12099003E-01,2.60152295E-03,1.54819664E-04
1.12384606E-01,2.53819302E-03,1.55623328E-04
1.12670208E-01,2.29322165E-03,1.55210600E-04
1.12955811E-01,2.51575932E-03,1.57968063E-04
1.13241413E-01,2.28371844E-03,1.56329206E-04
1.13527016E-01,2.31073424E-03,1.53365802E-04
1.13812618E-01,2.34810635E-03,1.53376880E-04
1.14098221E-01,2.20979378E-03,1.50443048E-04
1.14383824E-01,2.26491317E-03,1.51452642E-04
1.14669426E-01,2.63202563E-03,1.49271882E-04
1.14955029E-01,2.11612508E-03,1.48638905E-04
1.15240631E-01,2.34198198E-03,1.48114427E-04
1.15526234E-01,2.11482868E-03,1.47604637E-04
1.15811836E-01,2.11693347E-03,1.47343802E-04
1.16097439E-01,2.18779221E-03,1.44395622E-04
1.16383041E-01,2.04720348E-03,1.46617579E-04
1.16668644E-01,2.34059989E-03,1.45290222E-04
1.16954247E-01,2.28192285E-03,1.45111417E-04
1.17239849E-01,2.12523714E-03,1.45664611E-04
1.17525452E-01,2.17252970E-03,1.43259946E-04
1.17811054E-01,2.13736296E-03,1.45069658E-04
1.18096657E-01,1.98666379E-03,1.42381595E-04
1.18382259E-01,2.07158551E-03,1.43245745E-04
1.18667862E-01,2.14519352E-03,1.43032689E-04
1.18953464E-01,1.96352229E-03,1.42435137E-04
1.19239067E-01,1.82909518E-03,1.42721510E-04
1.19524670E-01,2.01201066E-03,1.41272059E-04
1.19810272E-01,1.93443894E-03,1.41475863E-04
1.20095875E-01,2.14943290E-03,1.41742994E-04
1.20381477E-01,1.95768476E-03,1.39951382E-04
1.20667080E-01,1.98473036E-03,1.40836691E-04
1.20952682E-01,2.16416270E-03,1.37938788E-04
1.21238285E-01,1.86996907E-03,1.39411820E-04
1.21523887E-01,1.90198421E-03,1.38568546E-04
1.21809490E-01,1.78986788E-03,1.37790058E-04
1.22095093E-01,1.85564905E-03,1.38639283E-04
1.22380695E-01,1.75723433E-03,1.36817423E-04
1.22666298E-01,1.73890591E-03,1.36771512E-04
1.22951900E-01,1.74086913E-03,1.35700234E-04
1.23237503E-01,1.48357078E-03,1.36054789E-04
1.23523105E-01,1.56468153E-03,1.35420819E-04
1.23808708E-01,1.67366862E-03,1.35659939E-04
1.24094310E-01,1.70733407E-03,1.36376104E-04
1.24379913E-01,1.86686218E-03,1.34686480E-04
1.24665516E-01,1.82214379E-03,1.34929261E-04
1.24951118E-01,1.57998875E-03,1.34994194E-04
1.25236721E-01,1.59679726E-03,1.35235506E-04
1.25522323E-01,1.66637078E-03,1.35804980E-04
1.25807926E-01,1.58444047E-03,1.33758291E-04
1.26093528E-01,1.57852471E-03,1.34881641E-04
1.26379131E-01,1.65741146E-03,1.33992970E-04
1.26664733E-01,1.48914754E-03,1.37577432E-04
1.26950336E-01,1.64581835E-03,1.40445305E-04
1.27235939E-01,1.42098963E-03,1.40980019E-04
1.27521541E-01,1.36640295E-03,1.43806223E-04
1.27807144E-01,1.44908950E-03,1.42944464E-04
1.28092746E-01,1.39427185E-03,1.45057973E-04
1.28378349E-01,1.65307522E-03,1.45936928E-04
1.28663951E-01,1.60684809E-03,1.46607041E-04
1.28949554E-01,1.44989043E-03,1.47925253E-04
1.29235156E-01,1.17586553E-03,1.46858113E-04
1.29520759E-01,1.51288882E-03,1.47763442E-04
1.29806362E-01,1.41315907E-03,1.48177598E-04
1.30091964E-01,1.45292282E-03,1.47539139E-04
1.30377567E-01,1.21868774E-03,1.49334824E-04
1.30663169E-01,1.38810650E-03,1.47809269E-04
1.30948772E-01,1.51584297E-03,1.49005804E-04
1.31234374E-01,1.47011876E-03,1.46712493E-04
1.31519977E-01,1.30223483E-03,1.48617980E-04
1.31805579E-01,1.34361163E-03,1.49072594E-04
1.32091182E-01,1.30884722E-03,1.48857919E-04
1.32376785E-01,1.35153159E-03,1.51422903E-04
1.32662387E-01,1.43000111E-03,1.49328506E-04
1.32947990E-01,1.19026750E-03,1.50275566E-04
1.33233592E-01,1.24862045E-03,1.49961846E-04
1.33519195E-01,1.29555911E-03,1.47300199E-04
1.33804797E-01,1.52950361E-03,1.44853866E-04
1.34090400E-01,1.46139041E-03,1.41378756E-04
1.34376002E-01,1.41894445E-03,1.41831220E-04
1.34661605E-01,1.40657276E-03,1.39670540E-04
1.34947208E-01,1.40352920E-03,1.38967257E-04
1.35232810E-01,1.30928308E-03,1.38621668E-04
1.35518413E-01,1.19541958E-03,1.36757160E-04
1.35804015E-01,1.32618099E-03,1.35725750E-04
1.36089618E-01,1.09834969E-03,1.35015914E-04
1.36375220E-01,1.22883543E-03,1.35178378E-04
1.36660823E-01,1.17604807E-03,1.34535153E-04
1.36946425E-01,1.14529580E-03,1.34195012E-04
1.37232028E-01,9.99670476E-04,1.34043094E-04
1.37517631E-01,1.17925927E-03,1.33566280E-04
1.37803233E-01,1.01350993E-03,1.33853872E-04
1.38088836E-01,1.11635774E-03,1.32381463E-04
1.38374438E-01,1.01821497E-03,1.32877796E-04
1.38660041E-01,1.02926046E-03,1.32757417E-04
1.38945643E-01,8.49984586E-04,1.32082965E-04
1.39231246E-01,1.08722597E-03,1.32787018E-04
1.39516848E-01,8.72328877E-04,1.31782617E-04
1.39802451E-01,1.12453476E-03,1.31304014E-04
1.40088054E-01,9.63721424E-04,1.31819254E-04
1.40373656E-01,9.66962427E-04,1.31310662E-04
1.40659259E-01,1.12077221E-03,1.31569624E-04
1.40944861E-01,1.00347772E-03,1.30276124E-04
1.41230464E-01,1.22423097E-03,1.31663832E-04
1.41516066E-01,1.11848488E-03,1.30832671E-04
1.41801669E-01,9.59280878E-04,1.30432694E-04
1.42087271E-01,1.16882473E-03,1.30959254E-04
1.42372874E-01,1.29905716E-03,1.29470550E-04
1.42658477E-01,9.35867429E-04,1.30424018E-04
1.42944079E-01,8.71695578E-04,1.29810908E-04
1.43229682E-01,9.76156443E-04,1.29417805E-04
1.43515284E-01,7.31188804E-04,1.29885050E-04
1.43800887E-01,6.79515302E-04,1.28095249E-04
1.44086489E-01,8.00598413E-04,1.29491444E-04
1.44372092E-01,9.52456146E-04,1.28345331E-04
1.44657694E-01,8.07639211E-04,1.28835420E-04
1.44943297E-01,9.83655453E-04,1.28627560E-04
1.45228900E-01,8.64379108E-04,1.27732619E-04
1.45514502E-01,5.12085855E-04,1.28844129E-04
1.45800105E-01,8.75413418E-04,1.26899120E-04
1.46085707E-01,8.34595412E-04,1.28731619E-04
1.46371310E-01,1.03857368E-03,1.28308998E-04
1.46656912E-01,6.71267509E-04,1.27423013E-04
1.46942515E-01,8.31194222E-04,1.27549350E-04
1.47228117E-01,9.99212265E-04,1.26339189E-04
1.47513720E-01,7.28677958E-04,1.27293082E-04
1.47799323E-01,6.88865781E-04,1.27216506E-04
1.48084925E-01,9.05014575E-04,1.26965182E-04
1.48370528E-01,6.43502921E-04,1.27083401E-04
1.48656130E-01,8.44452530E-04,1.26544877E-04
1.48941733E-01,8.30516219E-04,1.27179203E-04
1.49227335E-01,7.06236809E-04,1.26032708E-04
1.49512938E-01,6.22346997E-04,1.25664252E-04
1.49798540E-01,7.77143985E-04,1.26398681E-04
1.50084143E-01,7.77229667E-04,1.25681525E-04
1.50369746E-01,7.80694187E-04,1.26122394E-04
1.50655348E-01,8.41081142E-04,1.24894985E-04
1.50940951E-01,6.51597977E-04,1.25883918E-04
1.51226553E-01,6.79943711E-04,1.25267502E-04
1.51512156E-01,7.92574137E-04,1.25662659E-04
1.51797758E-01,8.77745450E-04,1.25374219E-04
1.52083361E-01,8.21847469E-04,1.24289934E-04
1.52368963E-01,6.27182424E-04,1.25393973E-04
1.52654566E-01,6.48066401E-04,1.24248359E-04
1.52940169E-01,6.84693456E-04,1.24525622E-04
1.53225771E-01,7.09559768E-04,1.24096187E-04
1.53511374E-01,6.11253083E-04,1.24445601E-04
1.53796976E-01,6.59521669E-04,1.24438568E-04
1.54082579E-01,4.55163419E-04,1.23270481E-04
1.54368181E-01,6.70302659E-04,1.24413773E-04
1.54653784E-01,6.31570816E-04,1.23641045E-04
1.54939386E-01,6.54704869E-04,1.23798897E-04
1.55224989E-01,6.52939081E-04,1.23303045E-04
1.55510592E-01,6.95437193E-04,1.23214494E-04
1.55796194E-01,4.37285751E-04,1.23288563E-04
1.56081797E-01,6.06507063E-04,1.23308941E-04
1.56367399E-01,5.79517335E-04,1.23376686E-04
1.56653002E-01,5.98188490E-04,1.22915525E-04
1.56938604E-01,6.54593110E-04,1.22514312E-04
1.57224207E-01,6.84421510E-04,1.22921554E-04
1.57509809E-01,5.92939556E-04,1.22545937E-04
1.57795412E-01,5.29255718E-04,1.22141142E-04
1.58081015E-01,6.13417476E-04,1.22862460E-04
1.58366617E-01,6.14587218E-04,1.21984374E-04
1.58652220E-01,7.09116459E-04,1.22643728E-04
1.58937822E-01,6.54216856E-04,1.21361613E-04
1.59223425E-01,7.32541084E-04,1.22089189E-04
1.59509027E-01,7.52381980E-04,1.22296346E-04
1.59794630E-01,4.35970724E-04,1.21530379E-04
1.60080232E-01,2.25279480E-04,1.21703918E-04
1.60365835E-01,5.67361712E-04,1.20756474E-04
1.60651438E-01,5.98389655E-04,1.21448895E-04
1.60937040E-01,5.08766621E-04,1.21419812E-04
1.61222643E-01,5.06244600E-04,1.21115181E-04
1.61508245E-01,5.90790063E-04,1.20961038E-04
1.61793848E-01,5.97465783E-04,1.21166106E-04
1.62079450E-01,4.94211912E-04,1.20945862E-04
1.62365053E-01,5.27448952E-04,1.20589266E-04
1.62650655E-01,4.66901809E-04,1.19965855E-04
1.62936258E-01,5.61974943E-04,1.20613575E-04
1.63221861E-01,5.30622900E-04,1.20844350E-04
1.63507463E-01,3.80370766E-04,1.20315331E-04
1.63793066E-01,5.31371683E-04,1.19659902E-04
1.64078668E-01,6.41427934E-04,1.20214665E-04
1.64364271E-01,4.49012965E-04,1.19524136E-04
1.64649873E-01,5.58257103E-04,1.20297417E-04
1.64935476E-01,2.85014510E-04,1.19597606E-04
1.65221078E-01,2.69491225E-04,1.19254750E-04
1.65506681E-01,1.65063888E-04,1.19632848E-04
1.65792284E-01,3.40376049E-04,1.18752934E-04
1.66077886E-01,4.38749790E-04,1.19487034E-04
1.66363489E-01,5.49379736E-04,1.19134139E-04
1.66649091E-01,3.61528248E-04,1.19323983E-04
1.66934694E-01,4.84813005E-04,1.19190075E-04
1.67220296E-01,5.00984490E-04,1.18533676E-04
1.67505899E-01,7.11027533E-04,1.18945055E-04
1.67791501E-01,3.61517072E-04,1.18490847E-04
1.68077104E-01,4.55200672E-04,1.18900012E-04
1.68362707E-01,2.55335122E-04,1.17717701E-04
1.68648309E-01,3.21134925E-04,1.17233470E-04
1.68933912E-01,5.21641225E-04,1.18117145E-04
1.69219514E-01,3.16698104E-04,1.17306975E-04
1.69505117E-01,3.38006765E-04,1.17065560E-04
1.69790719E-01,2.78335065E-04,1.16687541E-04
1.70076322E-01,3.53462994E-04,1.16936274E-04
1.70361924E-01,3.52066010E-04,1.17021073E-04
1.70647527E-01,5.58227301E-04,1.16556962E-04
1.70933130E-01,3.12104821E-04,1.17051932E-04
1.71218732E-01,4.91879880E-04,1.15875291E-04
1.71504335E-01,2.51848251E-04,1.16861490E-04
1.71789937E-01,5.45751303E-04,1.17479827E-04
1.72075540E-01,3.40756029E-04,1.15186862E-04
1.72361142E-01,1.89650804E-04,1.16106247E-04
1.72646745E-01,3.71851027E-04,1.15905396E-04
1.72932347E-01,5.74424863E-04,1.16811187E-04
1.73217950E-01,1.98431313E-04,1.16239173E-04
1.73503553E-01,2.88438052E-04,1.15532843E-04
1.73789155E-01,2.08735466E-04,1.16354780E-04
1.74074758E-01,2.56489962E-04,1.15505681E-04
1.74360360E-01,2.48428434E-04,1.16531681E-04
1.74645963E-01,2.19047070E-04,1.16162190E-04
1.74931565E-01,2.93683261E-04,1.15319329E-04
1.75217168E-01,2.77232379E-04,1.16895355E-04
1.75502770E-01,3.97745520E-04,1.15409433E-04
1.75788373E-01,1.74630433E-04,1.16431091E-04
1.76073976E-01,2.02786177E-04,1.15134704E-04
1.76359578E-01,3.85001302E-04,1.16717719E-04
1.76645181E-01,2.75708735E-04,1.15524328E-04
1.76930783E-01,1.28474087E-04,1.15050361E-04
1.77216386E-01,3.98520380E-04,1.15737231E-04
1.77501988E-01,2.07927078E-04,1.15066459E-04
1.77787591E-01,5.30365855E-04,1.16430820E-04
1.78073193E-01,2.35848129E-04,1.15154951E-04
1.78358796E-01,3.01267952E-04,1.15026420E-04
1.78644399E-01,2.96860933E-04,1.14988222E-04
1.78930001E-01,7.97137618E-05,1.14775503E-04
1.79215604E-01,2.84802169E-04,1.14911295E-04
1.79501206E-01,3.40588391E-04,1.15133459E-04
1.79786809E-01,3.11817974E-04,1.14793239E-04
1.80072411E-01,2.33460218E-04,1.15292869E-04
1.80358014E-01,2.41782516E-04,1.13523216E-04
1.80643616E-01,1.66807324E-04,1.14597780E-04
1.80929219E-01,1.92988664E-04,1.14315456E-04
1.81214822E-01,2.63590366E-04,1.14387771E-04
1.81500424E-01,4.28538769E-04,1.14547737E-04
1.81786027E-01,4.52391803E-04,1.14198013E-04
1.82071629E-01,2.84612179E-04,1.14006568E-04
1.82357232E-01,4.92319465E-04,1.14290193E-04
1.82642834E-01,2.31374055E-04,1.13646154E-04
1.82928437E-01,2.44572759E-04,1.14248158E-04
1.83214039E-01,2.37233937E-04,1.14248395E-04
1.83499642E-01,3.48683447E-04,1.13748073E-04
1.83785245E-01,1.77465379E-04,1.13512433E-04
1.84070847E-01,1.08052045E-04,1.12810959E-04
1.84356450E-01,2.72069126E-04,1.13957777E-04
1.84642052E-01,2.81948596E-04,1.13340242E-04
1.84927655E-01,1.32042915E-04,1.13178233E-04
1.85213257E-01,2.93575227E-04,1.13237538E-04
1.85498860E-01,2.67349184E-04,1.13173239E-04
1.85784462E-01,1.35403126E-04,1.12819165E-04
1.86070065E-01,2.48275697E-04,1.13449273E-04
1.86355668E-01,3.06781381E-04,1.12792565E-04
1.86641270E-01,1.50375068E-04,1.12355028E-04
1.86926873E-01,1.74771994E-04,1.12771497E-04
1.87212475E-01,3.11538577E-04,1.14222531E-04
1.87498078E-01,2.70999968E-04,1.16545473E-04
1.87783680E-01,2.29634345E-04,1.17828136E-04
1.88069283E-01,-2.61552632E-05,1.19581019E-04
1.88354885E-01,3.21645290E-04,1.20073321E-04
1.88640488E-01,3.74324620E-04,1.20352493E-04
1.88926091E-01,2.83554196E-04,1.22187711E-04
1.89211693E-01,2.52876431E-04,1.22136569E-04
1.89497296E-01,-1.58399343E-05,1.22449745E-04
1.89782898E-01,1.63637102E-04,1.22614669E-04
1.90068501E-01,1.01432204E-04,1.22919663E-04
1.90354103E-01,2.47646123E-04,1.24404469E-04
1.90639706E-01,1.24424696E-04,1.22754722E-04
1.90925308E-01,1.92061067E-04,1.24513140E-04
1.91210911E-01,2.78722495E-04,1.23836070E-04
1.91496514E-01,1.84688717E-04,1.24731352E-04
1.91782116E-01,1.27296895E-04,1.25385657E-04
1.92067719E-01,1.12954527E-04,1.23093147E-04
1.92353321E-01,5.66579401E-05,1.25281573E-04
1.92638924E-01,6.93760812E-05,1.24925073E-04
1.92924526E-01,1.94150954E-04,1.25576728E-04
1.93210129E-01,1.75386667E-04,1.25552383E-04
1.93495731E-01,2.80912966E-04,1.25199258E-04
1.93781334E-01,3.01670283E-04,1.27077690E-04
1.94066937E-01,1.79909170E-04,1.23097534E-04
1.94352539E-01,2.69625336E-04,1.21935087E-04
1.94638142E-01,1.44369900E-04,1.19146747E-04
1.94923744E-01,-6.06849790E-05,1.17794372E-04
1.95209347E-01,1.51868910E-04,1.18155193E-04
1.95494949E-01,7.07730651E-05,1.15661121E-04
1.95780552E-01,3.00951302E-04,1.16148282E-04
1.96066154E-01,8.82707536E-05,1.15318109E-04
1.96351757E-01,7.80448318E-05,1.15358602E-04
1.96637360E-01,2.01389194E-04,1.15997824E-04
1.96922962E-01,2.66015530E-04,1.13322616E-04
1.97208565E-01,2.69919634E-04,1.14711072E-04
1.97494167E-01,-2.84612179E-05,1.14284453E-04
1.97779770E-01,8.30776989E-05,1.13982748E-04
1.98065372E-01,2.22500414E-04,1.13988886E-04
1.98350975E-01,1.56581402E-04,1.13310269E-04
1.98636577E-01,9.53413546E-05,1.14049402E-04
1.98922180E-01,7.64802098E-05,1.13418949E-04
1.99207783E-01,1.21094286E-04,1.12896521E-04
1.99493385E-01,-1.22718513E-04,1.12321237E-04
1.99778988E-01,2.67490745E-04,1.13431980E-04
2.00064590E-01,1.82844698E-04,1.13337678E-04
2.00350193E-01,1.37597322E-04,1.12645330E-04
2.00635795E-01,4.73264605E-04,1.12526107E-04
2.00921398E-01,-1.49421394E-05,1.12307460E-04
2.01207000E-01,2.82865018E-04,1.13047404E-04
2.01492603E-01,5.49107790E-06,1.11935213E-04
2.01778206E-01,2.52798200E-05,1.11875024E-04
2.02063808E-01,9.48384404E-05,1.11967557E-04
2.02349411E-01,1.69750303E-04,1.11590136E-04
2.02635013E-01,-2.00308859E-05,1.12214747E-04
2.02920616E-01,2.34387815E-04,1.11265068E-04
2.03206218E-01,2.87756324E-04,1.12122000E-04
2.03491821E-01,1.11054629E-04,1.11577443E-04
2.03777423E-01,-4.14177775E-05,1.10404955E-04
2.04063026E-01,-2.55927444E-05,1.11208202E-04
2.04348629E-01,8.75592232E-05,1.10638960E-04
2.04634231E-01,3.38517129E-04,1.11725813E-04
2.04919834E-01,9.15974379E-05,1.11353044E-04
2.05205436E-01,2.53468752E-05,1.10457244E-04
2.05491039E-01,-1.45211816E-05,1.10401503E-04
2.05776641E-01,3.43956053E-05,1.09768625E-04
2.06062244E-01,1.88130885E-04,1.11149312E-04
2.06347846E-01,7.53179193E-05,1.10186032E-04
2.06633449E-01,6.72563910E-05,1.10164072E-04
2.06919052E-01,-7.63013959E-05,1.10567608E-04
2.07204654E-01,-1.13610178E-04,1.09277100E-04
2.07490257E-01,8.29026103E-05,1.10500569E-04
2.07775859E-01,1.77510083E-05,1.08918445E-04
2.08061462E-01,8.51489604E-05,1.09697322E-04
2.08347064E-01,9.95025039E-06,1.10450472E-04
2.08632667E-01,1.77681446E-04,1.09258245E-04
2.08918269E-01,1.73635781E-04,1.09770743E-04
2.09203872E-01,4.46885824E-05,1.09092382E-04
2.09489475E-01,1.32046640E-04,1.09745096E-04
2.09775077E-01,2.12341547E-05,1.09233733E-04
2.10060680E-01,3.14787030E-05,1.09411083E-04
2.10346282E-01,-4.66406345E-06,1.09282737E-04
2.10631885E-01,1.78478658E-04,1.08712853E-04
2.10917487E-01,2.86597759E-04,1.09460916E-04
2.11203090E-01,1.59308314E-04,1.08338946E-04
2.11488692E-01,5.55850565E-05,1.09023353E-04
2.11774295E-01,1.96702778E-04,1.09482741E-04
2.12059898E-01,8.99769366E-05,1.08162754E-04
2.12345500E-01,1.91312283E-04,1.08802136E-04
2.12631103E-01,2.23819166E-04,1.08523244E-04
2.12916705E-01,1.39251351E-04,1.08933099E-04
2.13202308E-01,9.39145684E-06,1.08449439E-04
2.13487910E-01,-8.64788890E-05,1.07609353E-04
2.13773513E-01,7.03744590E-05,1.08431492E-04
2.14059115E-01,-1.60925090E-04,1.07452939E-04
2.14344718E-01,-7.43716955E-05,1.08137386E-04
2.14630321E-01,-9.24617052E-06,1.07448899E-04
2.14915923E-01,9.32961702E-05,1.07668048E-04
2.15201526E-01,-1.31316483E-05,1.08556655E-04
2.15487128E-01,8.46758485E-06,1.07254220E-04
2.15772731E-01,1.13964081E-04,1.07646179E-04
2.16058333E-01,1.63406134E-04,1.07669545E-04
2.16343936E-01,-5.64754009E-05,1.07389005E-04
2.16629538E-01,2.11391598E-04,1.07846416E-04
2.16915141E-01,5.15207648E-05,1.06932120E-04
2.17200744E-01,6.23501837E-05,1.07662491E-04
2.17486346E-01,5.11594117E-05,1.06851667E-04
2.17771949E-01,1.71583146E-04,1.06895956E-04
2.18057551E-01,1.10100955E-04,1.06810530E-04
2.18343154E-01,-1.24596059E-04,1.05555813E-04
2.18628756E-01,2.08839774E-05,1.06908212E-04
2.18914359E-01,2.01299787E-04,1.05340078E-04
2.19199961E-01,3.05660069E-04,1.06844388E-04
2.19485564E-01,5.58383763E-05,1.05555321E-04
2.19771167E-01,4.02331352E-06,1.06161150E-04
2.20056769E-01,-1.18076801E-04,1.05732769E-04
2.20342372E-01,7.94641674E-05,1.05548118E-04
2.20627974E-01,-1.33935362E-04,1.05505794E-04
2.20913577E-01,1.66367739E-04,1.05421163E-04
2.21199179E-01,9.28752124E-05,1.05593220E-04
2.21484782E-01,-2.72206962E-05,1.05539635E-04
2.21770384E-01,1.05537474E-05,1.05015006E-04
2.22055987E-01,-1.60675496E-04,1.05471922E-04
2.22341590E-01,1.01458281E-04,1.05043139E-04
2.22627192E-01,6.39110804E-05,1.05379184E-04
2.22912795E-01,-1.46497041E-04,1.04426725E-04
2.23198397E-01,1.08476728E-04,1.05313763E-04
2.23484000E-01,-2.00718641E-05,1.05398873E-04
2.23769602E-01,1.70618296E-04,1.04847864E-04
2.24055205E-01,1.22074038E-04,1.05387464E-04
2.24340807E-01,7.27586448E-05,1.05195360E-04
2.24626410E-01,8.24742019E-05,1.06092736E-04
2.24912013E-01,-2.79918313E-05,1.05054486E-04
2.25197615E-01,-3.32295895E-06,1.05121167E-04
2.25483218E-01,3.22498381E-04,1.05899295E-04
2.25768820E-01,2.71454453E-04,1.04942540E-04
2.26054423E-01,2.83908099E-04,1.05635932E-04
2.26340025E-01,1.06140971E-04,1.04335732E-04
2.26625628E-01,3.01089138E-04,1.05442447E-04
2.26911230E-01,7.05718994E-05,1.05137290E-04
2.27196833E-01,1.21414661E-04,1.04622179E-04
2.27482436E-01,4.40701842E-05,1.04992967E-04
2.27768038E-01,1.01968646E-04,1.04003366E-04
2.28053641E-01,1.11810863E-04,1.05177029E-04
2.28339243E-01,-3.55988741E-05,1.04320853E-04
2.28624846E-01,2.04958022E-04,1.04402935E-04
2.28910448E-01,4.42676246E-05,1.04552328E-04
2.29196051E-01,5.73955476E-05,1.03774769E-04
2.29481654E-01,1.06059015E-05,1.04669534E-04
2.29767256E-01,1.44992024E-04,1.03936502E-04
2.30052859E-01,7.13579357E-05,1.04158420E-04
2.30338461E-01,-6.50063157E-05,1.04114989E-04
2.30624064E-01,5.84833324E-05,1.03891666E-04
2.30909666E-01,4.03784215E-05,1.04333625E-04
2.31195269E-01,4.44427133E-06,1.02993444E-04
2.31480871E-01,1.14981085E-04,1.03921300E-04
2.31766474E-01,1.27270818E-04,1.03949286E-04
2.32052077E-01,2.11335719E-05,1.03998097E-04
2.32337679E-01,3.77371907E-06,1.03667551E-04
2.32623282E-01,4.42266464E-05,1.03161292E-04
2.32908884E-01,7.22557306E-05,1.03788411E-04
2.33194487E-01,2.86407769E-04,1.03631393E-04
2.33480089E-01,1.89840794E-04,1.03307453E-04
2.33765692E-01,1.64464116E-04,1.03819001E-04
2.34051294E-01,7.59921968E-05,1.02851920E-04
2.34336897E-01,2.65099108E-04,1.04127624E-04
2.34622500E-01,5.29251993E-05,1.02615625E-04
2.34908102E-01,-2.06362456E-04,1.02632281E-04
2.35193705E-01,3.97525728E-05,1.03404225E-04
2.35479307E-01,1.66222453E-04,1.03278138E-04
2.35764910E-01,-4.58247960E-05,1.03392998E-04
2.36050512E-01,5.78053296E-05,1.02069782E-04
2.36336115E-01,4.30695713E-04,1.03530478E-04
2.36621717E-01,2.08653510E-04,1.02613530E-04
2.36907320E-01,-6.83218241E-05,1.02825643E-04
2.37192923E-01,-7.83354044E-05,1.02797365E-04
2.37478525E-01,5.15095890E-05,1.02082735E-04
2.37764128E-01,-7.24643469E-05,1.03138674E-04
2.38049730E-01,1.18788332E-04,1.02362373E-04
2.38335333E-01,-2.50712037E-06,1.01641841E-04
2.38620935E-01,1.53679401E-04,1.02714847E-04
2.38906538E-01,7.93337822E-05,1.02355286E-04
2.39192140E-01,-9.94652510E-06,1.02921829E-04
2.39477743E-01,2.57845968E-04,1.01823327E-04
2.39763346E-01,1.28880143E-04,1.02215969E-04
2.40048948E-01,7.22892582E-05,1.02029007E-04
2.40334551E-01,-3.59080732E-05,1.02006613E-04
2.40620153E-01,3.36665660E-04,1.02536783E-04
2.40905756E-01,-4.52511013E-05,1.01022243E-04
2.41191358E-01,1.55061483E-04,1.02388094E-04
2.41476961E-01,2.37420201E-04,1.01946603E-04
2.41762563E-01,9.63583589E-05,1.01468100E-04
2.42048166E-01,1.09013170E-04,1.01844053E-04
2.42333769E-01,1.11680478E-04,1.01534400E-04
2.42619371E-01,1.14750117E-04,1.02077917E-04
2.42904974E-01,-2.03959644E-05,1.00860075E-04
2.43190576E-01,-4.06578183E-05,1.00950019E-04
2.43476179E-01,3.78452241E-05,1.01383914E-04
2.43761781E-01,6.48424029E-05,1.01525661E-04
2.44047384E-01,-3.96482646E-05,1.01337113E-04
2.44332986E-01,1.06710941E-04,1.00857478E-04
2.44618589E-01,-6.07892871E-05,1.01321372E-04
2.44904192E-01,1.82669610E-04,1.01200202E-04
2.45189794E-01,2.26683915E-04,1.01564870E-04
2.45475397E-01,1.15297735E-04,1.01183965E-04
2.45760999E-01,9.97893512E-05,1.00554014E-04
2.46046602E-01,-8.46572220E-05,1.00836266E-04
2.46332204E-01,8.22134316E-05,1.00546170E-04
2.46617807E-01,1.21507794E-04,1.00863869E-04
2.46903409E-01,6.87316060E-05,1.00984752E-04
2.47189012E-01,3.36132944E-05,1.00622391E-04
2.47474615E-01,1.38986856E-04,1.00920662E-04
2.47760217E-01,1.40137970E-04,9.99617850E-05
2.48045820E-01,1.65805221E-04,1.02992997E-04
2.48331422E-01,-6.23315573E-05,1.04020303E-04
2.48617025E-01,-6.28605485E-05,1.05468892E-04
2.48902627E-01,9.28044319E-05,1.06579652E-04
2.49188230E-01,-2.09733844E-05,1.06463109E-04
2.49473832E-01,4.62867320E-05,1.07801287E-04
2.49759435E-01,1.11985952E-04,1.08574634E-04
2.50045038E-01,1.74023211E-04,1.10941953E-04
2.50330640E-01,9.79453325E-05,1.12588890E-04
2.50616243E-01,-2.94297934E-05,1.13931441E-04
2.50901845E-01,6.26035035E-05,1.15936156E-04
2.51187448E-01,-5.53019345E-05,1.15790089E-04
2.51473050E-01,-9.83849168E-06,1.17942266E-04
2.51758653E-01,1.70517713E-04,1.19317298E-04
2.52044255E-01,2.45548785E-04,1.20808855E-04
2.52329858E-01,9.01259482E-05,1.22022943E-04
2.52615461E-01,6.78077340E-05,1.21763353E-04
2.52901063E-01,3.04736197E-04,1.23188804E-04
2.53186666E-01,1.58961862E-04,1.23972206E-04
2.53472268E-01,1.69314444E-04,1.25866729E-04
2.53757871E-01,3.54308635E-04,1.26894980E-04
2.54043473E-01,4.81568277E-05,1.27273452E-04
2.54329076E-01,-8.99620354E-05,1.28350564E-04
2.54614678E-01,3.32966447E-05,1.27627857E-04
2.54900281E-01,3.97387892E-04,1.29912103E-04
2.55185884E-01,-9.88245010E-05,1.29476511E-04
2.55471486E-01,-2.70381570E-05,1.29986773E-04
2.55757089E-01,9.15713608E-05,1.31827925E-04
2.56042691E-01,1.62485987E-04,1.29953840E-04
2.56328294E-01,2.12449580E-04,1.32409408E-04
2.56613896E-01,1.01305544E-04,1.31786414E-04
2.56899499E-01,-7.99074769E-06,1.33131636E-04
2.57185101E-01,1.79514289E-04,1.34281324E-04
2.57470704E-01,1.08696520E-04,1.33569537E-04
2.57756307E-01,-2.31448561E-04,1.34799421E-04
2.58041909E-01,2.00137496E-04,1.34060397E-04
2.58327512E-01,3.80475074E-04,1.36152573E-04
2.58613114E-01,-4.81493771E-05,1.35858397E-04
2.58898717E-01,-6.30319118E-05,1.36347001E-04
2.59184319E-01,-5.57266176E-05,1.36592350E-04
2.59469922E-01,6.56135380E-05,1.34728416E-04
2.59755524E-01,3.57329845E-05,1.37500857E-04
2.60041127E-01,6.18398190E-06,1.36468195E-04
2.60326730E-01,6.86794519E-05,1.36782748E-04
2.60612332E-01,-1.83086842E-04,1.36566008E-04
2.60897935E-01,-9.03755426E-05,1.37340535E-04
2.61183537E-01,8.81887972E-05,1.39156901E-04
2.61469140E-01,-1.17719173E-05,1.37534028E-04
2.61754742E-01,2.06679106E-05,1.39766811E-04
2.62040345E-01,1.19876117E-04,1.38743137E-04
2.62325947E-01,-9.10460949E-05,1.40907297E-04
2.62611550E-01,1.63190067E-04,1.41600867E-04
2.62897153E-01,-9.14931297E-05,1.38564710E-04
2.63182755E-01,-4.35411930E-05,1.42580783E-04
2.63468358E-01,-3.57106328E-05,1.40723390E-04
2.63753960E-01,-2.06343830E-05,1.43928140E-04
2.64039563E-01,8.34539533E-05,1.42167217E-04
2.64325165E-01,1.84744596E-04,1.41490163E-04
2.64610768E-01,-1.53221190E-04,1.45437158E-04
2.64896370E-01,3.21045518E-05,1.43141555E-04
2.65181973E-01,-1.04103237E-04,1.44045805E-04
2.65467576E-01,1.49834901E-04,1.44561113E-04
2.65753178E-01,1.77685171E-04,1.45481733E-04
2.66038781E-01,1.73904002E-04,1.48441378E-04
2.66324383E-01,-2.27339566E-04,1.43554554E-04
2.66609986E-01,-2.60356814E-04,1.46391008E-04
2.66895588E-01,1.81384385E-05,1.47327987E-04
2.67181191E-01,2.44073570E-04,1.48266897E-04
2.67466793E-01,-1.18836761E-05,1.49877398E-04
2.67752396E-01,-5.27277589E-05,1.46905954E-04
2.68037999E-01,-7.76462257E-05,1.48783825E-04
2.68323601E-01,1.10331923E-04,1.50357237E-04
2.68609204E-01,2.96287239E-04,1.49900447E-04
2.68894806E-01,-6.01969659E-05,1.50436291E-04
2.69180409E-01,-1.15234405E-04,1.49786710E-04
2.69466011E-01,1.56175345E-04,1.51999699E-04
2.69751614E-01,-6.98752701E-05,1.52703552E-04
2.70037216E-01,1.80687755E-04,1.50581834E-04
2.70322819E-01,-7.74674118E-05,1.53181890E-04
2.70608422E-01,-4.47444618E-05,1.52611011E-04
2.70894024E-01,-8.80062580E-05,1.54986581E-04
2.71179627E-01,-1.02970749E-04,1.52298537E-04
2.71465229E-01,5.61475754E-05,1.53711527E-04
2.71750832E-01,1.48784369E-04,1.54623901E-04
2.72036434E-01,-2.28498131E-04,1.54848376E-04
2.72322037E-01,-1.58052891E-04,1.53347304E-04
2.72607639E-01,-1.69254839E-04,1.54231683E-04
2.72893242E-01,-3.15122306E-05,1.55521061E-04
2.73178845E-01,2.41681933E-04,1.56294646E-04
2.73464447E-01,1.92224979E-05,1.55702874E-04
2.73750050E-01,1.53165311E-04,1.55136692E-04
2.74035652E-01,7.55786896E-05,1.57536550E-04
2.74321255E-01,-2.68679112E-04,1.58334263E-04
2.74606857E-01,4.10042703E-04,1.56267808E-04
2.74892460E-01,-1.11922622E-04,1.59157021E-04
2.75178062E-01,1.21183693E-04,1.57361313E-04
2.75463665E-01,-1.03399158E-04,1.60077052E-04
2.75749268E-01,-8.21352005E-05,1.59055561E-04
2.76034870E-01,1.24108046E-04,1.58814994E-04
2.76320473E-01,2.32841820E-04,1.63151784E-04
2.76606075E-01,9.06959176E-05,1.59953031E-04
2.76891678E-01,-1.12529844E-04,1.62116397E-04
2.77177280E-01,4.36242670E-04,1.61893451E-04
2.77462883E-01,2.73395330E-04,1.62693944E-04
2.77748485E-01,2.96004117E-04,1.65228547E-04
2.78034088E-01,4.33772802E-05,1.61609060E-04
2.78319691E-01,1.29271299E-04,1.65234092E-04
2.78605293E-01,9.38996673E-05,1.63641249E-04
2.78890896E-01,-5.62109053E-05,1.65092777E-04
2.79176498E-01,4.38578427E-05,1.64620465E-04
2.79462101E-01,-1.41847879E-04,1.65349281E-04
2.79747703E-01,3.75285745E-05,1.67590912E-04
2.80033306E-01,-1.18136406E-04,1.65349589E-04
2.80318908E-01,5.06602228E-05,1.67989021E-04
2.80604511E-01,-5.07049263E-05,1.66647515E-04
2.80890114E-01,2.54284590E-04,1.68947885E-04
2.81175716E-01,5.68006188E-04,1.69321046E-04
2.81461319E-01,9.77776945E-05,1.66093740E-04
2.81746921E-01,2.41320580E-04,1.69582438E-04
2.82032524E-01,-2.53845006E-04,1.65907943E-04
2.82318126E-01,-4.11458313E-05,1.68180135E-04
2.82603729E-01,1.32288784E-04,1.68520342E-04
2.82889331E-01,-2.94670463E-06,1.68311580E-04
2.83174934E-01,-8.56816769E-06,1.69897225E-04
2.83460537E-01,-7.72103667E-05,1.66254865E-04
2.83746139E-01,-1.80788338E-05,1.69991747E-04
2.84031742E-01,9.02637839E-06,1.68057565E-04
2.84317344E-01,3.27348709E-04,1.70570945E-04
2.84602947E-01,-3.69846821E-05,1.72291227E-04
2.84888549E-01,2.54031271E-04,1.69465578E-04
2.85174152E-01,2.82209367E-04,1.72744097E-04
2.85459754E-01,1.77085400E-04,1.71013153E-04
2.85745357E-01,7.18571246E-05,1.73111207E-04
2.86030960E-01,1.86420977E-04,1.73574516E-04
2.86316562E-01,2.94487923E-04,1.74725720E-04
2.86602165E-01,4.37084585E-04,1.75809085E-04
2.86887767E-01,5.39354980E-04,1.73710902E-04
2.87173370E-01,1.24208629E-04,1.76381118E-04
2.87458972E-01,-1.54823065E-04,1.74103597E-04
2.87744575E-01,-1.97097659E-04,1.77078134E-04
2.88030177E-01,1.16232783E-04,1.78065126E-04
2.88315780E-01,-4.32953238E-05,1.74831936E-04
2.88601383E-01,2.55145133E-04,1.80381751E-04
2.88886985E-01,2.15671957E-04,1.76146549E-04
2.89172588E-01,-1.80043280E-05,1.80576788E-04
2.89458190E-01,2.75555998E-04,1.78721787E-04
2.89743793E-01,2.76792794E-04,1.80140016E-04
2.90029395E-01,1.12712383E-04,1.83825613E-04
2.90314998E-01,-5.06117940E-05,1.76940981E-04
2.90600600E-01,7.79628754E-05,1.84318982E-04
2.90886203E-01,8.40574503E-05,1.79971488E-04
2.91171806E-01,1.88332051E-04,1.83096423E-04
2.91457408E-01,1.08778477E-04,1.85899286E-04
2.91743011E-01,3.64784151E-04,1.82038250E-04
2.92028613E-01,1.45595521E-04,1.86925540E-04
2.92314216E-01,1.11863017E-04,1.82419723E-04
2.92599818E-01,-6.45220280E-06,1.86950079E-04
2.92885421E-01,1.40577555E-04,1.86437946E-04
2.93171023E-01,2.15455890E-04,1.86990571E-04
2.93456626E-01,-2.03594565E-04,1.88059949E-04
2.93742229E-01,1.64851546E-04,1.85779717E-04
2.94027831E-01,9.61907208E-05,1.89999150E-04
2.94313434E-01,3.95588577E-05,1.88612978E-04
2.94599036E-01,-1.00992620E-04,1.88511203E-04
2.94884639E-01,-2.59835273E-04,1.90138064E-04
2.95170241E-01,1.76955014E-04,1.90970481E-04
2.95455844E-01,2.38504261E-04,1.92582778E-04
2.95741446E-01,1.48549676E-04,1.89780230E-04
2.96027049E-01,-2.03948468E-04,1.93884808E-04
2.96312652E-01,5.57675958E-05,1.92234630E-04
2.96598254E-01,-2.59049237E-04,1.95009527E-04
2.96883857E-01,1.27956271E-04,1.96234682E-04
2.97169459E-01,3.08252871E-04,1.92351550E-04
2.97455062E-01,-4.87118959E-05,1.98631997E-04
2.97740664E-01,3.55649740E-04,1.95042480E-04
2.98026267E-01,1.43699348E-04,1.99835446E-04
2.98311869E-01,-1.15111470E-04,1.98602314E-04
2.98597472E-01,-1.57918781E-04,1.95036310E-04
2.98883075E-01,3.05585563E-04,2.03153016E-04
2.99168677E-01,4.48469073E-04,1.97971865E-04
2.99454280E-01,-3.19555402E-05,2.02374403E-04
2.99739882E-01,-7.82683492E-05,2.00341417E-04
3.00025485E-01,4.92967665E-05,2.01667841E-04
3.00311087E-01,1.21776015E-04,2.06396061E-04
3.00596690E-01,1.99601054E-05,1.99578215E-04
3.00882292E-01,-7.08624721E-05,2.07056490E-04
3.01167895E-01,8.39680433E-05,2.02225253E-04
3.01453498E-01,-1.59502029E-04,2.06372409E-04
3.01739100E-01,-4.56955284E-04,2.06229624E-04
3.02024703E-01,4.84287739E-07,2.04147295E-04
3.02310305E-01,9.33818519E-05,2.12458751E-04
3.02595908E-01,-2.51375139E-04,2.03855748E-04
3.02881510E-01,3.16351652E-05,2.11350112E-04
3.03167113E-01,2.61187553E-04,2.10060281E-04
3.03452715E-01,8.41021538E-05,2.11019351E-04
3.03738318E-01,2.50898302E-05,2.15240107E-04
3.04023921E-01,-5.02914190E-05,2.07391988E-04
3.04309523E-01,2.56184489E-04,2.17529780E-04
3.04595126E-01,1.86868012E-04,2.11416033E-04
3.04880728E-01,2.51986086E-04,2.16584019E-04
3.05166331E-01,2.74527818E-04,2.17089677E-04
3.05451933E-01,5.83194196E-05,2.14678109E-04
3.05737536E-01,3.41795385E-05,2.20871520E-04
3.06023138E-01,4.95702028E-04,2.14182274E-04
3.06308741E-01,-1.53891742E-05,2.20816679E-04
3.06594344E-01,2.18566507E-04,2.20416828E-04
3.06879946E-01,3.53481621E-04,2.20397093E-04
3.07165549E-01,-2.63433903E-04,2.25654837E-04
3.07451151E-01,2.93839723E-04,2.20016371E-04
3.07736754E-01,2.22969800E-04,2.26557866E-04
3.08022356E-01,-3.53921205E-04,2.19878127E-04
3.08307959E-01,-2.73045152E-04,2.26979805E-04
3.08593561E-01,4.59678471E-04,2.28579379E-04
3.08879164E-01,7.96057284E-05,2.23807676E-04
3.09164767E-01,-8.65422189E-05,2.32010429E-04
3.09450369E-01,-5.62567264E-04,2.22750219E-04
3.09735972E-01,2.23554671E-05,2.32393482E-04
3.10021574E-01,-2.97978520E-04,2.28328221E-04
3.10307177E-01,2.76118517E-04,2.31950787E-04
3.10592779E-01,-5.35361469E-05,2.37352427E-04
3.10878382E-01,-5.23962080E-05,2.27189408E-04
3.11163984E-01,-1.76157802E-04,2.37520389E-04
3.11449587E-01,3.16884369E-04,2.32906218E-04
3.11735190E-01,8.03321600E-05,2.39119540E-04
3.12020792E-01,4.05188650E-04,2.40053495E-04
3.12306395E-01,2.08653510E-05,2.37099285E-04
3.12591997E-01,1.06863678E-04,2.43329307E-04
3.12877600E-01,1.72108412E-04,2.35656192E-04
3.13163202E-01,4.69475985E-04,2.42684402E-04
3.13448805E-01,-1.20650977E-04,2.39062279E-04
3.13734407E-01,1.77327543E-04,2.39481552E-04
3.14020010E-01,7.72252679E-06,2.45435101E-04
3.14305613E-01,6.42947853E-05,2.32805724E-04
3.14591215E-01,1.21604651E-04,2.43374289E-04
3.14876818E-01,2.10020691E-04,2.38369789E-04
3.15162420E-01,3.99190933E-04,2.41188057E-04
3.15448023E-01,3.11374664E-04,2.43222107E-04
3.15733625E-01,-6.58258796E-05,2.37504854E-04
3.16019228E-01,-2.47057527E-04,2.44715018E-04
3.16304830E-01,5.47315925E-04,2.36591055E-04
3.16590433E-01,1.72741711E-05,2.44059688E-04
3.16876036E-01,8.84905457E-05,2.40982634E-04
3.17161638E-01,-3.41869891E-05,2.44024802E-04
3.17447241E-01,4.66335565E-04,2.48636652E-04
3.17732843E-01,-2.70973891E-04,2.38713799E-04
3.18018446E-01,-1.22468919E-04,2.48691377E-04
3.18304048E-01,1.38059258E-04,2.44991825E-04
3.18589651E-01,-3.14842910E-04,2.48310317E-04
3.18875253E-01,1.26063824E-04,2.50754179E-04
3.19160856E-01,-2.64722854E-04,2.48442322E-04
3.19446459E-01,1.16668642E-04,2.58367156E-04
3.19732061E-01,4.37315553E-04,2.47489429E-04
3.20017664E-01,-5.86211681E-05,2.59357376E-04
3.20303266E-01,-2.47381628E-04,2.52628287E-04
3.20588869E-01,-6.88433647E-06,2.57681806E-04
3.20874471E-01,2.78867781E-04,2.65226921E-04
3.21160074E-01,2.45124102E-05,2.52450253E-04
3.21445676E-01,-1.10417604E-05,2.64649929E-04
3.21731279E-01,5.68684191E-04,2.58992211E-04
3.22016882E-01,7.30939209E-05,2.67968795E-04
3.22302484E-01,-9.06735659E-05,2.62794054E-04
3.22588087E-01,-1.92645937E-04,2.63085600E-04
3.22873689E-01,9.66265798E-05,2.75119809E-04
3.23159292E-01,-5.42543828E-04,2.58254683E-04
3.23444894E-01,-3.05954367E-04,2.77214044E-04
3.23730497E-01,-5.42663038E-05,2.66727154E-04
3.24016099E-01,-5.49219549E-04,2.73512974E-04
3.24301702E-01,1.96918845E-05,2.85158975E-04
3.24587305E-01,-2.00759619E-04,2.64692565E-04
3.24872907E-01,-3.04024667E-04,2.82753391E-04
3.25158510E-01,-2.28896737E-04,2.72269016E-04
3.25444112E-01,-2.06746161E-04,2.84716491E-04
3.25729715E-01,1.54957175E-04,2.81487591E-04
3.26015317E-01,-4.69285995E-04,2.80659271E-04
3.26300920E-01,5.95375896E-04,2.97719406E-04
3.26586522E-01,-8.48993659E-06,2.79134560E-04
3.26872125E-01,-3.29431146E-04,2.92488891E-04
3.27157728E-01,2.52999365E-04,2.86088388E-04
3.27443330E-01,-4.92073596E-05,2.94664907E-04
3.27728933E-01,2.10631639E-04,3.02225035E-04
3.28014535E-01,3.51853669E-04,2.88461280E-04
3.28300138E-01,-3.64445150E-05,3.08889749E-04
3.28585740E-01,-1.99161470E-04,2.89083981E-04
3.28871343E-01,-6.04983419E-04,3.05774509E-04
3.29156945E-01,-1.48970634E-04,3.00647689E-04
3.29442548E-01,3.46761197E-04,3.06425568E-04
3.29728151E-01,8.19750130E-04,3.24507939E-04
3.30013753E-01,4.06239182E-04,2.98379012E-04
3.30299356E-01,1.12019479E-05,3.22412250E-04
3.30584958E-01,8.03109258E-04,3.08948713E-04
3.30870561E-01,-1.76016241E-04,3.19065805E-04
3.31156163E-01,1.33700669E-04,3.25913575E-04
3.31441766E-01,1.86648220E-04,3.13440465E-04
3.31727368E-01,3.95212322E-04,3.39322129E-04
3.32012971E-01,-2.68831849E-04,3.11360893E-04
3.32298574E-01,-5.38147986E-04,3.33576151E-04
3.32584176E-01,2.08057463E-05,3.24822338E-04
3.32869779E-01,-1.56674534E-04,3.35040564E-04
3.33155381E-01,2.02272087E-04,3.54093825E-04
3.33440984E-01,3.52770090E-04,3.23840278E-04
3.33726586E-01,1.59855932E-04,3.54031255E-04
3.34012189E-01,8.01570714E-05,3.34107604E-04
3.34297791E-01,2.38083303E-05,3.52579595E-04
3.34583394E-01,-2.73484737E-04,3.52653179E-04
3.34868997E-01,-4.45306301E-04,3.42618998E-04
3.35154599E-01,3.49443406E-04,3.78264950E-04
3.35440202E-01,-2.92919576E-05,3.41033443E-04
3.35725804E-01,1.15994364E-04,3.73709350E-04
3.36011407E-01,9.66563821E-05,3.59568197E-04
3.36297009E-01,5.74383885E-04,3.73200774E-04
3.36582612E-01,1.84081495E-04,3.96650002E-04
3.36868214E-01,1.40376389E-04,3.52849624E-04
3.37153817E-01,-2.13418156E-04,3.94636764E-04
3.37439420E-01,2.68854201E-05,3.71600078E-04
3.37725022E-01,-5.58793545E-05,3.95762481E-04
3.38010625E-01,-1.73337758E-05,3.96118218E-04
3.38296227E-01,5.90115786E-04,3.87222341E-04
3.38581830E-01,-4.06093895E-05,4.29061078E-04
3.38867432E-01,3.07206064E-04,3.78288851E-04
3.39153035E-01,4.28929925E-05,4.33309679E-04
3.39438637E-01,-1.95592642E-04,3.95495592E-04
3.39724240E-01,2.56624073E-04,4.29024044E-04
3.40009843E-01,1.47521496E-04,4.59734523E-04
3.40295445E-01,-3.37462872E-04,3.93771344E-04
3.40581048E-01,4.96059656E-05,4.59374538E-04
3.40866650E-01,-4.64301556E-04,4.17199758E-04
3.41152253E-01,4.48990613E-04,4.60269071E-04
3.41437855E-01,3.71880829E-04,4.50565545E-04
3.41723458E-01,-1.31059438E-04,4.51136686E-04
3.42009060E-01,-1.09875575E-03,5.04410840E-04
3.42294663E-01,2.58468091E-04,4.35550254E-04
3.42580266E-01,-4.71800566E-04,4.97101901E-04
3.42865868E-01,-2.81590968E-04,4.69334683E-04
3.43151471E-01,-6.99985772E-04,4.87930229E-04
3.43437073E-01,1.72417611E-04,5.62370104E-04
3.43722676E-01,7.24952668E-04,4.59636358E-04
3.44008278E-01,-2.40504742E-04,5.99006126E-04
3.44293881E-01,1.76094472E-04,4.79944427E-04
3.44579483E-01,1.73643231E-04,5.83616151E-04
3.44865086E-01,-3.97369266E-04,5.34658985E-04
3.45150689E-01,1.47905201E-04,5.54638876E-04
3.45436291E-01,-2.67025083E-04,6.84450113E-04
3.45721894E-01,2.56795436E-04,4.95968656E-04
3.46007496E-01,-2.29422003E-04,7.19128785E-04
3.46293099E-01,2.45288014E-04,5.35949651E-04
3.46578701E-01,8.50092620E-04,7.25560246E-04
3.46864304E-01,-4.77634370E-04,6.51672969E-04
3.47149906E-01,-5.86882234E-05,6.34765577E-04
3.47435509E-01,-4.01034951E-04,8.13072225E-04
3.47721112E-01,-1.08420849E-04,5.99439469E-04
3.48006714E-01,-4.57491726E-04,8.70847042E-04
3.48292317E-01,1.10596046E-03,6.59438519E-04
3.48577919E-01,5.10472804E-04,9.65089484E-04
3.48863522E-01,-5.52795827E-04,9.78714231E-04
3.49149124E-01,6.67333603E-04,7.36939021E-04