,,Well,A01,A02,A03,A04,A05,A06,B01,B02,B03,B04,B05,B06,,,,,,,,,,,,,,,,,,,,,,,,,,,,,,,,,,,,,,,,,,,,,,,,,,,,,,,,,,,,,,,,,,,C01,C02,C03,C04,C05,C06,,,,,,,,,,,,
,,Wavelength (nm),Buffer,Buffer,Buffer,Buffer,Buffer,Buffer,Ficoll,Ficoll,Ficoll,Ficoll,Ficoll,Ficoll,D-Sorbitol,D-Sorbitol,D-Sorbitol,D-Sorbitol,D-Sorbitol,D-Sorbitol,Glycerol,Glycerol,Glycerol,Glycerol,Glycerol,Glycerol,PEG200,PEG200,PEG200,PEG200,PEG200,PEG200,PEG1500,PEG1500,PEG1500,PEG1500,PEG1500,PEG1500,PEG4000,PEG4000,PEG4000,PEG4000,PEG4000,PEG4000,PEG8000,PEG8000,PEG8000,PEG8000,PEG8000,PEG8000,Sucrose,Sucrose,Sucrose,Sucrose,Sucrose,Sucrose,L(+)-Arabinose,L(+)-Arabinose,L(+)-Arabinose,L(+)-Arabinose,L(+)-Arabinose,L(+)-Arabinose,Dextran,Dextran,Dextran,Dextran,Dextran,Dextran,EG,EG,EG,EG,EG,EG,PEG400,PEG400,PEG400,PEG400,PEG400,PEG400,PEG2000,PEG2000,PEG2000,PEG2000,PEG2000,PEG2000,PEG6000,PEG6000,PEG6000,PEG6000,PEG6000,PEG6000,PEG10000,PEG10000,PEG10000,PEG10000,PEG10000,PEG10000
Protein,Gain,wt %,0,0,0,0,0,0,4,8,12,16,20,24,4,8,12,16,20,24,4,8,12,16,20,24,4,8,12,16,20,24,4,8,12,16,20,24,4,8,12,16,20,24,4,8,12,16,20,24,4,8,12,16,20,24,4,8,12,16,20,24,4,8,12,16,20,24,4,8,12,16,20,24,4,8,12,16,20,24,4,8,12,16,20,24,4,8,12,16,20,24,4,8,12,16,20,24
PUMA S3,1020,450,798,683,745,741,672,693,757,696,636,657,776,745,0,0,0,0,0,0,0,0,0,0,0,0,0,0,0,0,0,0,0,0,0,0,0,0,0,0,0,0,0,0,0,0,0,0,0,0,0,0,0,0,0,0,0,0,0,0,0,0,0,0,0,0,0,0,0,0,0,0,0,0,0,0,0,0,0,0,883,776,685,686,623,545,0,0,0,0,0,0,0,0,0,0,0,0
PUMA S3,1020,451,991,840,905,913,843,860,938,842,765,788,921,869,0,0,0,0,0,0,0,0,0,0,0,0,0,0,0,0,0,0,0,0,0,0,0,0,0,0,0,0,0,0,0,0,0,0,0,0,0,0,0,0,0,0,0,0,0,0,0,0,0,0,0,0,0,0,0,0,0,0,0,0,0,0,0,0,0,0,1089,958,835,844,779,666,0,0,0,0,0,0,0,0,0,0,0,0
PUMA S3,1020,452,1219,1043,1143,1127,1039,1057,1148,1017,911,938,1099,1027,0,0,0,0,0,0,0,0,0,0,0,0,0,0,0,0,0,0,0,0,0,0,0,0,0,0,0,0,0,0,0,0,0,0,0,0,0,0,0,0,0,0,0,0,0,0,0,0,0,0,0,0,0,0,0,0,0,0,0,0,0,0,0,0,0,0,1342,1189,1036,1037,948,817,0,0,0,0,0,0,0,0,0,0,0,0
PUMA S3,1020,453,1498,1277,1401,1384,1276,1302,1385,1225,1098,1123,1287,1212,0,0,0,0,0,0,0,0,0,0,0,0,0,0,0,0,0,0,0,0,0,0,0,0,0,0,0,0,0,0,0,0,0,0,0,0,0,0,0,0,0,0,0,0,0,0,0,0,0,0,0,0,0,0,0,0,0,0,0,0,0,0,0,0,0,0,1643,1431,1255,1259,1166,1007,0,0,0,0,0,0,0,0,0,0,0,0
PUMA S3,1020,454,1846,1551,1712,1714,1554,1608,1706,1488,1305,1335,1554,1440,0,0,0,0,0,0,0,0,0,0,0,0,0,0,0,0,0,0,0,0,0,0,0,0,0,0,0,0,0,0,0,0,0,0,0,0,0,0,0,0,0,0,0,0,0,0,0,0,0,0,0,0,0,0,0,0,0,0,0,0,0,0,0,0,0,0,2032,1760,1538,1556,1439,1229,0,0,0,0,0,0,0,0,0,0,0,0
PUMA S3,1020,455,2252,1913,2096,2095,1909,1944,2059,1784,1577,1591,1844,1714,0,0,0,0,0,0,0,0,0,0,0,0,0,0,0,0,0,0,0,0,0,0,0,0,0,0,0,0,0,0,0,0,0,0,0,0,0,0,0,0,0,0,0,0,0,0,0,0,0,0,0,0,0,0,0,0,0,0,0,0,0,0,0,0,0,0,2453,2132,1877,1891,1728,1490,0,0,0,0,0,0,0,0,0,0,0,0
PUMA S3,1020,456,2704,2318,2520,2533,2295,2344,2481,2144,1875,1887,2179,2014,0,0,0,0,0,0,0,0,0,0,0,0,0,0,0,0,0,0,0,0,0,0,0,0,0,0,0,0,0,0,0,0,0,0,0,0,0,0,0,0,0,0,0,0,0,0,0,0,0,0,0,0,0,0,0,0,0,0,0,0,0,0,0,0,0,0,2918,2578,2250,2285,2078,1790,0,0,0,0,0,0,0,0,0,0,0,0
PUMA S3,1020,457,3244,2757,3005,3046,2754,2832,2951,2542,2223,2231,2572,2367,0,0,0,0,0,0,0,0,0,0,0,0,0,0,0,0,0,0,0,0,0,0,0,0,0,0,0,0,0,0,0,0,0,0,0,0,0,0,0,0,0,0,0,0,0,0,0,0,0,0,0,0,0,0,0,0,0,0,0,0,0,0,0,0,0,0,3499,3086,2691,2700,2473,2131,0,0,0,0,0,0,0,0,0,0,0,0
PUMA S3,1020,458,3830,3295,3594,3607,3286,3352,3481,3007,2602,2618,3018,2770,0,0,0,0,0,0,0,0,0,0,0,0,0,0,0,0,0,0,0,0,0,0,0,0,0,0,0,0,0,0,0,0,0,0,0,0,0,0,0,0,0,0,0,0,0,0,0,0,0,0,0,0,0,0,0,0,0,0,0,0,0,0,0,0,0,0,4142,3646,3177,3216,2946,2520,0,0,0,0,0,0,0,0,0,0,0,0
PUMA S3,1020,459,4563,3899,4264,4273,3873,3982,4089,3548,3065,3066,3545,3221,0,0,0,0,0,0,0,0,0,0,0,0,0,0,0,0,0,0,0,0,0,0,0,0,0,0,0,0,0,0,0,0,0,0,0,0,0,0,0,0,0,0,0,0,0,0,0,0,0,0,0,0,0,0,0,0,0,0,0,0,0,0,0,0,0,0,4890,4317,3765,3802,3467,2961,0,0,0,0,0,0,0,0,0,0,0,0
PUMA S3,1020,460,5294,4557,4982,4971,4541,4616,4760,4087,3510,3555,4077,3713,0,0,0,0,0,0,0,0,0,0,0,0,0,0,0,0,0,0,0,0,0,0,0,0,0,0,0,0,0,0,0,0,0,0,0,0,0,0,0,0,0,0,0,0,0,0,0,0,0,0,0,0,0,0,0,0,0,0,0,0,0,0,0,0,0,0,5665,5007,4375,4410,4035,3439,0,0,0,0,0,0,0,0,0,0,0,0
PUMA S3,1020,461,6101,5205,5746,5715,5217,5310,5414,4692,4029,4022,4640,4230,0,0,0,0,0,0,0,0,0,0,0,0,0,0,0,0,0,0,0,0,0,0,0,0,0,0,0,0,0,0,0,0,0,0,0,0,0,0,0,0,0,0,0,0,0,0,0,0,0,0,0,0,0,0,0,0,0,0,0,0,0,0,0,0,0,0,6493,5734,5007,5045,4597,3942,0,0,0,0,0,0,0,0,0,0,0,0
PUMA S3,1020,462,7007,5999,6559,6569,5983,6090,6194,5298,4561,4587,5305,4819,0,0,0,0,0,0,0,0,0,0,0,0,0,0,0,0,0,0,0,0,0,0,0,0,0,0,0,0,0,0,0,0,0,0,0,0,0,0,0,0,0,0,0,0,0,0,0,0,0,0,0,0,0,0,0,0,0,0,0,0,0,0,0,0,0,0,7416,6568,5729,5775,5272,4512,0,0,0,0,0,0,0,0,0,0,0,0
PUMA S3,1020,463,8017,6885,7543,7526,6851,6959,7091,6074,5237,5237,6033,5496,0,0,0,0,0,0,0,0,0,0,0,0,0,0,0,0,0,0,0,0,0,0,0,0,0,0,0,0,0,0,0,0,0,0,0,0,0,0,0,0,0,0,0,0,0,0,0,0,0,0,0,0,0,0,0,0,0,0,0,0,0,0,0,0,0,0,8544,7510,6562,6594,6025,5181,0,0,0,0,0,0,0,0,0,0,0,0
PUMA S3,1020,464,8940,7654,8369,8360,7595,7749,7868,6727,5790,5780,6649,6098,0,0,0,0,0,0,0,0,0,0,0,0,0,0,0,0,0,0,0,0,0,0,0,0,0,0,0,0,0,0,0,0,0,0,0,0,0,0,0,0,0,0,0,0,0,0,0,0,0,0,0,0,0,0,0,0,0,0,0,0,0,0,0,0,0,0,9443,8363,7277,7328,6708,5700,0,0,0,0,0,0,0,0,0,0,0,0
PUMA S3,1020,465,9862,8447,9280,9278,8411,8581,8686,7421,6395,6377,7343,6688,0,0,0,0,0,0,0,0,0,0,0,0,0,0,0,0,0,0,0,0,0,0,0,0,0,0,0,0,0,0,0,0,0,0,0,0,0,0,0,0,0,0,0,0,0,0,0,0,0,0,0,0,0,0,0,0,0,0,0,0,0,0,0,0,0,0,10454,9251,8055,8088,7403,6338,0,0,0,0,0,0,0,0,0,0,0,0
PUMA S3,1020,466,10907,9309,10238,10253,9290,9459,9600,8228,7051,7053,8073,7366,0,0,0,0,0,0,0,0,0,0,0,0,0,0,0,0,0,0,0,0,0,0,0,0,0,0,0,0,0,0,0,0,0,0,0,0,0,0,0,0,0,0,0,0,0,0,0,0,0,0,0,0,0,0,0,0,0,0,0,0,0,0,0,0,0,0,11507,10214,8876,8935,8155,6954,0,0,0,0,0,0,0,0,0,0,0,0
PUMA S3,1020,467,11682,10032,10999,10997,9979,10155,10270,8762,7492,7545,8647,7903,0,0,0,0,0,0,0,0,0,0,0,0,0,0,0,0,0,0,0,0,0,0,0,0,0,0,0,0,0,0,0,0,0,0,0,0,0,0,0,0,0,0,0,0,0,0,0,0,0,0,0,0,0,0,0,0,0,0,0,0,0,0,0,0,0,0,12301,10885,9505,9590,8718,7469,0,0,0,0,0,0,0,0,0,0,0,0
PUMA S3,1020,468,12474,10713,11739,11713,10635,10799,10944,9400,8015,8024,9239,8391,0,0,0,0,0,0,0,0,0,0,0,0,0,0,0,0,0,0,0,0,0,0,0,0,0,0,0,0,0,0,0,0,0,0,0,0,0,0,0,0,0,0,0,0,0,0,0,0,0,0,0,0,0,0,0,0,0,0,0,0,0,0,0,0,0,0,13162,11657,10144,10253,9312,7910,0,0,0,0,0,0,0,0,0,0,0,0
PUMA S3,1020,469,13307,11414,12553,12486,11376,11499,11646,9980,8500,8533,9822,8940,0,0,0,0,0,0,0,0,0,0,0,0,0,0,0,0,0,0,0,0,0,0,0,0,0,0,0,0,0,0,0,0,0,0,0,0,0,0,0,0,0,0,0,0,0,0,0,0,0,0,0,0,0,0,0,0,0,0,0,0,0,0,0,0,0,0,14004,12407,10786,10886,9897,8458,0,0,0,0,0,0,0,0,0,0,0,0
PUMA S3,1020,470,13908,11975,13060,13085,11912,12103,12162,10426,8897,8961,10257,9339,0,0,0,0,0,0,0,0,0,0,0,0,0,0,0,0,0,0,0,0,0,0,0,0,0,0,0,0,0,0,0,0,0,0,0,0,0,0,0,0,0,0,0,0,0,0,0,0,0,0,0,0,0,0,0,0,0,0,0,0,0,0,0,0,0,0,14663,12947,11332,11412,10396,8865,0,0,0,0,0,0,0,0,0,0,0,0
PUMA S3,1020,471,14235,12218,13431,13386,12176,12337,12461,10649,9126,9120,10465,9577,0,0,0,0,0,0,0,0,0,0,0,0,0,0,0,0,0,0,0,0,0,0,0,0,0,0,0,0,0,0,0,0,0,0,0,0,0,0,0,0,0,0,0,0,0,0,0,0,0,0,0,0,0,0,0,0,0,0,0,0,0,0,0,0,0,0,14990,13223,11577,11610,10592,9033,0,0,0,0,0,0,0,0,0,0,0,0
PUMA S3,1020,472,14540,12477,13723,13720,12423,12607,12720,10865,9322,9337,10725,9811,0,0,0,0,0,0,0,0,0,0,0,0,0,0,0,0,0,0,0,0,0,0,0,0,0,0,0,0,0,0,0,0,0,0,0,0,0,0,0,0,0,0,0,0,0,0,0,0,0,0,0,0,0,0,0,0,0,0,0,0,0,0,0,0,0,0,15283,13596,11845,11931,10871,9259,0,0,0,0,0,0,0,0,0,0,0,0
PUMA S3,1020,473,14893,12829,14076,13986,12746,12959,13018,11214,9576,9570,10980,10023,0,0,0,0,0,0,0,0,0,0,0,0,0,0,0,0,0,0,0,0,0,0,0,0,0,0,0,0,0,0,0,0,0,0,0,0,0,0,0,0,0,0,0,0,0,0,0,0,0,0,0,0,0,0,0,0,0,0,0,0,0,0,0,0,0,0,15694,13948,12155,12192,11126,9484,0,0,0,0,0,0,0,0,0,0,0,0
PUMA S3,1020,474,14899,12838,14095,14048,12722,12959,13106,11210,9586,9590,10987,10041,0,0,0,0,0,0,0,0,0,0,0,0,0,0,0,0,0,0,0,0,0,0,0,0,0,0,0,0,0,0,0,0,0,0,0,0,0,0,0,0,0,0,0,0,0,0,0,0,0,0,0,0,0,0,0,0,0,0,0,0,0,0,0,0,0,0,15753,13997,12142,12280,11109,9525,0,0,0,0,0,0,0,0,0,0,0,0
PUMA S3,1020,475,15021,12960,14195,14200,12885,13060,13206,11308,9654,9670,11084,10102,0,0,0,0,0,0,0,0,0,0,0,0,0,0,0,0,0,0,0,0,0,0,0,0,0,0,0,0,0,0,0,0,0,0,0,0,0,0,0,0,0,0,0,0,0,0,0,0,0,0,0,0,0,0,0,0,0,0,0,0,0,0,0,0,0,0,15895,14069,12228,12312,11241,9566,0,0,0,0,0,0,0,0,0,0,0,0
PUMA S3,1020,476,14808,12742,13949,13986,12669,12877,13019,11188,9528,9545,10924,9950,0,0,0,0,0,0,0,0,0,0,0,0,0,0,0,0,0,0,0,0,0,0,0,0,0,0,0,0,0,0,0,0,0,0,0,0,0,0,0,0,0,0,0,0,0,0,0,0,0,0,0,0,0,0,0,0,0,0,0,0,0,0,0,0,0,0,15680,13860,12106,12144,11102,9443,0,0,0,0,0,0,0,0,0,0,0,0
PUMA S3,1020,477,14636,12558,13784,13780,12503,12743,12879,11062,9436,9417,10829,9843,0,0,0,0,0,0,0,0,0,0,0,0,0,0,0,0,0,0,0,0,0,0,0,0,0,0,0,0,0,0,0,0,0,0,0,0,0,0,0,0,0,0,0,0,0,0,0,0,0,0,0,0,0,0,0,0,0,0,0,0,0,0,0,0,0,0,15489,13699,11951,12048,10965,9353,0,0,0,0,0,0,0,0,0,0,0,0
PUMA S3,1020,478,14268,12302,13450,13507,12271,12408,12626,10814,9222,9230,10582,9660,0,0,0,0,0,0,0,0,0,0,0,0,0,0,0,0,0,0,0,0,0,0,0,0,0,0,0,0,0,0,0,0,0,0,0,0,0,0,0,0,0,0,0,0,0,0,0,0,0,0,0,0,0,0,0,0,0,0,0,0,0,0,0,0,0,0,15151,13431,11687,11742,10768,9154,0,0,0,0,0,0,0,0,0,0,0,0
PUMA S3,1020,479,14039,12074,13218,13240,12034,12223,12452,10667,9054,9093,10437,9487,0,0,0,0,0,0,0,0,0,0,0,0,0,0,0,0,0,0,0,0,0,0,0,0,0,0,0,0,0,0,0,0,0,0,0,0,0,0,0,0,0,0,0,0,0,0,0,0,0,0,0,0,0,0,0,0,0,0,0,0,0,0,0,0,0,0,14878,13210,11507,11590,10556,9037,0,0,0,0,0,0,0,0,0,0,0,0
PUMA S3,1020,480,13652,11700,12828,12805,11682,11875,12081,10329,8861,8816,10126,9249,0,0,0,0,0,0,0,0,0,0,0,0,0,0,0,0,0,0,0,0,0,0,0,0,0,0,0,0,0,0,0,0,0,0,0,0,0,0,0,0,0,0,0,0,0,0,0,0,0,0,0,0,0,0,0,0,0,0,0,0,0,0,0,0,0,0,14422,12811,11185,11213,10235,8757,0,0,0,0,0,0,0,0,0,0,0,0
PUMA S3,1020,481,13346,11465,12589,12571,11385,11631,11907,10152,8698,8690,9962,9097,0,0,0,0,0,0,0,0,0,0,0,0,0,0,0,0,0,0,0,0,0,0,0,0,0,0,0,0,0,0,0,0,0,0,0,0,0,0,0,0,0,0,0,0,0,0,0,0,0,0,0,0,0,0,0,0,0,0,0,0,0,0,0,0,0,0,14200,12570,10986,11023,10059,8617,0,0,0,0,0,0,0,0,0,0,0,0
PUMA S3,1020,482,12981,11249,12274,12272,11179,11349,11540,9877,8442,8480,9710,8869,0,0,0,0,0,0,0,0,0,0,0,0,0,0,0,0,0,0,0,0,0,0,0,0,0,0,0,0,0,0,0,0,0,0,0,0,0,0,0,0,0,0,0,0,0,0,0,0,0,0,0,0,0,0,0,0,0,0,0,0,0,0,0,0,0,0,13846,12221,10683,10762,9804,8392,0,0,0,0,0,0,0,0,0,0,0,0
PUMA S3,1020,483,12565,10797,11826,11806,10756,10939,11154,9546,8167,8188,9399,8599,0,0,0,0,0,0,0,0,0,0,0,0,0,0,0,0,0,0,0,0,0,0,0,0,0,0,0,0,0,0,0,0,0,0,0,0,0,0,0,0,0,0,0,0,0,0,0,0,0,0,0,0,0,0,0,0,0,0,0,0,0,0,0,0,0,0,13358,11824,10308,10382,9476,8101,0,0,0,0,0,0,0,0,0,0,0,0
PUMA S3,1020,484,12420,10673,11665,11682,10639,10807,11054,9477,8104,8145,9311,8521,0,0,0,0,0,0,0,0,0,0,0,0,0,0,0,0,0,0,0,0,0,0,0,0,0,0,0,0,0,0,0,0,0,0,0,0,0,0,0,0,0,0,0,0,0,0,0,0,0,0,0,0,0,0,0,0,0,0,0,0,0,0,0,0,0,0,13261,11683,10203,10326,9393,8002,0,0,0,0,0,0,0,0,0,0,0,0
PUMA S3,1020,485,12096,10422,11392,11426,10376,10536,10779,9239,7910,7934,9119,8304,0,0,0,0,0,0,0,0,0,0,0,0,0,0,0,0,0,0,0,0,0,0,0,0,0,0,0,0,0,0,0,0,0,0,0,0,0,0,0,0,0,0,0,0,0,0,0,0,0,0,0,0,0,0,0,0,0,0,0,0,0,0,0,0,0,0,12934,11437,9988,10063,9170,7826,0,0,0,0,0,0,0,0,0,0,0,0
PUMA S3,1020,486,11851,10226,11252,11204,10223,10363,10636,9097,7814,7803,8971,8206,0,0,0,0,0,0,0,0,0,0,0,0,0,0,0,0,0,0,0,0,0,0,0,0,0,0,0,0,0,0,0,0,0,0,0,0,0,0,0,0,0,0,0,0,0,0,0,0,0,0,0,0,0,0,0,0,0,0,0,0,0,0,0,0,0,0,12690,11258,9808,9880,9016,7718,0,0,0,0,0,0,0,0,0,0,0,0
PUMA S3,1020,487,11824,10170,11116,11172,10160,10280,10574,9018,7775,7780,8901,8166,0,0,0,0,0,0,0,0,0,0,0,0,0,0,0,0,0,0,0,0,0,0,0,0,0,0,0,0,0,0,0,0,0,0,0,0,0,0,0,0,0,0,0,0,0,0,0,0,0,0,0,0,0,0,0,0,0,0,0,0,0,0,0,0,0,0,12657,11212,9795,9861,8993,7718,0,0,0,0,0,0,0,0,0,0,0,0
PUMA S3,1020,488,11612,9990,10945,10978,9993,10156,10407,8928,7655,7665,8831,8090,0,0,0,0,0,0,0,0,0,0,0,0,0,0,0,0,0,0,0,0,0,0,0,0,0,0,0,0,0,0,0,0,0,0,0,0,0,0,0,0,0,0,0,0,0,0,0,0,0,0,0,0,0,0,0,0,0,0,0,0,0,0,0,0,0,0,12449,11022,9634,9722,8919,7646,0,0,0,0,0,0,0,0,0,0,0,0
PUMA S3,1020,489,11555,9940,10885,10895,9905,10096,10354,8889,7572,7650,8789,8046,0,0,0,0,0,0,0,0,0,0,0,0,0,0,0,0,0,0,0,0,0,0,0,0,0,0,0,0,0,0,0,0,0,0,0,0,0,0,0,0,0,0,0,0,0,0,0,0,0,0,0,0,0,0,0,0,0,0,0,0,0,0,0,0,0,0,12372,10993,9589,9702,8822,7612,0,0,0,0,0,0,0,0,0,0,0,0
PUMA S3,1020,490,11660,10049,11031,11086,10049,10170,10484,8975,7729,7791,8925,8192,0,0,0,0,0,0,0,0,0,0,0,0,0,0,0,0,0,0,0,0,0,0,0,0,0,0,0,0,0,0,0,0,0,0,0,0,0,0,0,0,0,0,0,0,0,0,0,0,0,0,0,0,0,0,0,0,0,0,0,0,0,0,0,0,0,0,12532,11126,9716,9839,9018,7744,0,0,0,0,0,0,0,0,0,0,0,0
PUMA S3,1020,491,11639,10018,10982,10999,10007,10098,10379,8956,7710,7751,8882,8183,0,0,0,0,0,0,0,0,0,0,0,0,0,0,0,0,0,0,0,0,0,0,0,0,0,0,0,0,0,0,0,0,0,0,0,0,0,0,0,0,0,0,0,0,0,0,0,0,0,0,0,0,0,0,0,0,0,0,0,0,0,0,0,0,0,0,12460,11107,9729,9809,8994,7758,0,0,0,0,0,0,0,0,0,0,0,0
PUMA S3,1020,492,11791,10130,11093,11145,10159,10231,10549,9075,7809,7853,9029,8354,0,0,0,0,0,0,0,0,0,0,0,0,0,0,0,0,0,0,0,0,0,0,0,0,0,0,0,0,0,0,0,0,0,0,0,0,0,0,0,0,0,0,0,0,0,0,0,0,0,0,0,0,0,0,0,0,0,0,0,0,0,0,0,0,0,0,12637,11257,9875,9924,9160,7891,0,0,0,0,0,0,0,0,0,0,0,0
PUMA S3,1020,493,12018,10377,11355,11371,10379,10486,10810,9338,8011,8090,9267,8606,0,0,0,0,0,0,0,0,0,0,0,0,0,0,0,0,0,0,0,0,0,0,0,0,0,0,0,0,0,0,0,0,0,0,0,0,0,0,0,0,0,0,0,0,0,0,0,0,0,0,0,0,0,0,0,0,0,0,0,0,0,0,0,0,0,0,12909,11511,10080,10252,9423,8185,0,0,0,0,0,0,0,0,0,0,0,0
PUMA S3,1020,494,12292,10625,11613,11633,10616,10700,11090,9540,8221,8287,9594,8865,0,0,0,0,0,0,0,0,0,0,0,0,0,0,0,0,0,0,0,0,0,0,0,0,0,0,0,0,0,0,0,0,0,0,0,0,0,0,0,0,0,0,0,0,0,0,0,0,0,0,0,0,0,0,0,0,0,0,0,0,0,0,0,0,0,0,13200,11819,10421,10509,9710,8464,0,0,0,0,0,0,0,0,0,0,0,0
PUMA S3,1020,495,12754,11014,11945,12022,10956,11110,11452,9897,8542,8627,9947,9231,0,0,0,0,0,0,0,0,0,0,0,0,0,0,0,0,0,0,0,0,0,0,0,0,0,0,0,0,0,0,0,0,0,0,0,0,0,0,0,0,0,0,0,0,0,0,0,0,0,0,0,0,0,0,0,0,0,0,0,0,0,0,0,0,0,0,13700,12228,10794,10920,10113,8858,0,0,0,0,0,0,0,0,0,0,0,0
PUMA S3,1020,496,13047,11258,12326,12309,11292,11394,11744,10126,8770,8951,10309,9588,0,0,0,0,0,0,0,0,0,0,0,0,0,0,0,0,0,0,0,0,0,0,0,0,0,0,0,0,0,0,0,0,0,0,0,0,0,0,0,0,0,0,0,0,0,0,0,0,0,0,0,0,0,0,0,0,0,0,0,0,0,0,0,0,0,0,14020,12603,11127,11259,10500,9191,0,0,0,0,0,0,0,0,0,0,0,0
PUMA S3,1020,497,13601,11737,12836,12845,11740,11832,12203,10630,9195,9367,10809,10050,0,0,0,0,0,0,0,0,0,0,0,0,0,0,0,0,0,0,0,0,0,0,0,0,0,0,0,0,0,0,0,0,0,0,0,0,0,0,0,0,0,0,0,0,0,0,0,0,0,0,0,0,0,0,0,0,0,0,0,0,0,0,0,0,0,0,14627,13147,11623,11851,11035,9737,0,0,0,0,0,0,0,0,0,0,0,0
PUMA S3,1020,498,14057,12122,13197,13327,12117,12221,12599,10999,9564,9747,11288,10518,0,0,0,0,0,0,0,0,0,0,0,0,0,0,0,0,0,0,0,0,0,0,0,0,0,0,0,0,0,0,0,0,0,0,0,0,0,0,0,0,0,0,0,0,0,0,0,0,0,0,0,0,0,0,0,0,0,0,0,0,0,0,0,0,0,0,15102,13672,12141,12308,11568,10253,0,0,0,0,0,0,0,0,0,0,0,0
PUMA S3,1020,499,14832,12938,14084,14128,12871,13013,13452,11699,10195,10477,12143,11338,0,0,0,0,0,0,0,0,0,0,0,0,0,0,0,0,0,0,0,0,0,0,0,0,0,0,0,0,0,0,0,0,0,0,0,0,0,0,0,0,0,0,0,0,0,0,0,0,0,0,0,0,0,0,0,0,0,0,0,0,0,0,0,0,0,0,15988,14539,12959,13154,12443,11098,0,0,0,0,0,0,0,0,0,0,0,0
PUMA S3,1020,500,15592,13509,14777,14819,13541,13581,14057,12316,10758,11042,12834,12086,0,0,0,0,0,0,0,0,0,0,0,0,0,0,0,0,0,0,0,0,0,0,0,0,0,0,0,0,0,0,0,0,0,0,0,0,0,0,0,0,0,0,0,0,0,0,0,0,0,0,0,0,0,0,0,0,0,0,0,0,0,0,0,0,0,0,16755,15310,13690,13891,13207,11844,0,0,0,0,0,0,0,0,0,0,0,0
PUMA S3,1020,501,16378,14179,15475,15547,14179,14234,14706,12954,11361,11677,13620,12855,0,0,0,0,0,0,0,0,0,0,0,0,0,0,0,0,0,0,0,0,0,0,0,0,0,0,0,0,0,0,0,0,0,0,0,0,0,0,0,0,0,0,0,0,0,0,0,0,0,0,0,0,0,0,0,0,0,0,0,0,0,0,0,0,0,0,17593,16096,14418,14658,14029,12647,0,0,0,0,0,0,0,0,0,0,0,0
PUMA S3,1020,502,17656,15364,16723,16820,15313,15417,15974,14077,12365,12769,14873,14175,0,0,0,0,0,0,0,0,0,0,0,0,0,0,0,0,0,0,0,0,0,0,0,0,0,0,0,0,0,0,0,0,0,0,0,0,0,0,0,0,0,0,0,0,0,0,0,0,0,0,0,0,0,0,0,0,0,0,0,0,0,0,0,0,0,0,18991,17510,15716,16028,15379,13970,0,0,0,0,0,0,0,0,0,0,0,0
PUMA S3,1020,503,18606,16220,17588,17693,16114,16228,16772,14824,13074,13494,15833,15142,0,0,0,0,0,0,0,0,0,0,0,0,0,0,0,0,0,0,0,0,0,0,0,0,0,0,0,0,0,0,0,0,0,0,0,0,0,0,0,0,0,0,0,0,0,0,0,0,0,0,0,0,0,0,0,0,0,0,0,0,0,0,0,0,0,0,19918,18502,16708,17059,16415,15039,0,0,0,0,0,0,0,0,0,0,0,0
PUMA S3,1020,504,19868,17309,18846,18862,17215,17288,17865,15849,14009,14586,17073,16314,0,0,0,0,0,0,0,0,0,0,0,0,0,0,0,0,0,0,0,0,0,0,0,0,0,0,0,0,0,0,0,0,0,0,0,0,0,0,0,0,0,0,0,0,0,0,0,0,0,0,0,0,0,0,0,0,0,0,0,0,0,0,0,0,0,0,21259,19692,17889,18279,17728,16302,0,0,0,0,0,0,0,0,0,0,0,0
PUMA S3,1020,505,21225,18442,20119,20217,18396,18396,19076,16986,15056,15692,18402,17660,0,0,0,0,0,0,0,0,0,0,0,0,0,0,0,0,0,0,0,0,0,0,0,0,0,0,0,0,0,0,0,0,0,0,0,0,0,0,0,0,0,0,0,0,0,0,0,0,0,0,0,0,0,0,0,0,0,0,0,0,0,0,0,0,0,0,22650,21162,19214,19665,19148,17739,0,0,0,0,0,0,0,0,0,0,0,0
PUMA S3,1020,506,22599,19645,21400,21484,19588,19560,20337,18206,16122,16882,19772,19120,0,0,0,0,0,0,0,0,0,0,0,0,0,0,0,0,0,0,0,0,0,0,0,0,0,0,0,0,0,0,0,0,0,0,0,0,0,0,0,0,0,0,0,0,0,0,0,0,0,0,0,0,0,0,0,0,0,0,0,0,0,0,0,0,0,0,24084,22581,20647,21167,20590,19230,0,0,0,0,0,0,0,0,0,0,0,0
PUMA S3,1020,507,23931,20821,22717,22751,20712,20723,21494,19247,17161,18007,21185,20492,0,0,0,0,0,0,0,0,0,0,0,0,0,0,0,0,0,0,0,0,0,0,0,0,0,0,0,0,0,0,0,0,0,0,0,0,0,0,0,0,0,0,0,0,0,0,0,0,0,0,0,0,0,0,0,0,0,0,0,0,0,0,0,0,0,0,25586,24036,21961,22524,22125,20710,0,0,0,0,0,0,0,0,0,0,0,0
PUMA S3,1020,508,25691,22389,24435,24507,22311,22178,23122,20753,18489,19494,22937,22301,0,0,0,0,0,0,0,0,0,0,0,0,0,0,0,0,0,0,0,0,0,0,0,0,0,0,0,0,0,0,0,0,0,0,0,0,0,0,0,0,0,0,0,0,0,0,0,0,0,0,0,0,0,0,0,0,0,0,0,0,0,0,0,0,0,0,27506,25842,23741,24308,23850,22531,0,0,0,0,0,0,0,0,0,0,0,0
PUMA S3,1020,509,27330,23775,25928,25990,23665,23615,24559,22092,19760,20817,24550,23898,0,0,0,0,0,0,0,0,0,0,0,0,0,0,0,0,0,0,0,0,0,0,0,0,0,0,0,0,0,0,0,0,0,0,0,0,0,0,0,0,0,0,0,0,0,0,0,0,0,0,0,0,0,0,0,0,0,0,0,0,0,0,0,0,0,0,29145,27510,25210,25926,25466,24208,0,0,0,0,0,0,0,0,0,0,0,0
PUMA S3,1020,510,28601,24946,27175,27249,24768,24690,25736,23239,20723,21917,25897,25280,0,0,0,0,0,0,0,0,0,0,0,0,0,0,0,0,0,0,0,0,0,0,0,0,0,0,0,0,0,0,0,0,0,0,0,0,0,0,0,0,0,0,0,0,0,0,0,0,0,0,0,0,0,0,0,0,0,0,0,0,0,0,0,0,0,0,30576,28975,26502,27271,26992,25648,0,0,0,0,0,0,0,0,0,0,0,0
PUMA S3,1020,511,29944,26046,28398,28434,25836,25832,26905,24268,21727,22984,27137,26605,0,0,0,0,0,0,0,0,0,0,0,0,0,0,0,0,0,0,0,0,0,0,0,0,0,0,0,0,0,0,0,0,0,0,0,0,0,0,0,0,0,0,0,0,0,0,0,0,0,0,0,0,0,0,0,0,0,0,0,0,0,0,0,0,0,0,31871,30188,27804,28465,28290,27032,0,0,0,0,0,0,0,0,0,0,0,0
PUMA S3,1020,512,31398,27449,29913,30000,27305,27183,28369,25580,22841,24315,28797,28247,0,0,0,0,0,0,0,0,0,0,0,0,0,0,0,0,0,0,0,0,0,0,0,0,0,0,0,0,0,0,0,0,0,0,0,0,0,0,0,0,0,0,0,0,0,0,0,0,0,0,0,0,0,0,0,0,0,0,0,0,0,0,0,0,0,0,33510,31928,29373,30134,29966,28685,0,0,0,0,0,0,0,0,0,0,0,0
PUMA S3,1020,513,32636,28402,30947,31029,28217,28130,29322,26506,23734,25203,29983,29366,0,0,0,0,0,0,0,0,0,0,0,0,0,0,0,0,0,0,0,0,0,0,0,0,0,0,0,0,0,0,0,0,0,0,0,0,0,0,0,0,0,0,0,0,0,0,0,0,0,0,0,0,0,0,0,0,0,0,0,0,0,0,0,0,0,0,34761,32983,30375,31239,31010,29853,0,0,0,0,0,0,0,0,0,0,0,0
PUMA S3,1020,514,33348,29016,31605,31749,28816,28647,30014,27106,24365,25821,30702,30196,0,0,0,0,0,0,0,0,0,0,0,0,0,0,0,0,0,0,0,0,0,0,0,0,0,0,0,0,0,0,0,0,0,0,0,0,0,0,0,0,0,0,0,0,0,0,0,0,0,0,0,0,0,0,0,0,0,0,0,0,0,0,0,0,0,0,35508,33786,31057,31928,31652,30696,0,0,0,0,0,0,0,0,0,0,0,0
PUMA S3,1020,515,34113,29653,32363,32363,29397,29258,30696,27837,24925,26512,31470,31002,0,0,0,0,0,0,0,0,0,0,0,0,0,0,0,0,0,0,0,0,0,0,0,0,0,0,0,0,0,0,0,0,0,0,0,0,0,0,0,0,0,0,0,0,0,0,0,0,0,0,0,0,0,0,0,0,0,0,0,0,0,0,0,0,0,0,36371,34566,31797,32680,32558,31458,0,0,0,0,0,0,0,0,0,0,0,0
PUMA S3,1020,516,34504,30024,32751,32918,29778,29643,31116,28211,25256,26868,31950,31354,0,0,0,0,0,0,0,0,0,0,0,0,0,0,0,0,0,0,0,0,0,0,0,0,0,0,0,0,0,0,0,0,0,0,0,0,0,0,0,0,0,0,0,0,0,0,0,0,0,0,0,0,0,0,0,0,0,0,0,0,0,0,0,0,0,0,36812,35044,32165,33152,32917,31931,0,0,0,0,0,0,0,0,0,0,0,0
PUMA S3,1020,517,34291,29848,32607,32760,29629,29447,31051,28035,25121,26766,31739,31413,0,0,0,0,0,0,0,0,0,0,0,0,0,0,0,0,0,0,0,0,0,0,0,0,0,0,0,0,0,0,0,0,0,0,0,0,0,0,0,0,0,0,0,0,0,0,0,0,0,0,0,0,0,0,0,0,0,0,0,0,0,0,0,0,0,0,36632,34760,32017,32834,32786,31948,0,0,0,0,0,0,0,0,0,0,0,0
PUMA S3,1020,518,34400,29878,32567,32653,29532,29479,30990,28088,25188,26816,31814,31439,0,0,0,0,0,0,0,0,0,0,0,0,0,0,0,0,0,0,0,0,0,0,0,0,0,0,0,0,0,0,0,0,0,0,0,0,0,0,0,0,0,0,0,0,0,0,0,0,0,0,0,0,0,0,0,0,0,0,0,0,0,0,0,0,0,0,36628,34723,31942,32862,32758,31896,0,0,0,0,0,0,0,0,0,0,0,0
PUMA S3,1020,519,33625,29250,31891,32029,28968,28889,30476,27565,24661,26257,31168,30800,0,0,0,0,0,0,0,0,0,0,0,0,0,0,0,0,0,0,0,0,0,0,0,0,0,0,0,0,0,0,0,0,0,0,0,0,0,0,0,0,0,0,0,0,0,0,0,0,0,0,0,0,0,0,0,0,0,0,0,0,0,0,0,0,0,0,35948,33974,31296,32023,32004,31246,0,0,0,0,0,0,0,0,0,0,0,0
PUMA S3,1020,520,33061,28828,31347,31451,28448,28290,29954,27143,24241,25829,30761,30260,0,0,0,0,0,0,0,0,0,0,0,0,0,0,0,0,0,0,0,0,0,0,0,0,0,0,0,0,0,0,0,0,0,0,0,0,0,0,0,0,0,0,0,0,0,0,0,0,0,0,0,0,0,0,0,0,0,0,0,0,0,0,0,0,0,0,35346,33426,30669,31511,31350,30674,0,0,0,0,0,0,0,0,0,0,0,0
PUMA S3,1020,521,32097,27784,30378,30524,27595,27526,28997,26376,23550,25121,29754,29459,0,0,0,0,0,0,0,0,0,0,0,0,0,0,0,0,0,0,0,0,0,0,0,0,0,0,0,0,0,0,0,0,0,0,0,0,0,0,0,0,0,0,0,0,0,0,0,0,0,0,0,0,0,0,0,0,0,0,0,0,0,0,0,0,0,0,34262,32411,29772,30529,30404,29806,0,0,0,0,0,0,0,0,0,0,0,0
PUMA S3,1020,522,30863,26795,29182,29329,26534,26392,27961,25340,22644,24091,28769,28312,0,0,0,0,0,0,0,0,0,0,0,0,0,0,0,0,0,0,0,0,0,0,0,0,0,0,0,0,0,0,0,0,0,0,0,0,0,0,0,0,0,0,0,0,0,0,0,0,0,0,0,0,0,0,0,0,0,0,0,0,0,0,0,0,0,0,33004,31147,28597,29283,29218,28602,0,0,0,0,0,0,0,0,0,0,0,0
PUMA S3,1020,523,29846,25891,28266,28377,25703,25549,27130,24477,21900,23298,27837,27426,0,0,0,0,0,0,0,0,0,0,0,0,0,0,0,0,0,0,0,0,0,0,0,0,0,0,0,0,0,0,0,0,0,0,0,0,0,0,0,0,0,0,0,0,0,0,0,0,0,0,0,0,0,0,0,0,0,0,0,0,0,0,0,0,0,0,31883,30101,27601,28311,28250,27619,0,0,0,0,0,0,0,0,0,0,0,0
PUMA S3,1020,524,28186,24482,26712,26783,24242,24198,25581,23087,20662,22012,26251,25818,0,0,0,0,0,0,0,0,0,0,0,0,0,0,0,0,0,0,0,0,0,0,0,0,0,0,0,0,0,0,0,0,0,0,0,0,0,0,0,0,0,0,0,0,0,0,0,0,0,0,0,0,0,0,0,0,0,0,0,0,0,0,0,0,0,0,30185,28513,26068,26787,26655,26074,0,0,0,0,0,0,0,0,0,0,0,0
PUMA S3,1020,525,26948,23344,25532,25604,23264,23043,24454,22117,19815,21065,25055,24780,0,0,0,0,0,0,0,0,0,0,0,0,0,0,0,0,0,0,0,0,0,0,0,0,0,0,0,0,0,0,0,0,0,0,0,0,0,0,0,0,0,0,0,0,0,0,0,0,0,0,0,0,0,0,0,0,0,0,0,0,0,0,0,0,0,0,28803,27182,25005,25574,25481,24920,0,0,0,0,0,0,0,0,0,0,0,0
PUMA S3,1020,526,25504,22065,24155,24238,21950,21873,23199,20973,18699,19911,23737,23395,0,0,0,0,0,0,0,0,0,0,0,0,0,0,0,0,0,0,0,0,0,0,0,0,0,0,0,0,0,0,0,0,0,0,0,0,0,0,0,0,0,0,0,0,0,0,0,0,0,0,0,0,0,0,0,0,0,0,0,0,0,0,0,0,0,0,27326,25754,23558,24238,24080,23528,0,0,0,0,0,0,0,0,0,0,0,0
PUMA S3,1020,527,24193,20930,22928,23015,20878,20713,22048,19868,17751,18900,22440,22241,0,0,0,0,0,0,0,0,0,0,0,0,0,0,0,0,0,0,0,0,0,0,0,0,0,0,0,0,0,0,0,0,0,0,0,0,0,0,0,0,0,0,0,0,0,0,0,0,0,0,0,0,0,0,0,0,0,0,0,0,0,0,0,0,0,0,25934,24430,22325,22961,22749,22335,0,0,0,0,0,0,0,0,0,0,0,0
PUMA S3,1020,528,23107,19970,21809,21906,19831,19770,20983,18942,16936,18016,21427,21128,0,0,0,0,0,0,0,0,0,0,0,0,0,0,0,0,0,0,0,0,0,0,0,0,0,0,0,0,0,0,0,0,0,0,0,0,0,0,0,0,0,0,0,0,0,0,0,0,0,0,0,0,0,0,0,0,0,0,0,0,0,0,0,0,0,0,24755,23317,21377,21893,21729,21212,0,0,0,0,0,0,0,0,0,0,0,0
PUMA S3,1020,529,22181,19196,21055,21072,19070,18955,20214,18222,16236,17299,20566,20329,0,0,0,0,0,0,0,0,0,0,0,0,0,0,0,0,0,0,0,0,0,0,0,0,0,0,0,0,0,0,0,0,0,0,0,0,0,0,0,0,0,0,0,0,0,0,0,0,0,0,0,0,0,0,0,0,0,0,0,0,0,0,0,0,0,0,23876,22410,20487,21029,20869,20370,0,0,0,0,0,0,0,0,0,0,0,0
PUMA S3,1020,530,21604,18658,20433,20493,18576,18455,19659,17632,15816,16811,19950,19705,0,0,0,0,0,0,0,0,0,0,0,0,0,0,0,0,0,0,0,0,0,0,0,0,0,0,0,0,0,0,0,0,0,0,0,0,0,0,0,0,0,0,0,0,0,0,0,0,0,0,0,0,0,0,0,0,0,0,0,0,0,0,0,0,0,0,23140,21774,19940,20416,20186,19743,0,0,0,0,0,0,0,0,0,0,0,0
PUMA S3,1020,531,20693,17854,19550,19652,17844,17670,18846,16992,15233,16147,19187,18848,0,0,0,0,0,0,0,0,0,0,0,0,0,0,0,0,0,0,0,0,0,0,0,0,0,0,0,0,0,0,0,0,0,0,0,0,0,0,0,0,0,0,0,0,0,0,0,0,0,0,0,0,0,0,0,0,0,0,0,0,0,0,0,0,0,0,22232,20916,19158,19604,19435,18912,0,0,0,0,0,0,0,0,0,0,0,0
PUMA S3,1020,532,19999,17296,18916,18945,17211,17076,18178,16417,14611,15545,18506,18254,0,0,0,0,0,0,0,0,0,0,0,0,0,0,0,0,0,0,0,0,0,0,0,0,0,0,0,0,0,0,0,0,0,0,0,0,0,0,0,0,0,0,0,0,0,0,0,0,0,0,0,0,0,0,0,0,0,0,0,0,0,0,0,0,0,0,21467,20234,18436,18876,18795,18233,0,0,0,0,0,0,0,0,0,0,0,0
PUMA S3,1020,533,19168,16536,18117,18141,16485,16390,17519,15689,13988,14913,17756,17448,0,0,0,0,0,0,0,0,0,0,0,0,0,0,0,0,0,0,0,0,0,0,0,0,0,0,0,0,0,0,0,0,0,0,0,0,0,0,0,0,0,0,0,0,0,0,0,0,0,0,0,0,0,0,0,0,0,0,0,0,0,0,0,0,0,0,20612,19366,17703,18131,17988,17452,0,0,0,0,0,0,0,0,0,0,0,0
PUMA S3,1020,534,18419,15885,17434,17435,15800,15679,16763,15093,13468,14300,16989,16686,0,0,0,0,0,0,0,0,0,0,0,0,0,0,0,0,0,0,0,0,0,0,0,0,0,0,0,0,0,0,0,0,0,0,0,0,0,0,0,0,0,0,0,0,0,0,0,0,0,0,0,0,0,0,0,0,0,0,0,0,0,0,0,0,0,0,19824,18615,16921,17291,17131,16702,0,0,0,0,0,0,0,0,0,0,0,0
PUMA S3,1020,535,17773,15367,16841,16849,15280,15244,16275,14634,13068,13825,16429,16168,0,0,0,0,0,0,0,0,0,0,0,0,0,0,0,0,0,0,0,0,0,0,0,0,0,0,0,0,0,0,0,0,0,0,0,0,0,0,0,0,0,0,0,0,0,0,0,0,0,0,0,0,0,0,0,0,0,0,0,0,0,0,0,0,0,0,19192,17979,16424,16765,16668,16142,0,0,0,0,0,0,0,0,0,0,0,0
PUMA S3,1020,536,17262,14931,16365,16389,14840,14813,15758,14124,12627,13402,15923,15716,0,0,0,0,0,0,0,0,0,0,0,0,0,0,0,0,0,0,0,0,0,0,0,0,0,0,0,0,0,0,0,0,0,0,0,0,0,0,0,0,0,0,0,0,0,0,0,0,0,0,0,0,0,0,0,0,0,0,0,0,0,0,0,0,0,0,18579,17452,15917,16238,16139,15705,0,0,0,0,0,0,0,0,0,0,0,0
PUMA S3,1020,537,16571,14313,15753,15756,14297,14201,15153,13645,12090,12902,15290,14993,0,0,0,0,0,0,0,0,0,0,0,0,0,0,0,0,0,0,0,0,0,0,0,0,0,0,0,0,0,0,0,0,0,0,0,0,0,0,0,0,0,0,0,0,0,0,0,0,0,0,0,0,0,0,0,0,0,0,0,0,0,0,0,0,0,0,17874,16733,15320,15679,15459,15025,0,0,0,0,0,0,0,0,0,0,0,0
PUMA S3,1020,538,16049,13825,15180,15201,13798,13730,14625,13156,11670,12451,14752,14523,0,0,0,0,0,0,0,0,0,0,0,0,0,0,0,0,0,0,0,0,0,0,0,0,0,0,0,0,0,0,0,0,0,0,0,0,0,0,0,0,0,0,0,0,0,0,0,0,0,0,0,0,0,0,0,0,0,0,0,0,0,0,0,0,0,0,17301,16196,14828,15137,14981,14541,0,0,0,0,0,0,0,0,0,0,0,0
PUMA S3,1020,539,15441,13375,14602,14668,13308,13268,14111,12668,11294,11965,14239,13988,0,0,0,0,0,0,0,0,0,0,0,0,0,0,0,0,0,0,0,0,0,0,0,0,0,0,0,0,0,0,0,0,0,0,0,0,0,0,0,0,0,0,0,0,0,0,0,0,0,0,0,0,0,0,0,0,0,0,0,0,0,0,0,0,0,0,16632,15597,14203,14587,14423,14010,0,0,0,0,0,0,0,0,0,0,0,0
PUMA S3,1020,540,15028,12989,14262,14258,12962,12899,13759,12330,11016,11719,13871,13625,0,0,0,0,0,0,0,0,0,0,0,0,0,0,0,0,0,0,0,0,0,0,0,0,0,0,0,0,0,0,0,0,0,0,0,0,0,0,0,0,0,0,0,0,0,0,0,0,0,0,0,0,0,0,0,0,0,0,0,0,0,0,0,0,0,0,16220,15207,13855,14201,14037,13601,0,0,0,0,0,0,0,0,0,0,0,0
PUMA S3,1020,541,14699,12679,13949,13951,12648,12586,13424,12078,10749,11416,13580,13330,0,0,0,0,0,0,0,0,0,0,0,0,0,0,0,0,0,0,0,0,0,0,0,0,0,0,0,0,0,0,0,0,0,0,0,0,0,0,0,0,0,0,0,0,0,0,0,0,0,0,0,0,0,0,0,0,0,0,0,0,0,0,0,0,0,0,15772,14823,13539,13885,13779,13241,0,0,0,0,0,0,0,0,0,0,0,0
PUMA S3,1020,542,14237,12272,13456,13517,12228,12183,12957,11647,10396,11015,13060,12885,0,0,0,0,0,0,0,0,0,0,0,0,0,0,0,0,0,0,0,0,0,0,0,0,0,0,0,0,0,0,0,0,0,0,0,0,0,0,0,0,0,0,0,0,0,0,0,0,0,0,0,0,0,0,0,0,0,0,0,0,0,0,0,0,0,0,15253,14293,13058,13394,13242,12844,0,0,0,0,0,0,0,0,0,0,0,0
PUMA S3,1020,543,13859,11968,13194,13155,11898,11868,12654,11378,10135,10760,12715,12569,0,0,0,0,0,0,0,0,0,0,0,0,0,0,0,0,0,0,0,0,0,0,0,0,0,0,0,0,0,0,0,0,0,0,0,0,0,0,0,0,0,0,0,0,0,0,0,0,0,0,0,0,0,0,0,0,0,0,0,0,0,0,0,0,0,0,14909,13988,12789,13099,12915,12530,0,0,0,0,0,0,0,0,0,0,0,0
PUMA S3,1020,544,13421,11576,12693,12689,11478,11455,12200,10970,9764,10393,12333,12123,0,0,0,0,0,0,0,0,0,0,0,0,0,0,0,0,0,0,0,0,0,0,0,0,0,0,0,0,0,0,0,0,0,0,0,0,0,0,0,0,0,0,0,0,0,0,0,0,0,0,0,0,0,0,0,0,0,0,0,0,0,0,0,0,0,0,14351,13462,12313,12601,12501,12089,0,0,0,0,0,0,0,0,0,0,0,0
PUMA S3,1020,545,12986,11207,12358,12356,11178,11139,11841,10646,9512,10070,11987,11818,0,0,0,0,0,0,0,0,0,0,0,0,0,0,0,0,0,0,0,0,0,0,0,0,0,0,0,0,0,0,0,0,0,0,0,0,0,0,0,0,0,0,0,0,0,0,0,0,0,0,0,0,0,0,0,0,0,0,0,0,0,0,0,0,0,0,14009,13161,11999,12317,12195,11780,0,0,0,0,0,0,0,0,0,0,0,0
PUMA S3,1020,546,12570,10834,11916,11926,10847,10793,11491,10315,9193,9802,11578,11416,0,0,0,0,0,0,0,0,0,0,0,0,0,0,0,0,0,0,0,0,0,0,0,0,0,0,0,0,0,0,0,0,0,0,0,0,0,0,0,0,0,0,0,0,0,0,0,0,0,0,0,0,0,0,0,0,0,0,0,0,0,0,0,0,0,0,13538,12713,11626,11854,11785,11401,0,0,0,0,0,0,0,0,0,0,0,0
PUMA S3,1020,547,12137,10492,11516,11512,10440,10417,11079,9955,8902,9457,11160,11043,0,0,0,0,0,0,0,0,0,0,0,0,0,0,0,0,0,0,0,0,0,0,0,0,0,0,0,0,0,0,0,0,0,0,0,0,0,0,0,0,0,0,0,0,0,0,0,0,0,0,0,0,0,0,0,0,0,0,0,0,0,0,0,0,0,0,13085,12248,11224,11455,11403,11061,0,0,0,0,0,0,0,0,0,0,0,0
PUMA S3,1020,548,11713,10124,11109,11135,10131,9978,10666,9596,8596,9110,10810,10640,0,0,0,0,0,0,0,0,0,0,0,0,0,0,0,0,0,0,0,0,0,0,0,0,0,0,0,0,0,0,0,0,0,0,0,0,0,0,0,0,0,0,0,0,0,0,0,0,0,0,0,0,0,0,0,0,0,0,0,0,0,0,0,0,0,0,12649,11879,10834,11130,11008,10628,0,0,0,0,0,0,0,0,0,0,0,0
PUMA S3,1020,549,11322,9756,10672,10730,9762,9683,10293,9284,8289,8833,10501,10293,0,0,0,0,0,0,0,0,0,0,0,0,0,0,0,0,0,0,0,0,0,0,0,0,0,0,0,0,0,0,0,0,0,0,0,0,0,0,0,0,0,0,0,0,0,0,0,0,0,0,0,0,0,0,0,0,0,0,0,0,0,0,0,0,0,0,12192,11478,10474,10728,10606,10277,0,0,0,0,0,0,0,0,0,0,0,0
PUMA S3,1020,550,10950,9492,10410,10434,9493,9443,10056,8985,8082,8592,10188,10002,0,0,0,0,0,0,0,0,0,0,0,0,0,0,0,0,0,0,0,0,0,0,0,0,0,0,0,0,0,0,0,0,0,0,0,0,0,0,0,0,0,0,0,0,0,0,0,0,0,0,0,0,0,0,0,0,0,0,0,0,0,0,0,0,0,0,11875,11137,10191,10456,10338,9985,0,0,0,0,0,0,0,0,0,0,0,0
PUMA S3,1020,551,10568,9122,10021,10031,9108,9032,9641,8708,7829,8297,9781,9665,0,0,0,0,0,0,0,0,0,0,0,0,0,0,0,0,0,0,0,0,0,0,0,0,0,0,0,0,0,0,0,0,0,0,0,0,0,0,0,0,0,0,0,0,0,0,0,0,0,0,0,0,0,0,0,0,0,0,0,0,0,0,0,0,0,0,11389,10675,9793,10043,9982,9676,0,0,0,0,0,0,0,0,0,0,0,0
PUMA S3,1020,552,10253,8872,9783,9756,8868,8824,9334,8424,7544,8034,9528,9369,0,0,0,0,0,0,0,0,0,0,0,0,0,0,0,0,0,0,0,0,0,0,0,0,0,0,0,0,0,0,0,0,0,0,0,0,0,0,0,0,0,0,0,0,0,0,0,0,0,0,0,0,0,0,0,0,0,0,0,0,0,0,0,0,0,0,11054,10410,9528,9794,9650,9386,0,0,0,0,0,0,0,0,0,0,0,0
PUMA S3,1020,553,9917,8581,9396,9407,8561,8507,9068,8170,7279,7782,9202,9082,0,0,0,0,0,0,0,0,0,0,0,0,0,0,0,0,0,0,0,0,0,0,0,0,0,0,0,0,0,0,0,0,0,0,0,0,0,0,0,0,0,0,0,0,0,0,0,0,0,0,0,0,0,0,0,0,0,0,0,0,0,0,0,0,0,0,10695,10051,9205,9422,9365,9109,0,0,0,0,0,0,0,0,0,0,0,0
PUMA S3,1020,554,9810,8504,9314,9280,8439,8376,8959,8071,7238,7656,9090,8973,0,0,0,0,0,0,0,0,0,0,0,0,0,0,0,0,0,0,0,0,0,0,0,0,0,0,0,0,0,0,0,0,0,0,0,0,0,0,0,0,0,0,0,0,0,0,0,0,0,0,0,0,0,0,0,0,0,0,0,0,0,0,0,0,0,0,10590,9956,9097,9349,9262,9010,0,0,0,0,0,0,0,0,0,0,0,0
PUMA S3,1020,555,9537,8244,9023,9012,8215,8140,8657,7840,7009,7443,8853,8720,0,0,0,0,0,0,0,0,0,0,0,0,0,0,0,0,0,0,0,0,0,0,0,0,0,0,0,0,0,0,0,0,0,0,0,0,0,0,0,0,0,0,0,0,0,0,0,0,0,0,0,0,0,0,0,0,0,0,0,0,0,0,0,0,0,0,10221,9692,8858,9076,8993,8706,0,0,0,0,0,0,0,0,0,0,0,0
PUMA S3,1020,556,9300,8044,8824,8800,7988,7912,8477,7651,6834,7318,8640,8526,0,0,0,0,0,0,0,0,0,0,0,0,0,0,0,0,0,0,0,0,0,0,0,0,0,0,0,0,0,0,0,0,0,0,0,0,0,0,0,0,0,0,0,0,0,0,0,0,0,0,0,0,0,0,0,0,0,0,0,0,0,0,0,0,0,0,9985,9400,8615,8824,8744,8534,0,0,0,0,0,0,0,0,0,0,0,0
PUMA S3,1020,557,9004,7789,8556,8562,7774,7668,8221,7404,6631,7050,8410,8290,0,0,0,0,0,0,0,0,0,0,0,0,0,0,0,0,0,0,0,0,0,0,0,0,0,0,0,0,0,0,0,0,0,0,0,0,0,0,0,0,0,0,0,0,0,0,0,0,0,0,0,0,0,0,0,0,0,0,0,0,0,0,0,0,0,0,9699,9168,8367,8578,8502,8269,0,0,0,0,0,0,0,0,0,0,0,0
PUMA S3,1020,558,8691,7482,8219,8242,7485,7416,7952,7146,6372,6814,8106,7989,0,0,0,0,0,0,0,0,0,0,0,0,0,0,0,0,0,0,0,0,0,0,0,0,0,0,0,0,0,0,0,0,0,0,0,0,0,0,0,0,0,0,0,0,0,0,0,0,0,0,0,0,0,0,0,0,0,0,0,0,0,0,0,0,0,0,9320,8800,8049,8237,8174,7956,0,0,0,0,0,0,0,0,0,0,0,0
PUMA S3,1020,559,8433,7316,7971,7999,7264,7165,7680,6919,6196,6618,7843,7734,0,0,0,0,0,0,0,0,0,0,0,0,0,0,0,0,0,0,0,0,0,0,0,0,0,0,0,0,0,0,0,0,0,0,0,0,0,0,0,0,0,0,0,0,0,0,0,0,0,0,0,0,0,0,0,0,0,0,0,0,0,0,0,0,0,0,9025,8512,7825,8000,7897,7720,0,0,0,0,0,0,0,0,0,0,0,0
PUMA S3,1020,560,8021,6932,7610,7622,6923,6835,7370,6584,5935,6297,7478,7376,0,0,0,0,0,0,0,0,0,0,0,0,0,0,0,0,0,0,0,0,0,0,0,0,0,0,0,0,0,0,0,0,0,0,0,0,0,0,0,0,0,0,0,0,0,0,0,0,0,0,0,0,0,0,0,0,0,0,0,0,0,0,0,0,0,0,8648,8157,7445,7612,7555,7369,0,0,0,0,0,0,0,0,0,0,0,0
PUMA S3,1020,561,7757,6688,7377,7327,6664,6631,7090,6390,5716,6098,7238,7147,0,0,0,0,0,0,0,0,0,0,0,0,0,0,0,0,0,0,0,0,0,0,0,0,0,0,0,0,0,0,0,0,0,0,0,0,0,0,0,0,0,0,0,0,0,0,0,0,0,0,0,0,0,0,0,0,0,0,0,0,0,0,0,0,0,0,8381,7871,7184,7347,7287,7141,0,0,0,0,0,0,0,0,0,0,0,0
PUMA S3,1020,562,7505,6497,7089,7103,6464,6438,6857,6233,5562,5908,7015,6916,0,0,0,0,0,0,0,0,0,0,0,0,0,0,0,0,0,0,0,0,0,0,0,0,0,0,0,0,0,0,0,0,0,0,0,0,0,0,0,0,0,0,0,0,0,0,0,0,0,0,0,0,0,0,0,0,0,0,0,0,0,0,0,0,0,0,8096,7615,6949,7123,7072,6936,0,0,0,0,0,0,0,0,0,0,0,0
PUMA S3,1020,563,7135,6203,6802,6798,6166,6118,6542,5915,5287,5637,6674,6615,0,0,0,0,0,0,0,0,0,0,0,0,0,0,0,0,0,0,0,0,0,0,0,0,0,0,0,0,0,0,0,0,0,0,0,0,0,0,0,0,0,0,0,0,0,0,0,0,0,0,0,0,0,0,0,0,0,0,0,0,0,0,0,0,0,0,7723,7268,6623,6786,6736,6572,0,0,0,0,0,0,0,0,0,0,0,0
PUMA S3,1020,564,6905,5974,6556,6572,5951,5891,6319,5726,5125,5436,6460,6365,0,0,0,0,0,0,0,0,0,0,0,0,0,0,0,0,0,0,0,0,0,0,0,0,0,0,0,0,0,0,0,0,0,0,0,0,0,0,0,0,0,0,0,0,0,0,0,0,0,0,0,0,0,0,0,0,0,0,0,0,0,0,0,0,0,0,7459,7013,6391,6558,6479,6336,0,0,0,0,0,0,0,0,0,0,0,0
PUMA S3,1020,565,6612,5693,6247,6267,5709,5655,6065,5465,4895,5222,6194,6110,0,0,0,0,0,0,0,0,0,0,0,0,0,0,0,0,0,0,0,0,0,0,0,0,0,0,0,0,0,0,0,0,0,0,0,0,0,0,0,0,0,0,0,0,0,0,0,0,0,0,0,0,0,0,0,0,0,0,0,0,0,0,0,0,0,0,7128,6705,6115,6254,6236,6068,0,0,0,0,0,0,0,0,0,0,0,0
PUMA S3,1020,566,6347,5463,6043,6015,5484,5405,5834,5278,4683,4989,5913,5884,0,0,0,0,0,0,0,0,0,0,0,0,0,0,0,0,0,0,0,0,0,0,0,0,0,0,0,0,0,0,0,0,0,0,0,0,0,0,0,0,0,0,0,0,0,0,0,0,0,0,0,0,0,0,0,0,0,0,0,0,0,0,0,0,0,0,6816,6393,5865,6004,5951,5834,0,0,0,0,0,0,0,0,0,0,0,0
PUMA S3,1020,567,6100,5274,5772,5786,5260,5197,5561,5056,4525,4795,5699,5669,0,0,0,0,0,0,0,0,0,0,0,0,0,0,0,0,0,0,0,0,0,0,0,0,0,0,0,0,0,0,0,0,0,0,0,0,0,0,0,0,0,0,0,0,0,0,0,0,0,0,0,0,0,0,0,0,0,0,0,0,0,0,0,0,0,0,6574,6177,5622,5792,5732,5570,0,0,0,0,0,0,0,0,0,0,0,0
PUMA S3,1020,568,5846,5060,5567,5529,5023,5014,5394,4838,4351,4597,5471,5383,0,0,0,0,0,0,0,0,0,0,0,0,0,0,0,0,0,0,0,0,0,0,0,0,0,0,0,0,0,0,0,0,0,0,0,0,0,0,0,0,0,0,0,0,0,0,0,0,0,0,0,0,0,0,0,0,0,0,0,0,0,0,0,0,0,0,6351,5944,5417,5537,5505,5358,0,0,0,0,0,0,0,0,0,0,0,0
PUMA S3,1020,569,5532,4804,5248,5264,4750,4708,5056,4594,4094,4367,5215,5137,0,0,0,0,0,0,0,0,0,0,0,0,0,0,0,0,0,0,0,0,0,0,0,0,0,0,0,0,0,0,0,0,0,0,0,0,0,0,0,0,0,0,0,0,0,0,0,0,0,0,0,0,0,0,0,0,0,0,0,0,0,0,0,0,0,0,5972,5599,5126,5235,5178,5049,0,0,0,0,0,0,0,0,0,0,0,0
PUMA S3,1020,570,5296,4583,5042,5042,4556,4551,4872,4395,3926,4215,4960,4920,0,0,0,0,0,0,0,0,0,0,0,0,0,0,0,0,0,0,0,0,0,0,0,0,0,0,0,0,0,0,0,0,0,0,0,0,0,0,0,0,0,0,0,0,0,0,0,0,0,0,0,0,0,0,0,0,0,0,0,0,0,0,0,0,0,0,5743,5365,4895,5035,4996,4848,0,0,0,0,0,0,0,0,0,0,0,0
PUMA S3,1020,571,5088,4380,4792,4819,4372,4340,4656,4197,3764,4007,4741,4700,0,0,0,0,0,0,0,0,0,0,0,0,0,0,0,0,0,0,0,0,0,0,0,0,0,0,0,0,0,0,0,0,0,0,0,0,0,0,0,0,0,0,0,0,0,0,0,0,0,0,0,0,0,0,0,0,0,0,0,0,0,0,0,0,0,0,5506,5139,4685,4791,4749,4624,0,0,0,0,0,0,0,0,0,0,0,0
PUMA S3,1020,572,4859,4213,4627,4628,4207,4185,4489,4053,3619,3864,4575,4534,0,0,0,0,0,0,0,0,0,0,0,0,0,0,0,0,0,0,0,0,0,0,0,0,0,0,0,0,0,0,0,0,0,0,0,0,0,0,0,0,0,0,0,0,0,0,0,0,0,0,0,0,0,0,0,0,0,0,0,0,0,0,0,0,0,0,5250,4947,4505,4621,4582,4418,0,0,0,0,0,0,0,0,0,0,0,0
PUMA S3,1020,573,4631,4033,4385,4392,4020,3952,4277,3859,3449,3682,4334,4296,0,0,0,0,0,0,0,0,0,0,0,0,0,0,0,0,0,0,0,0,0,0,0,0,0,0,0,0,0,0,0,0,0,0,0,0,0,0,0,0,0,0,0,0,0,0,0,0,0,0,0,0,0,0,0,0,0,0,0,0,0,0,0,0,0,0,5033,4701,4293,4421,4334,4233,0,0,0,0,0,0,0,0,0,0,0,0
PUMA S3,1020,574,4438,3841,4204,4203,3830,3806,4073,3681,3327,3504,4148,4129,0,0,0,0,0,0,0,0,0,0,0,0,0,0,0,0,0,0,0,0,0,0,0,0,0,0,0,0,0,0,0,0,0,0,0,0,0,0,0,0,0,0,0,0,0,0,0,0,0,0,0,0,0,0,0,0,0,0,0,0,0,0,0,0,0,0,4810,4529,4103,4190,4186,4056,0,0,0,0,0,0,0,0,0,0,0,0
PUMA S3,1020,575,4275,3747,4073,4060,3707,3679,3972,3558,3182,3421,4009,3955,0,0,0,0,0,0,0,0,0,0,0,0,0,0,0,0,0,0,0,0,0,0,0,0,0,0,0,0,0,0,0,0,0,0,0,0,0,0,0,0,0,0,0,0,0,0,0,0,0,0,0,0,0,0,0,0,0,0,0,0,0,0,0,0,0,0,4639,4357,3976,4084,4027,3870,0,0,0,0,0,0,0,0,0,0,0,0
PUMA S3,1020,576,4119,3568,3921,3902,3559,3541,3792,3429,3079,3250,3846,3805,0,0,0,0,0,0,0,0,0,0,0,0,0,0,0,0,0,0,0,0,0,0,0,0,0,0,0,0,0,0,0,0,0,0,0,0,0,0,0,0,0,0,0,0,0,0,0,0,0,0,0,0,0,0,0,0,0,0,0,0,0,0,0,0,0,0,4448,4188,3801,3876,3859,3739,0,0,0,0,0,0,0,0,0,0,0,0
PUMA S3,1020,577,3904,3391,3725,3715,3372,3365,3609,3253,2908,3104,3693,3636,0,0,0,0,0,0,0,0,0,0,0,0,0,0,0,0,0,0,0,0,0,0,0,0,0,0,0,0,0,0,0,0,0,0,0,0,0,0,0,0,0,0,0,0,0,0,0,0,0,0,0,0,0,0,0,0,0,0,0,0,0,0,0,0,0,0,4224,3963,3630,3702,3670,3540,0,0,0,0,0,0,0,0,0,0,0,0
PUMA S3,1020,578,3748,3256,3569,3563,3254,3207,3461,3117,2778,2953,3520,3463,0,0,0,0,0,0,0,0,0,0,0,0,0,0,0,0,0,0,0,0,0,0,0,0,0,0,0,0,0,0,0,0,0,0,0,0,0,0,0,0,0,0,0,0,0,0,0,0,0,0,0,0,0,0,0,0,0,0,0,0,0,0,0,0,0,0,4071,3838,3475,3553,3503,3401,0,0,0,0,0,0,0,0,0,0,0,0
PUMA S3,1020,579,3520,3035,3336,3352,3047,3026,3256,2927,2623,2786,3302,3257,0,0,0,0,0,0,0,0,0,0,0,0,0,0,0,0,0,0,0,0,0,0,0,0,0,0,0,0,0,0,0,0,0,0,0,0,0,0,0,0,0,0,0,0,0,0,0,0,0,0,0,0,0,0,0,0,0,0,0,0,0,0,0,0,0,0,3807,3558,3265,3331,3266,3173,0,0,0,0,0,0,0,0,0,0,0,0
PUMA S3,1020,580,3375,2920,3203,3195,2899,2897,3122,2813,2502,2689,3149,3119,0,0,0,0,0,0,0,0,0,0,0,0,0,0,0,0,0,0,0,0,0,0,0,0,0,0,0,0,0,0,0,0,0,0,0,0,0,0,0,0,0,0,0,0,0,0,0,0,0,0,0,0,0,0,0,0,0,0,0,0,0,0,0,0,0,0,3695,3436,3111,3176,3143,3045,0,0,0,0,0,0,0,0,0,0,0,0
PUMA S3,1020,581,3154,2721,3017,3014,2730,2727,2929,2633,2349,2500,2958,2920,0,0,0,0,0,0,0,0,0,0,0,0,0,0,0,0,0,0,0,0,0,0,0,0,0,0,0,0,0,0,0,0,0,0,0,0,0,0,0,0,0,0,0,0,0,0,0,0,0,0,0,0,0,0,0,0,0,0,0,0,0,0,0,0,0,0,3460,3200,2922,2990,2976,2876,0,0,0,0,0,0,0,0,0,0,0,0
PUMA S3,1020,582,3050,2671,2931,2922,2668,2633,2802,2569,2291,2434,2854,2833,0,0,0,0,0,0,0,0,0,0,0,0,0,0,0,0,0,0,0,0,0,0,0,0,0,0,0,0,0,0,0,0,0,0,0,0,0,0,0,0,0,0,0,0,0,0,0,0,0,0,0,0,0,0,0,0,0,0,0,0,0,0,0,0,0,0,3351,3109,2825,2900,2850,2758,0,0,0,0,0,0,0,0,0,0,0,0
PUMA S3,1020,583,2915,2536,2800,2776,2535,2523,2729,2439,2214,2322,2766,2714,0,0,0,0,0,0,0,0,0,0,0,0,0,0,0,0,0,0,0,0,0,0,0,0,0,0,0,0,0,0,0,0,0,0,0,0,0,0,0,0,0,0,0,0,0,0,0,0,0,0,0,0,0,0,0,0,0,0,0,0,0,0,0,0,0,0,3194,2992,2722,2783,2743,2655,0,0,0,0,0,0,0,0,0,0,0,0
PUMA S3,1020,584,2840,2463,2709,2713,2484,2454,2640,2371,2118,2257,2641,2646,0,0,0,0,0,0,0,0,0,0,0,0,0,0,0,0,0,0,0,0,0,0,0,0,0,0,0,0,0,0,0,0,0,0,0,0,0,0,0,0,0,0,0,0,0,0,0,0,0,0,0,0,0,0,0,0,0,0,0,0,0,0,0,0,0,0,3093,2879,2638,2707,2663,2574,0,0,0,0,0,0,0,0,0,0,0,0
PUMA S3,1020,585,2749,2370,2607,2601,2344,2342,2546,2290,2048,2171,2550,2536,0,0,0,0,0,0,0,0,0,0,0,0,0,0,0,0,0,0,0,0,0,0,0,0,0,0,0,0,0,0,0,0,0,0,0,0,0,0,0,0,0,0,0,0,0,0,0,0,0,0,0,0,0,0,0,0,0,0,0,0,0,0,0,0,0,0,2975,2779,2538,2582,2554,2468,0,0,0,0,0,0,0,0,0,0,0,0
PUMA S3,1020,586,2646,2312,2518,2507,2311,2268,2453,2208,1986,2105,2480,2455,0,0,0,0,0,0,0,0,0,0,0,0,0,0,0,0,0,0,0,0,0,0,0,0,0,0,0,0,0,0,0,0,0,0,0,0,0,0,0,0,0,0,0,0,0,0,0,0,0,0,0,0,0,0,0,0,0,0,0,0,0,0,0,0,0,0,2894,2696,2455,2494,2488,2389,0,0,0,0,0,0,0,0,0,0,0,0
PUMA S3,1020,587,2549,2196,2400,2424,2195,2190,2351,2109,1894,2018,2374,2348,0,0,0,0,0,0,0,0,0,0,0,0,0,0,0,0,0,0,0,0,0,0,0,0,0,0,0,0,0,0,0,0,0,0,0,0,0,0,0,0,0,0,0,0,0,0,0,0,0,0,0,0,0,0,0,0,0,0,0,0,0,0,0,0,0,0,2746,2584,2355,2390,2368,2285,0,0,0,0,0,0,0,0,0,0,0,0
PUMA S3,1020,588,2456,2140,2316,2344,2128,2084,2282,2045,1853,1961,2315,2292,0,0,0,0,0,0,0,0,0,0,0,0,0,0,0,0,0,0,0,0,0,0,0,0,0,0,0,0,0,0,0,0,0,0,0,0,0,0,0,0,0,0,0,0,0,0,0,0,0,0,0,0,0,0,0,0,0,0,0,0,0,0,0,0,0,0,2665,2495,2282,2336,2289,2213,0,0,0,0,0,0,0,0,0,0,0,0
PUMA S3,1020,589,2378,2073,2279,2271,2067,2055,2217,1989,1797,1903,2262,2237,0,0,0,0,0,0,0,0,0,0,0,0,0,0,0,0,0,0,0,0,0,0,0,0,0,0,0,0,0,0,0,0,0,0,0,0,0,0,0,0,0,0,0,0,0,0,0,0,0,0,0,0,0,0,0,0,0,0,0,0,0,0,0,0,0,0,2585,2421,2209,2274,2219,2146,0,0,0,0,0,0,0,0,0,0,0,0
PUMA S3,1020,590,2311,2009,2197,2190,2022,1979,2173,1942,1730,1844,2177,2138,0,0,0,0,0,0,0,0,0,0,0,0,0,0,0,0,0,0,0,0,0,0,0,0,0,0,0,0,0,0,0,0,0,0,0,0,0,0,0,0,0,0,0,0,0,0,0,0,0,0,0,0,0,0,0,0,0,0,0,0,0,0,0,0,0,0,2534,2350,2142,2194,2162,2086,0,0,0,0,0,0,0,0,0,0,0,0
PUMA S3,1020,591,2237,1967,2130,2147,1946,1931,2046,1883,1691,1790,2135,2101,0,0,0,0,0,0,0,0,0,0,0,0,0,0,0,0,0,0,0,0,0,0,0,0,0,0,0,0,0,0,0,0,0,0,0,0,0,0,0,0,0,0,0,0,0,0,0,0,0,0,0,0,0,0,0,0,0,0,0,0,0,0,0,0,0,0,2432,2279,2072,2108,2099,2029,0,0,0,0,0,0,0,0,0,0,0,0
PUMA S3,1020,592,2176,1880,2055,2048,1895,1881,2036,1842,1622,1733,2052,2024,0,0,0,0,0,0,0,0,0,0,0,0,0,0,0,0,0,0,0,0,0,0,0,0,0,0,0,0,0,0,0,0,0,0,0,0,0,0,0,0,0,0,0,0,0,0,0,0,0,0,0,0,0,0,0,0,0,0,0,0,0,0,0,0,0,0,2357,2227,2012,2052,2050,1954,0,0,0,0,0,0,0,0,0,0,0,0
PUMA S3,1020,593,2111,1865,2031,2021,1829,1827,1968,1785,1581,1702,2014,1984,0,0,0,0,0,0,0,0,0,0,0,0,0,0,0,0,0,0,0,0,0,0,0,0,0,0,0,0,0,0,0,0,0,0,0,0,0,0,0,0,0,0,0,0,0,0,0,0,0,0,0,0,0,0,0,0,0,0,0,0,0,0,0,0,0,0,2317,2157,1981,2015,1987,1926,0,0,0,0,0,0,0,0,0,0,0,0
PUMA S3,1020,594,2042,1784,1964,1955,1766,1768,1906,1717,1545,1620,1914,1902,0,0,0,0,0,0,0,0,0,0,0,0,0,0,0,0,0,0,0,0,0,0,0,0,0,0,0,0,0,0,0,0,0,0,0,0,0,0,0,0,0,0,0,0,0,0,0,0,0,0,0,0,0,0,0,0,0,0,0,0,0,0,0,0,0,0,2239,2096,1900,1941,1897,1839,0,0,0,0,0,0,0,0,0,0,0,0
PUMA S3,1020,595,2011,1716,1887,1902,1726,1708,1859,1648,1501,1590,1889,1875,0,0,0,0,0,0,0,0,0,0,0,0,0,0,0,0,0,0,0,0,0,0,0,0,0,0,0,0,0,0,0,0,0,0,0,0,0,0,0,0,0,0,0,0,0,0,0,0,0,0,0,0,0,0,0,0,0,0,0,0,0,0,0,0,0,0,2152,2009,1839,1875,1859,1794,0,0,0,0,0,0,0,0,0,0,0,0
PUMA S3,1020,596,1924,1676,1850,1824,1678,1676,1772,1614,1458,1547,1824,1808,0,0,0,0,0,0,0,0,0,0,0,0,0,0,0,0,0,0,0,0,0,0,0,0,0,0,0,0,0,0,0,0,0,0,0,0,0,0,0,0,0,0,0,0,0,0,0,0,0,0,0,0,0,0,0,0,0,0,0,0,0,0,0,0,0,0,2100,1975,1777,1824,1819,1734,0,0,0,0,0,0,0,0,0,0,0,0
PUMA S3,1020,597,1869,1631,1783,1776,1613,1625,1732,1581,1429,1493,1778,1741,0,0,0,0,0,0,0,0,0,0,0,0,0,0,0,0,0,0,0,0,0,0,0,0,0,0,0,0,0,0,0,0,0,0,0,0,0,0,0,0,0,0,0,0,0,0,0,0,0,0,0,0,0,0,0,0,0,0,0,0,0,0,0,0,0,0,2042,1902,1734,1778,1752,1701,0,0,0,0,0,0,0,0,0,0,0,0
PUMA S3,1020,598,1811,1592,1717,1735,1560,1560,1678,1514,1373,1455,1717,1676,0,0,0,0,0,0,0,0,0,0,0,0,0,0,0,0,0,0,0,0,0,0,0,0,0,0,0,0,0,0,0,0,0,0,0,0,0,0,0,0,0,0,0,0,0,0,0,0,0,0,0,0,0,0,0,0,0,0,0,0,0,0,0,0,0,0,1965,1865,1659,1709,1696,1651,0,0,0,0,0,0,0,0,0,0,0,0
PUMA S3,1020,599,1740,1499,1659,1650,1507,1490,1603,1456,1315,1381,1639,1612,0,0,0,0,0,0,0,0,0,0,0,0,0,0,0,0,0,0,0,0,0,0,0,0,0,0,0,0,0,0,0,0,0,0,0,0,0,0,0,0,0,0,0,0,0,0,0,0,0,0,0,0,0,0,0,0,0,0,0,0,0,0,0,0,0,0,1872,1755,1605,1650,1612,1543,0,0,0,0,0,0,0,0,0,0,0,0
PUMA S3,1020,600,1687,1470,1626,1604,1470,1455,1571,1407,1278,1345,1592,1581,0,0,0,0,0,0,0,0,0,0,0,0,0,0,0,0,0,0,0,0,0,0,0,0,0,0,0,0,0,0,0,0,0,0,0,0,0,0,0,0,0,0,0,0,0,0,0,0,0,0,0,0,0,0,0,0,0,0,0,0,0,0,0,0,0,0,1824,1712,1560,1598,1583,1525,0,0,0,0,0,0,0,0,0,0,0,0
